"pedido_codigo","pedido_id","data_hora","origem","situacao","situacao_descricao","valor_total_pedido","rastreio_id","produto_id","produto_nome","produto_titulo","codigo_pai","derivacao_id","derivacao_codigo","derivacao_nome","categoria_id","categoria","quantidade","valor_unitario","valor_desconto","valor_item","valor_frete","link_produto"
"0012407945457","3766","2024-07-01 15:00:27-03","3","8","Entregue","0","3766","336","Colar Elos Cabana","Colar Elos Cabana","002COLARELOS","1654","002COLARELOS1","Modelo1","29","Semi-Jóias","1","127.7","6.38","121.32","0","colar-elos-cabana-modelo1"
"0012407242207","3767","2024-07-02 10:47:10-03","1","2","Cancelado","135.29","3767","476","Regata Feminina Neblina","Regata Feminina Neblina","1694","2412","1694-P","P","39","Outlet","1","127.7","6.38","121.32","13.97","regata-feminina-neblina"
"0012407411948","3768","2024-07-02 10:55:30-03","1","2","Cancelado","641.64","3768","576","Jaqueta Feminina Maxi Ônix","Jaqueta Feminina Max Ônix","1780","2926","1780M","M","46","Mais Vendidos","1","317.7","15.88","301.82","0","jaqueta-feminina-max-onix"
"0012407411948","3768","2024-07-02 10:55:30-03","1","2","Cancelado","641.64","3768","694","Jaqueta Feminina Bomber Angélica","Jaqueta Feminina Bomber Angélica","1878","3596","1878P","P","39","Outlet","1","357.7","17.88","339.82","0","jaqueta-feminina-bomber-angelica"
"0012407338777","3769","2024-07-02 12:50:58-03","3","8","Entregue","322.01","3769","576","Jaqueta Feminina Maxi Ônix","Jaqueta Feminina Max Ônix","1780","2927","1780G","G","46","Mais Vendidos","1","317.7","16.69","301.01","21","jaqueta-feminina-max-onix"
"0012407792734","3770","2024-07-02 14:49:38-03","3","8","Entregue","0","3770","576","Jaqueta Feminina Maxi Ônix","Jaqueta Feminina Max Ônix","1780","2925","1780P","P","46","Mais Vendidos","1","317.7","317.7","0","0","jaqueta-feminina-max-onix"
"0012407792734","3770","2024-07-02 14:49:38-03","3","8","Entregue","0","3770","301","Poncho Feminino Camila","Poncho Feminino Camila","1546","1473","1546UNICO","Único","39","Outlet","1","199.9","119.97","79.93","0","poncho-feminino-camila"
"0012407565990","3771","2024-07-02 15:33:06-03","3","8","Entregue","0","3771","693","Jaqueta Feminina Bomber Flavia","Jaqueta Feminina Bomber Flavia","1881","3594","1881GG","GG","13","Jaqueta","1","377.7","113.31","264.39","0","jaqueta-feminina-bomber-flavia"
"0012407691329","3772","2024-07-03 15:21:00-03","3","8","Entregue","0","3772","729","Calça Feminina Boot Cut Paty","Calça Feminina Boot Cut Paty","1914","3794","191440","40","8","Calça","1","257.7","0","257.7","0","calca-feminina-boot-cut-paty"
"0012407691329","3772","2024-07-03 15:21:00-03","3","8","Entregue","0","3772","158","Calça Jeans Feminina Boot Cut Cabana","Calça Jeans Feminina Boot Cut Cabana","1186","605","118640","40","46","Mais Vendidos","1","237.7","0","237.7","0","calca-jeans-feminina-boot-cut-cabana"
"0012407245425","3773","2024-07-04 10:40:52-03","3","8","Entregue","223.05","3773","292","Calça Feminina Montaria Alice","Calça Feminina Montaria Alice","1537","1407","1537P","P","46","Mais Vendidos","1","209.9","10.49","199.41","23.64","calca-feminina-montaria-alice"
"0012407670055","3774","2024-07-05 12:27:49-03","1","8","Entregue","199.41","3774","292","Calça Feminina Montaria Alice","Calça Feminina Montaria Alice","1537","1409","1537G","G","46","Mais Vendidos","1","209.9","10.49","199.41","0","calca-feminina-montaria-alice"
"0012407929660","3775","2024-07-05 16:48:27-03","1","8","Entregue","347.7","3775","708","Vestido Feminino Gabriella","Vestido Feminino Gabriella","1900","3683","1900G","G","20","Vestido","1","347.7","0","347.7","0","vestido-feminino-gabriella"
"0012407184375","3776","2024-07-06 18:16:16-03","1","8","Entregue","317.7","3776","576","Jaqueta Feminina Maxi Ônix","Jaqueta Feminina Max Ônix","1780","2926","1780M","M","46","Mais Vendidos","1","317.7","0","317.7","0","jaqueta-feminina-max-onix"
"0012407980960","3777","2024-07-07 17:30:44-03","1","8","Entregue","141.93","3777","640","Blusa Feminina Corsel","Blusa Feminina Corsel","1831","3278","1831P","P","3","Blusas","1","157.7","15.77","141.93","0","blusa-feminina-corsel"
"0012407097186","3778","2024-07-07 23:39:03-03","1","2","Cancelado","254.32","3778","531","Chemise Feminina Bridão","Chemise Feminina Bridão","1752","2667","1752M","M","46","Mais Vendidos","1","267.7","13.38","254.32","0","chemise-feminina-bridao"
"0012407996996","3779","2024-07-08 11:16:24-03","1","8","Entregue","286.3","3779","531","Chemise Feminina Bridão","Chemise Feminina Bridão","1752","2667","1752M","M","46","Mais Vendidos","1","267.7","13.38","254.32","31.98","chemise-feminina-bridao"
"0012407887412","3780","2024-07-08 11:18:16-03","3","8","Entregue","250.9","3780","531","Chemise Feminina Bridão","Chemise Feminina Bridão","1752","2667","1752M","M","46","Mais Vendidos","1","267.7","16.8","250.9","0","chemise-feminina-bridao"
"0012407442316","3781","2024-07-08 13:52:23-03","3","8","Entregue","199.4","3781","292","Calça Feminina Montaria Alice","Calça Feminina Montaria Alice","1537","1409","1537G","G","46","Mais Vendidos","1","209.9","10.5","199.4","0","calca-feminina-montaria-alice"
"0012407937476","3782","2024-07-09 08:58:55-03","1","8","Entregue","247.7","3782","244","Camisete Feminina Gateado","Camisete Feminina Gateado","1498","1246","1498G","G","46","Mais Vendidos","1","247.7","0","247.7","0","camisete-feminina-gateado"
"0012407928523","3783","2024-07-09 12:07:54-03","1","2","Cancelado","508.63","3783","529","Chemise Frísio","Chemise Frísio","1744","2655","1744M","M","16","Camisete","2","267.7","26.77","508.63","0","chemise-frisio"
"0012407241491","3784","2024-07-09 12:51:30-03","3","8","Entregue","508.64","3784","529","Chemise Frísio","Chemise Frísio","1744","2655","1744M","M","16","Camisete","1","267.7","13.38","254.32","0","chemise-frisio"
"0012407241491","3784","2024-07-09 12:51:30-03","3","8","Entregue","508.64","3784","378","Chemise Feminina Valente","Chemise Feminino Valente","1604","1920","1604G","G","16","Camisete","1","267.7","13.38","254.32","0","chemise-feminina-valente"
"0012407907123","3785","2024-07-09 13:52:28-03","3","8","Entregue","219.9","3785","664","Regata Feminina Eloise","Regata Feminina Eloise","1855","3427","1855M","M","39","Outlet","1","89.9","0","89.9","0","regata-feminina-eloise"
"0012407907123","3785","2024-07-09 13:52:28-03","3","8","Entregue","219.9","3785","721","Jaqueta Feminina Cropped Channel","Jaqueta Feminina Cropped Channel","1910","3745","1910M","M","13","Jaqueta","1","297.7","167.7","130","0","jaqueta-feminina-cropped-channel"
"0012407907123","3785","2024-07-09 13:52:28-03","3","8","Entregue","219.9","3785","695","Body Gabriella","Body Gabriella","1868","3626","1868G","G","11","Body","1","187.7","187.7","0","0","body-gabriella"
"0012407907123","3785","2024-07-09 13:52:28-03","3","8","Entregue","219.9","3785","701","Colete Feminino Mustang","Colete Feminino Mustang","1894","3633","1894P","P","39","Outlet","1","247.7","247.7","0","0","colete-feminino-mustang"
"0012407009370","3786","2024-07-09 14:28:11-03","1","2","Cancelado","151.91","3786","537","Poncho Vichy","Poncho Vichy","1758","2696","1758UNICO","Único","19","Poncho","1","159.9","7.99","151.91","0","poncho-vichy"
"0012407434718","3787","2024-07-09 16:00:28-03","1","8","Entregue","434.45","3787","349","Blusa Flor do Campo","Blusa Flor do Campo","1585","1728","1585M","M","39","Outlet","1","64.95","6.5","58.45","5.49","blusa-flor-do-campo"
"0012407434718","3787","2024-07-09 16:00:28-03","1","8","Entregue","434.45","3787","441","Colar Touro","Colar Touro","004COLARCAVALO","2245","004COLARTOURO2","Modelo2","31","Colar","1","127.7","12.77","114.93","10.8","colar-touro-modelo2"
"0012407434718","3787","2024-07-09 16:00:28-03","1","8","Entregue","434.45","3787","604","Regata Feminina Amália","Regata Feminina Amália","1802","3090","1802P","P","39","Outlet","1","79.9","7.99","71.91","6.75","regata-feminina-amalia"
"0012407434718","3787","2024-07-09 16:00:28-03","1","8","Entregue","434.45","3787","351","Regata Feminina Amanhecer","Regata Feminina Amanhecer","1580","1739","1580G","G","1","Feminino","1","89.9","8.99","80.91","7.59","regata-feminina-amanhecer"
"0012407434718","3787","2024-07-09 16:00:28-03","1","8","Entregue","434.45","3787","459","Cropped Analú","Cropped Analú","1665","2331","1665P","P","39","Outlet","1","78.85","7.89","70.96","6.66","cropped-analu"
"0012407570815","3788","2024-07-10 17:21:15-03","3","8","Entregue","254.32","3788","531","Chemise Feminina Bridão","Chemise Feminina Bridão","1752","2667","1752M","M","46","Mais Vendidos","1","267.7","13.38","254.32","0","chemise-feminina-bridao"
"0012407092136","3789","2024-07-11 13:04:48-03","3","8","Entregue","526.86","3789","698","Calça Feminina Boot Cut Amazona","Calça Feminina Boot Cut Amazona","1892","3612","189238","38","8","Calça","1","287.7","28.77","258.93","0","calca-feminina-boot-cut-amazona"
"0012407092136","3789","2024-07-11 13:04:48-03","3","8","Entregue","526.86","3789","408","Camisa Feminina Amazona","Camisa Feminina Amazona","1636","2084","1636P","P","16","Camisete","1","297.7","29.77","267.93","0","camisa-feminina-feminina-amazona"
"0012407490365","3790","2024-07-11 14:31:21-03","3","8","Entregue","254.32","3790","531","Chemise Feminina Bridão","Chemise Feminina Bridão","1752","2666","1752P","P","46","Mais Vendidos","1","267.7","13.38","254.32","0","chemise-feminina-bridao"
"0012407822235","3791","2024-07-12 15:05:55-03","3","8","Entregue","0","3791","693","Jaqueta Feminina Bomber Flavia","Jaqueta Feminina Bomber Flavia","1881","3594","1881GG","GG","13","Jaqueta","1","377.7","18.89","358.81","0","jaqueta-feminina-bomber-flavia"
"0012407578403","3792","2024-07-14 11:08:05-03","1","7","Transporte","244.82","3792","729","Calça Feminina Boot Cut Paty","Calça Feminina Boot Cut Paty","1914","3795","191438","38","8","Calça","1","257.7","12.88","244.82","0","calca-feminina-boot-cut-paty"
"0012407030452","3793","2024-07-15 13:26:53-03","1","2","Cancelado","187.7","3793","682","Body Feminino Amanda","Body Feminino Amanda","1872","3533","1872P","P","11","Body","1","187.7","0","187.7","0","body-feminino-amanda"
"0012407439272","3794","2024-07-15 13:27:35-03","1","2","Cancelado","187.7","3794","682","Body Feminino Amanda","Body Feminino Amanda","1872","3533","1872P","P","11","Body","1","187.7","0","187.7","0","body-feminino-amanda"
"0012407574800","3795","2024-07-15 15:07:04-03","1","8","Entregue","178.32","3795","695","Body Gabriella","Body Gabriella","1868","3625","1868M","M","11","Body","1","187.7","9.38","178.32","0","body-gabriella"
"0012407078311","3796","2024-07-15 16:36:44-03","1","7","Transporte","515.4","3796","531","Chemise Feminina Bridão","Chemise Feminina Bridão","1752","2668","1752G","G","46","Mais Vendidos","1","267.7","0","267.7","0","chemise-feminina-bridao"
"0012407078311","3796","2024-07-15 16:36:44-03","1","7","Transporte","515.4","3796","244","Camisete Feminina Gateado","Camisete Feminina Gateado","1498","1246","1498G","G","46","Mais Vendidos","1","247.7","0","247.7","0","camisete-feminina-gateado"
"0012407568137","3797","2024-07-16 16:22:43-03","3","8","Entregue","0","3797","531","Chemise Feminina Bridão","Chemise Feminina Bridão","1752","2666","1752P","P","46","Mais Vendidos","1","267.7","0","267.7","0","chemise-feminina-bridao"
"0012407929435","3798","2024-07-16 19:33:38-03","1","8","Entregue","783.1","3798","723","Moletom Feminino Helena","Moletom Feminino Helena","1901","3763","1901GG","GG","39","Outlet","1","247.7","0","247.7","0","moletom-feminino-helena"
"0012407929435","3798","2024-07-16 19:33:38-03","1","8","Entregue","783.1","3798","615","Chemise Channel","Chemise Channel","1809","3152","1809GG","GG","39","Outlet","1","267.7","0","267.7","0","chemise-channel"
"0012407929435","3798","2024-07-16 19:33:38-03","1","8","Entregue","783.1","3798","531","Chemise Feminina Bridão","Chemise Feminina Bridão","1752","2669","1752GG","GG","46","Mais Vendidos","1","267.7","0","267.7","0","chemise-feminina-bridao"
"0012407596806","3799","2024-07-17 09:10:10-03","3","8","Entregue","0","3799","460","Camisete Spirit","Camisete Spirit","1666","2336","1666P","P","39","Outlet","1","167.7","0","167.7","0","camisete-nova"
"0012407523643","3800","2024-07-18 07:07:13-03","1","7","Transporte","254.32","3800","531","Chemise Feminina Bridão","Chemise Feminina Bridão","1752","2669","1752GG","GG","46","Mais Vendidos","1","267.7","13.38","254.32","0","chemise-feminina-bridao"
"0012407973797","3801","2024-07-18 14:16:47-03","1","8","Entregue","254.32","3801","531","Chemise Feminina Bridão","Chemise Feminina Bridão","1752","2666","1752P","P","46","Mais Vendidos","1","267.7","13.38","254.32","0","chemise-feminina-bridao"
"0012407818916","3802","2024-07-18 16:04:05-03","3","8","Entregue","0","3802","298","Camisete Feminina El Paso","Camisete Feminino El Paso","1166","1437","1166M","M","16","Camisete","1","247.7","24.77","222.93","0","camisete-feminina-el-paso"
"0012407818916","3802","2024-07-18 16:04:05-03","3","8","Entregue","0","3802","698","Calça Feminina Boot Cut Amazona","Calça Feminina Boot Cut Amazona","1892","3614","189242","42","8","Calça","1","287.7","28.77","258.93","0","calca-feminina-boot-cut-amazona"
"0012407608891","3803","2024-07-19 11:37:23-03","3","8","Entregue","1770.64","3803","531","Chemise Feminina Bridão","Chemise Feminina Bridão","1752","2668","1752G","G","46","Mais Vendidos","1","267.7","13.38","254.32","0","chemise-feminina-bridao"
"0012407608891","3803","2024-07-19 11:37:23-03","3","8","Entregue","1770.64","3803","693","Jaqueta Feminina Bomber Flavia","Jaqueta Feminina Bomber Flavia","1881","3593","1881G","G","13","Jaqueta","1","377.7","18.89","358.81","0","jaqueta-feminina-bomber-flavia"
"0012407608891","3803","2024-07-19 11:37:23-03","3","8","Entregue","1770.64","3803","168","Calça Jeans Feminina Boot Cut Morgan ","Calça Jeans Feminina Boot Cut Morgan ","1260","677","126042","42","8","Calça","1","237.7","11.88","225.82","0","calca-jeans-feminina-boot-cut-morgan"
"0012407608891","3803","2024-07-19 11:37:23-03","3","8","Entregue","1770.64","3803","727","Calça Feminina Pezinho Rebeca","Calça Feminina Pezinho Rebeca","1912","3783","1912G","G","39","Outlet","1","167.7","8.38","159.32","0","calca-feminina-pezinho-rebeca"
"0012407608891","3803","2024-07-19 11:37:23-03","3","8","Entregue","1770.64","3803","685","Body Feminino Daniele","Body Feminino Daniele","1882","3551","1882GG","GG","11","Body","1","197.7","9.88","187.82","0","body-feminino-daniele"
"0012407608891","3803","2024-07-19 11:37:23-03","3","8","Entregue","1770.64","3803","602","Blusa Feminina Relíquia","Blusa Feminina Relíquia","1800","3082","1800G","G","48","Verão 2024","1","147.7","7.38","140.32","0","blusa-feminina-reliquia"
"0012407608891","3803","2024-07-19 11:37:23-03","3","8","Entregue","1770.64","3803","707","Bombacha Feminina Grazi","Bombacha Feminina Grazi","1898","3678","189842","42","8","Calça","1","297.7","14.88","282.82","0","bombacha-feminina-grazi"
"0012407608891","3803","2024-07-19 11:37:23-03","3","8","Entregue","1770.64","3803","680","Colete Feminino Cabana Grazi","Colete Feminino Cabana Grazi","1880","3526","1880GG","GG","45","Lançamentos","1","169.9","8.49","161.41","0","colete-feminino-cabana-grazi"
"0012407714823","3804","2024-07-19 11:59:42-03","3","8","Entregue","400","3804","680","Colete Feminino Cabana Grazi","Colete Feminino Cabana Grazi","1880","3526","1880GG","GG","45","Lançamentos","1","169.9","24.58","145.32","0","colete-feminino-cabana-grazi"
"0012407714823","3804","2024-07-19 11:59:42-03","3","8","Entregue","400","3804","707","Bombacha Feminina Grazi","Bombacha Feminina Grazi","1898","3679","189844","44","8","Calça","1","297.7","43.02","254.68","0","bombacha-feminina-grazi"
"0012407716821","3805","2024-07-19 12:12:32-03","3","8","Entregue","0","3805","680","Colete Feminino Cabana Grazi","Colete Feminino Cabana Grazi","1880","3525","1880G","G","45","Lançamentos","1","169.9","17.83","152.07","0","colete-feminino-cabana-grazi"
"0012407716821","3805","2024-07-19 12:12:32-03","3","8","Entregue","0","3805","707","Bombacha Feminina Grazi","Bombacha Feminina Grazi","1898","3678","189842","42","8","Calça","1","297.7","29.77","267.93","0","bombacha-feminina-grazi"
"0012407062497","3806","2024-07-21 12:59:00-03","1","8","Entregue","105.38","3806","524","Body Texano","Body Texano","1759","2638","1759GG","GG","39","Outlet","1","99.9","4.99","94.91","10.47","body-texano"
"0012407282694","3807","2024-07-22 13:55:05-03","3","8","Entregue","350","3807","693","Jaqueta Feminina Bomber Flavia","Jaqueta Feminina Bomber Flavia","1881","3592","1881M","M","13","Jaqueta","1","377.7","27.7","350","0","jaqueta-feminina-bomber-flavia"
"0012407189959","3808","2024-07-22 14:15:33-03","1","7","Transporte","467.6","3808","707","Bombacha Feminina Grazi","Bombacha Feminina Grazi","1898","3676","189838","38","8","Calça","1","297.7","0","297.7","0","bombacha-feminina-grazi"
"0012407189959","3808","2024-07-22 14:15:33-03","1","7","Transporte","467.6","3808","680","Colete Feminino Cabana Grazi","Colete Feminino Cabana Grazi","1880","3524","1880M","M","45","Lançamentos","1","169.9","0","169.9","0","colete-feminino-cabana-grazi"
"0012407101294","3809","2024-07-23 11:01:27-03","1","8","Entregue","333.98","3809","531","Chemise Feminina Bridão","Chemise Feminina Bridão","1752","2668","1752G","G","46","Mais Vendidos","1","267.7","13.38","254.32","0","chemise-feminina-bridao"
"0012407101294","3809","2024-07-23 11:01:27-03","1","8","Entregue","333.98","3809","291","Moletom Vamos laçar","Moletom Vamos laçar","1544","1404","1544G","G","12","Moletom","1","83.85","4.19","79.66","0","moletom-vamos-lacar"
"0012407373705","3810","2024-07-23 21:28:32-03","1","7","Transporte","237.73","3810","158","Calça Jeans Feminina Boot Cut Cabana","Calça Jeans Feminina Boot Cut Cabana","1186","604","118638","38","46","Mais Vendidos","1","237.7","23.77","213.93","23.8","calca-jeans-feminina-boot-cut-cabana"
"0012407571283","3811","2024-07-24 08:40:27-03","3","7","Transporte","254.32","3811","531","Chemise Feminina Bridão","Chemise Feminina Bridão","1752","2668","1752G","G","46","Mais Vendidos","1","267.7","13.38","254.32","0","chemise-feminina-bridao"
"0012407274908","3812","2024-07-24 12:20:54-03","1","7","Transporte","249.84","3812","402","Calça Jeans Skinny Feminina Pompeu ","Calça Jeans Skinny Feminina Pompeu ","1528","2047","152836","36","39","Outlet","1","137.7","13.77","123.93","0","calca-jeans-skinny-feminina-pompeu"
"0012407274908","3812","2024-07-24 12:20:54-03","1","7","Transporte","249.84","3812","498","Calça Texana","Calça Texana","1703","2515","170334","34","39","Outlet","1","139.9","13.99","125.91","0","calca-texana"
"0012407903677","3813","2024-07-24 13:43:05-03","3","8","Entregue","210","3813","158","Calça Jeans Feminina Boot Cut Cabana","Calça Jeans Feminina Boot Cut Cabana","1186","605","118640","40","46","Mais Vendidos","1","237.7","27.7","210","0","calca-jeans-feminina-boot-cut-cabana"
"0012407868092","3814","2024-07-25 08:15:50-03","3","8","Entregue","0","3814","158","Calça Jeans Feminina Boot Cut Cabana","Calça Jeans Feminina Boot Cut Cabana","1186","603","118636","36","46","Mais Vendidos","1","237.7","0","237.7","24.1","calca-jeans-feminina-boot-cut-cabana"
"0012407411775","3815","2024-07-25 14:52:48-03","3","7","Transporte","0","3815","531","Chemise Feminina Bridão","Chemise Feminina Bridão","1752","2667","1752M","M","46","Mais Vendidos","1","267.7","13.38","254.32","0","chemise-feminina-bridao"
"0012407129448","3816","2024-07-25 14:58:44-03","1","8","Entregue","1472","3816","514","Camisete Feminina Luna Equestre","Camisete Luna Equestre","1745","2631","1745P","P","39","Outlet","1","287.7","14.38","273.32","9.73","camisete-feminina-luna-equestre"
"0012407129448","3816","2024-07-25 14:58:44-03","1","8","Entregue","1472","3816","297","Camisete Realeza","Camisete Realeza","1524","1431","1524P","P","16","Camisete","1","247.7","12.38","235.32","8.38","camisete-realeza"
"0012407129448","3816","2024-07-25 14:58:44-03","1","8","Entregue","1472","3816","244","Camisete Feminina Gateado","Camisete Feminina Gateado","1498","1244","1498P","P","46","Mais Vendidos","1","247.7","12.38","235.32","8.38","camisete-feminina-gateado"
"0012407129448","3816","2024-07-25 14:58:44-03","1","8","Entregue","1472","3816","139","Camisete Feminino  Potros","Camisete Feminina Potros","1466","509","1466P","P","16","Camisete","1","247.7","12.38","235.32","8.37","camisete-feminina-potros"
"0012407129448","3816","2024-07-25 14:58:44-03","1","8","Entregue","1472","3816","583","Colete Feminino Fronteira","Colete Feminino Fronteira","1721","3012","1721PRETOM","Preto - M","39","Outlet","1","167.7","8.38","159.32","5.66","colete-feminina-fronteira"
"0012407129448","3816","2024-07-25 14:58:44-03","1","8","Entregue","1472","3816","429","Bombacha Feminina Fronteira","Bombacha Feminina Fronteira","1634","2203","163440","40","8","Calça","1","297.7","14.88","282.82","10.06","bombacha-feminina-fronteira"
"0012407589356","3817","2024-07-25 20:22:03-03","1","2","Cancelado","225.82","3817","158","Calça Jeans Feminina Boot Cut Cabana","Calça Jeans Feminina Boot Cut Cabana","1186","606","118642","42","46","Mais Vendidos","1","237.7","11.88","225.82","0","calca-jeans-feminina-boot-cut-cabana"
"0012407443739","3818","2024-07-25 20:28:42-03","1","2","Cancelado","225.82","3818","158","Calça Jeans Feminina Boot Cut Cabana","Calça Jeans Feminina Boot Cut Cabana","1186","606","118642","42","46","Mais Vendidos","1","237.7","11.88","225.82","0","calca-jeans-feminina-boot-cut-cabana"
"0012407952320","3819","2024-07-25 20:33:48-03","1","7","Transporte","225.82","3819","158","Calça Jeans Feminina Boot Cut Cabana","Calça Jeans Feminina Boot Cut Cabana","1186","606","118642","42","46","Mais Vendidos","1","237.7","11.88","225.82","0","calca-jeans-feminina-boot-cut-cabana"
"0012407642008","3820","2024-07-26 09:24:14-03","3","7","Transporte","254.32","3820","531","Chemise Feminina Bridão","Chemise Feminina Bridão","1752","2667","1752M","M","46","Mais Vendidos","1","267.7","13.38","254.32","0","chemise-feminina-bridao"
"0012407328535","3821","2024-07-26 11:23:56-03","3","7","Transporte","0","3821","707","Bombacha Feminina Grazi","Bombacha Feminina Grazi","1898","3678","189842","42","8","Calça","1","297.7","0","297.7","0","bombacha-feminina-grazi"
"0012407481040","3822","2024-07-26 14:03:02-03","3","7","Transporte","265.48","3822","588","Calça Jeans Feminina Nobreza Cabana","Calça Jeans Feminina Nobreza Cabana","1808","3019","180840","40","8","Calça","1","257.7","12.88","244.82","20.66","calca-jeans-feminina-nobreza-cabana"
"0012407143832","3823","2024-07-26 14:17:51-03","1","8","Entregue","243.65","3823","604","Regata Feminina Amália","Regata Feminina Amália","1802","3092","1802G","G","39","Outlet","1","79.9","0","79.9","0","regata-feminina-amalia"
"0012407143832","3823","2024-07-26 14:17:51-03","1","8","Entregue","243.65","3823","492","Cropped Feminino Equus","Cropped Feminino Equus","1690","2495","1690G","G","39","Outlet","1","73.85","0","73.85","0","cropped-feminino-equus"
"0012407143832","3823","2024-07-26 14:17:51-03","1","8","Entregue","243.65","3823","351","Regata Feminina Amanhecer","Regata Feminina Amanhecer","1580","1739","1580G","G","1","Feminino","1","89.9","0","89.9","0","regata-feminina-amanhecer"
"0012407818011","3824","2024-07-26 16:39:34-03","3","8","Entregue","0","3824","292","Calça Feminina Montaria Alice","Calça Feminina Montaria Alice","1537","1407","1537P","P","46","Mais Vendidos","1","209.9","10.49","199.41","23.64","calca-feminina-montaria-alice"
"0012407604727","3825","2024-07-27 11:19:07-03","1","7","Transporte","92.14","3825","661","Regata Feminina Chaienne","Regata Feminina Chaienne","1851","3413","1851G","G","39","Outlet","1","79.9","3.99","75.91","16.23","regata-feminina-chaienne"
"0012407926019","3826","2024-07-28 11:43:48-03","1","7","Transporte","237.7","3826","158","Calça Jeans Feminina Boot Cut Cabana","Calça Jeans Feminina Boot Cut Cabana","1186","604","118638","38","46","Mais Vendidos","1","237.7","0","237.7","0","calca-jeans-feminina-boot-cut-cabana"
"0012407406761","3827","2024-07-28 14:56:50-03","1","7","Transporte","267.7","3827","531","Chemise Feminina Bridão","Chemise Feminina Bridão","1752","2668","1752G","G","46","Mais Vendidos","1","267.7","0","267.7","0","chemise-feminina-bridao"
"0012407950533","3828","2024-07-28 21:02:16-03","1","7","Transporte","377.7","3828","693","Jaqueta Feminina Bomber Flavia","Jaqueta Feminina Bomber Flavia","1881","3593","1881G","G","13","Jaqueta","1","377.7","0","377.7","0","jaqueta-feminina-bomber-flavia"
"0012407560438","3829","2024-07-29 10:57:34-03","1","8","Entregue","535.86","3829","244","Camisete Feminina Gateado","Camisete Feminina Gateado","1498","1245","1498M","M","46","Mais Vendidos","1","247.7","24.77","222.93","0","camisete-feminina-gateado"
"0012407560438","3829","2024-07-29 10:57:34-03","1","8","Entregue","535.86","3829","438","Vestido Feminino Tropilha","Vestido Feminino Tropilha","1654","2235","1654M","M","46","Mais Vendidos","1","347.7","34.77","312.93","0","vestido-feminino-tropilha"
"0012407168534","3830","2024-07-29 14:21:11-03","3","8","Entregue","0","3830","588","Calça Jeans Feminina Nobreza Cabana","Calça Jeans Feminina Nobreza Cabana","1808","3020","180842","42","8","Calça","1","257.7","0","257.7","0","calca-jeans-feminina-nobreza-cabana"
"0012407954519","3831","2024-07-29 15:45:09-03","1","8","Entregue","114.88","3831","536","Vestido Melinda","Vestido Melinda","1762","2694","1762GG","GG","39","Outlet","1","99.9","0","99.9","14.98","vestido-melinda"
"0012407094789","3832","2024-07-30 10:18:58-03","3","8","Entregue","236","3832","297","Camisete Realeza","Camisete Realeza","1524","1431","1524P","P","16","Camisete","1","247.7","11.7","236","0","camisete-realeza"
"0012407338178","3833","2024-07-30 17:23:55-03","3","8","Entregue","0","3833","652","Camisete Feminina Cowgirl","Camisete Feminina Cowgirl","1843","3340","1843M","M","16","Camisete","1","247.7","0","247.7","0","camisete-feminina-cowgirl"
"0012407829224","3834","2024-07-31 15:33:47-03","3","8","Entregue","0","3834","583","Colete Feminino Fronteira","Colete Feminino Fronteira","1721","2966","1721MARROMG","Marrom - G","39","Outlet","1","137.7","13.77","123.93","0","colete-feminina-fronteira"
"0012407829224","3834","2024-07-31 15:33:47-03","3","8","Entregue","0","3834","675","Camisete Feminina Stella","Camisete Feminina Stella","1866","3504","1866G","G","16","Camisete","1","257.7","25.77","231.93","0","camisete-feminina-stella"
"0012408945457","3835","2024-08-01 07:04:27-03","1","8","Entregue","246.57","3835","292","Calça Feminina Montaria Alice","Calça Feminina Montaria Alice","1537","1408","1537M","M","46","Mais Vendidos","1","209.9","20.99","188.91","57.66","calca-feminina-montaria-alice"
"0012408242207","3836","2024-08-02 09:35:44-03","1","2","Cancelado","557.6","3836","531","Chemise Feminina Bridão","Chemise Feminina Bridão","1752","2667","1752M","M","46","Mais Vendidos","1","267.7","0","267.7","0","chemise-feminina-bridao"
"0012408242207","3836","2024-08-02 09:35:44-03","1","2","Cancelado","557.6","3836","726","Jaqueta Feminina Texas Hold","Jaqueta Feminina Texas Hold","1911","3779","1911M","M","13","Jaqueta","1","289.9","0","289.9","0","jaqueta-feminina-texas-hold"
"0012408411948","3837","2024-08-02 09:39:30-03","3","8","Entregue","276.25","3837","531","Chemise Feminina Bridão","Chemise Feminina Bridão","1752","2667","1752M","M","46","Mais Vendidos","1","267.7","13.38","254.32","21.93","chemise-feminina-bridao"
"0012408338777","3838","2024-08-03 16:47:24-03","1","8","Entregue","111.97","3838","334","Pulseira Feminina Laços","Pulseira Feminina Laços","001PULSEIRALACOS","1639","001PULSEIRALACOS1","Modelo1","30","Pulseira","1","99.9","4.99","94.91","17.06","pulseira-feminina-lacos"
"0012408792734","3839","2024-08-04 07:31:36-03","1","8","Entregue","151.87","3839","406","Conjunto Feminino  Corta Vento Maya","Conjunto Feminino Corta Vento Maya","1632","2075","1632LILASM","LILAS - M","39","Outlet","1","99.9","9.99","89.91","0","bomber-corta-vento-feminino-maya"
"0012408792734","3839","2024-08-04 07:31:36-03","1","8","Entregue","151.87","3839","481","T-Shirt Belo Retrato","T-Shirt Belo Retrato","1662","2434","1662MVERDE","Verde - M","39","Outlet","1","68.85","6.89","61.96","0","t-shirt-belo-retrato"
"0012408565990","3840","2024-08-05 09:04:55-03","1","8","Entregue","358.73","3840","297","Camisete Realeza","Camisete Realeza","1524","1434","1524GG","GG","16","Camisete","1","247.7","12.38","235.32","0","camisete-realeza"
"0012408565990","3840","2024-08-05 09:04:55-03","1","8","Entregue","358.73","3840","336","Colar Elos Cabana","Colar Elos Cabana","002COLARELOS","1654","002COLARELOS1","Modelo1","29","Semi-Jóias","1","129.9","6.49","123.41","0","colar-elos-cabana-modelo1"
"0012408691329","3841","2024-08-05 09:15:35-03","1","8","Entregue","257.7","3841","702","Calça Skinny Feminina Pampa","Calça Skinny Feminina Pampa","1903","3639","190336","36","8","Calça","1","257.7","0","257.7","0","calca-skinny-feminina-pampa"
"0012408245425","3842","2024-08-05 09:43:44-03","3","8","Entregue","310.82","3842","633","Corselet Rosana","Corselet Rosana","1835","3243","1835G","G","39","Outlet","1","197.7","10.13","187.57","0","corselet-feminino-rosana"
"0012408245425","3842","2024-08-05 09:43:44-03","3","8","Entregue","310.82","3842","336","Colar Elos Cabana","Colar Elos Cabana","002COLARELOS","1654","002COLARELOS1","Modelo1","29","Semi-Jóias","1","129.9","6.65","123.25","0","colar-elos-cabana-modelo1"
"0012408670055","3843","2024-08-05 16:20:23-03","3","8","Entregue","240","3843","729","Calça Feminina Boot Cut Paty","Calça Feminina Boot Cut Paty","1914","3796","191436","36","8","Calça","1","257.7","17.7","240","0","calca-feminina-boot-cut-paty"
"0012408929660","3844","2024-08-05 19:32:59-03","1","8","Entregue","178.32","3844","677","Body Feminino Potros","Body Feminino Potros","1870","3516","1870GG","GG","1","Feminino","1","187.7","9.38","178.32","0","body-feminino-potros"
"0012408184375","3845","2024-08-06 21:34:46-03","1","8","Entregue","465.13","3845","729","Calça Feminina Boot Cut Paty","Calça Feminina Boot Cut Paty","1914","3796","191436","36","8","Calça","1","257.7","12.88","244.82","17.12","calca-feminina-boot-cut-paty"
"0012408184375","3845","2024-08-06 21:34:46-03","1","8","Entregue","465.13","3845","674","Calça Feminina Linho Cabana","Calça Feminina Linho Cabana","1879","3494","187936","36","1","Feminino","1","199.9","9.99","189.91","13.28","calca-feminina-linho-cabana"
"0012408980960","3846","2024-08-07 12:24:22-03","1","8","Entregue","237.27","3846","425","Blusa Feminina  Campo Primavera Canelada","Blusa Feminina Campo Primavera Canelada","1658","2175","1658M","M","39","Outlet","1","89.9","4.49","85.41","0","blusa-feminina-campo-primavera-canelada"
"0012408980960","3846","2024-08-07 12:24:22-03","1","8","Entregue","237.27","3846","406","Conjunto Feminino  Corta Vento Maya","Conjunto Feminino Corta Vento Maya","1632","2070","1632ROSAM","Pink - M","39","Outlet","1","99.9","4.99","94.91","0","bomber-corta-vento-feminino-maya"
"0012408980960","3846","2024-08-07 12:24:22-03","1","8","Entregue","237.27","3846","196","CAMISETA MASCULINA NELORE","CAMISETA MASCULINA NELORE","1393","921","1393GGB","Bege - GG","5","Camisetas","1","59.95","3","56.95","0","camiseta-masculina-nelore"
"0012408097186","3847","2024-08-07 14:12:49-03","3","8","Entregue","0","3847","736","Chemise Feminina Núbia","Chemise Feminina Núbia","1918","3829","1918G","G","16","Camisete","1","277.7","13.88","263.82","0","chemise-feminina-nubia"
"0012408996996","3848","2024-08-07 15:27:33-03","1","8","Entregue","306.09","3848","736","Chemise Feminina Núbia","Chemise Feminina Núbia","1918","3831","1918P","P","16","Camisete","1","277.7","13.88","263.82","42.27","chemise-feminina-nubia"
"0012408887412","3849","2024-08-07 16:17:30-03","1","8","Entregue","92.86","3849","659","Regata Feminina Emily","Regata Feminina Emily","1849","3402","1849M","M","39","Outlet","1","79.9","3.99","75.91","16.95","regata-feminina-emily"
"0012408442316","3850","2024-08-07 16:28:18-03","3","8","Entregue","263.82","3850","736","Chemise Feminina Núbia","Chemise Feminina Núbia","1918","3828","1918GG","GG","16","Camisete","1","277.7","13.88","263.82","0","chemise-feminina-nubia"
"0012408937476","3851","2024-08-07 16:38:09-03","1","8","Entregue","454.25","3851","158","Calça Jeans Feminina Boot Cut Cabana","Calça Jeans Feminina Boot Cut Cabana","1186","606","118642","42","46","Mais Vendidos","1","237.7","0","237.7","0","calca-jeans-feminina-boot-cut-cabana"
"0012408937476","3851","2024-08-07 16:38:09-03","1","8","Entregue","454.25","3851","481","T-Shirt Belo Retrato","T-Shirt Belo Retrato","1662","2439","1662MOFFWHITE","Off White - M","39","Outlet","1","68.85","0","68.85","0","t-shirt-belo-retrato"
"0012408937476","3851","2024-08-07 16:38:09-03","1","8","Entregue","454.25","3851","642","Blusa Feminina Camila","Blusa Feminina Camila","1841","3289","1841M","M","3","Blusas","1","147.7","0","147.7","0","blusa-feminina-camila"
"0012408928523","3852","2024-08-08 10:35:41-03","3","7","Transporte","263.82","3852","736","Chemise Feminina Núbia","Chemise Feminina Núbia","1918","3831","1918P","P","16","Camisete","1","277.7","13.88","263.82","0","chemise-feminina-nubia"
"0012408241491","3853","2024-08-08 17:33:57-03","3","8","Entregue","0","3853","602","Blusa Feminina Relíquia","Blusa Feminina Relíquia","1800","3081","1800M","M","48","Verão 2024","1","147.7","14.77","132.93","0","blusa-feminina-reliquia"
"0012408241491","3853","2024-08-08 17:33:57-03","3","8","Entregue","0","3853","640","Blusa Feminina Corsel","Blusa Feminina Corsel","1831","3279","1831M","M","3","Blusas","1","157.7","15.77","141.93","0","blusa-feminina-corsel"
"0012408907123","3854","2024-08-09 09:27:34-03","1","8","Entregue","534.96","3854","407","Camisete Aurora","Camisete Aurora","1633","2082","1633GG","GG","39","Outlet","1","167.7","8.38","159.32","0","camisete-aurora"
"0012408907123","3854","2024-08-09 09:27:34-03","1","8","Entregue","534.96","3854","245","Camisete Feminina Laços Cabana","Camisete Laços Cabana","1512","1252","1512GG","GG","16","Camisete","1","247.7","12.38","235.32","0","camisete-feminina-lacos-cabana"
"0012408907123","3854","2024-08-09 09:27:34-03","1","8","Entregue","534.96","3854","173","Blusa Feminina Neblina","Blusa Feminina Neblina","1127","715","1127GG","GG","1","Feminino","1","147.7","7.38","140.32","0","blusa-feminina-neblina"
"0012408009370","3855","2024-08-09 12:08:03-03","3","8","Entregue","0","3855","736","Chemise Feminina Núbia","Chemise Feminina Núbia","1918","3829","1918G","G","16","Camisete","1","277.7","0","277.7","0","chemise-feminina-nubia"
"0012408009370","3855","2024-08-09 12:08:03-03","3","8","Entregue","0","3855","729","Calça Feminina Boot Cut Paty","Calça Feminina Boot Cut Paty","1914","3792","191444","44","8","Calça","1","257.7","0","257.7","0","calca-feminina-boot-cut-paty"
"0012408009370","3855","2024-08-09 12:08:03-03","3","8","Entregue","0","3855","239","Boné Cabana","Boné Cabana","1468","3821","1468Telha","Telha","28","Bonés","1","109.9","0","109.9","0","bone-cabana"
"0012408434718","3856","2024-08-09 12:38:11-03","3","8","Entregue","0","3856","674","Calça Feminina Linho Cabana","Calça Feminina Linho Cabana","1879","3494","187936","36","1","Feminino","1","199.9","0","199.9","0","calca-feminina-linho-cabana"
"0012408570815","3857","2024-08-13 16:40:45-03","3","8","Entregue","244.82","3857","588","Calça Jeans Feminina Nobreza Cabana","Calça Jeans Feminina Nobreza Cabana","1808","3018","180838","38","8","Calça","1","257.7","12.88","244.82","0","calca-jeans-feminina-nobreza-cabana"
"0012408092136","3858","2024-08-15 11:30:38-03","3","8","Entregue","265.7","3858","651","Blusa Feminina Pandora CB","Blusa Feminina Pandora CB","1789","3336","1789G","G","39","Outlet","1","89.9","4.5","85.4","0","blusa-feminina-pandora-cb"
"0012408092136","3858","2024-08-15 11:30:38-03","3","8","Entregue","265.7","3858","595","BLUSA  ARIZONA","BLUSA  ARIZONA","1791","3051","1791G","G","39","Outlet","1","89.9","4.5","85.4","0","blusa-arizona"
"0012408092136","3858","2024-08-15 11:30:38-03","3","8","Entregue","265.7","3858","536","Vestido Melinda","Vestido Melinda","1762","2693","1762G","G","39","Outlet","1","99.9","5","94.9","0","vestido-melinda"
"0012408490365","3859","2024-08-15 11:42:54-03","1","8","Entregue","695.4","3859","350","Vestido Feminino Querência","Vestido Feminino Querência","1569","1734","1569G","G","46","Mais Vendidos","1","347.7","0","347.7","0","vestido-feminino-querencia"
"0012408490365","3859","2024-08-15 11:42:54-03","1","8","Entregue","695.4","3859","708","Vestido Feminino Gabriella","Vestido Feminino Gabriella","1900","3683","1900G","G","20","Vestido","1","347.7","0","347.7","0","vestido-feminino-gabriella"
"0012408822235","3860","2024-08-15 15:33:22-03","1","2","Cancelado","159.32","3860","527","Poncho Feminino Tucuman","Poncho Feminino Tucuman","1757","2650","1757UNICO","Único","39","Outlet","1","167.7","8.38","159.32","0","poncho-feminino-tucuman-unico"
"0012408578403","3861","2024-08-15 21:40:56-03","1","8","Entregue","225.82","3861","158","Calça Jeans Feminina Boot Cut Cabana","Calça Jeans Feminina Boot Cut Cabana","1186","607","118644","44","46","Mais Vendidos","1","237.7","11.88","225.82","0","calca-jeans-feminina-boot-cut-cabana"
"0012408030452","3862","2024-08-16 10:12:53-03","3","8","Entregue","337.86","3862","682","Body Feminino Amanda","Body Feminino Amanda","1872","3536","1872GG","GG","11","Body","1","187.7","18.77","168.93","0","body-feminino-amanda"
"0012408030452","3862","2024-08-16 10:12:53-03","3","8","Entregue","337.86","3862","695","Body Gabriella","Body Gabriella","1868","3627","1868GG","GG","11","Body","1","187.7","18.77","168.93","0","body-gabriella"
"0012408439272","3863","2024-08-20 09:18:13-03","3","8","Entregue","0","3863","351","Regata Feminina Amanhecer","Regata Feminina Amanhecer","1580","1739","1580G","G","1","Feminino","1","89.9","0","89.9","24.44","regata-feminina-amanhecer"
"0012408574800","3864","2024-08-21 17:19:24-03","3","8","Entregue","0","3864","736","Chemise Feminina Núbia","Chemise Feminina Núbia","1918","3831","1918P","P","16","Camisete","1","277.7","13.88","263.82","0","chemise-feminina-nubia"
"0012408078311","3865","2024-08-21 17:30:18-03","3","8","Entregue","0","3865","707","Bombacha Feminina Grazi","Bombacha Feminina Grazi","1898","3679","189844","44","8","Calça","1","297.7","100","197.7","0","bombacha-feminina-grazi"
"0012408078311","3865","2024-08-21 17:30:18-03","3","8","Entregue","0","3865","680","Colete Feminino Cabana Grazi","Colete Feminino Cabana Grazi","1880","3526","1880GG","GG","45","Lançamentos","1","169.9","100","69.9","0","colete-feminino-cabana-grazi"
"0012408078311","3865","2024-08-21 17:30:18-03","3","8","Entregue","0","3865","733","Bombacha Feminina Linho Marrom","Bombacha Feminina Linho Marrom","1922","3810","192244","44","8","Calça","1","297.7","47.7","250","0","bombacha-feminina-linho-marrom"
"0012408078311","3865","2024-08-21 17:30:18-03","3","8","Entregue","0","3865","734","Colete Feminino Linho Marrom","Colete Feminino Linho Marrom","1923","3817","1923GG","GG","18","Colete","1","169.9","100","69.9","0","colete-feminino-linho-marrom"
"0012408568137","3866","2024-08-22 13:54:36-03","3","8","Entregue","314.98","3866","675","Camisete Feminina Stella","Camisete Feminina Stella","1866","3505","1866GG","GG","16","Camisete","1","257.7","12.88","244.82","70.16","camisete-feminina-stella"
"0012408929435","3867","2024-08-22 14:46:22-03","3","8","Entregue","0","3867","350","Vestido Feminino Querência","Vestido Feminino Querência","1569","1733","1569M","M","46","Mais Vendidos","1","347.7","0","347.7","0","vestido-feminino-querencia"
"0012408929435","3867","2024-08-22 14:46:22-03","3","8","Entregue","0","3867","362","Vestido Laços Equestres","Vestido Laços Equestres","1568","1827","1568M","M - Preto Mescla","39","Outlet","1","99.9","0","99.9","0","vestido-lacos-equestres"
"0012408596806","3868","2024-08-23 08:36:26-03","3","8","Entregue","0","3868","158","Calça Jeans Feminina Boot Cut Cabana","Calça Jeans Feminina Boot Cut Cabana","1186","606","118642","42","46","Mais Vendidos","1","237.7","11.88","225.82","20.93","calca-jeans-feminina-boot-cut-cabana"
"0012408523643","3869","2024-08-23 14:00:21-03","1","7","Transporte","423.14","3869","638","Blusa Feminina Favorita","Blusa Feminina Favorita","1830","3271","1830GG","GG","3","Blusas","1","147.7","7.38","140.32","0","blusa-feminina-favorita-1830"
"0012408523643","3869","2024-08-23 14:00:21-03","1","7","Transporte","423.14","3869","581","Camisete Feminino Pegasus","Camisete Pegasus","1774","2952","1774GG","GG","39","Outlet","1","297.7","14.88","282.82","0","camisete-feminina-pegasus"
"0012408973797","3870","2024-08-24 13:20:33-03","1","2","Cancelado","297.7","3870","520","Vestido Feminino Manada","Vestido Feminino Manada","1753","2615","1753G","G","20","Vestido","1","297.7","0","297.7","0","vestido-feminino-manada"
"0012408818916","3871","2024-08-24 13:22:16-03","1","14","Cancelado Pagamento","297.7","3871","520","Vestido Feminino Manada","Vestido Feminino Manada","1753","2615","1753G","G","20","Vestido","1","297.7","0","297.7","0","vestido-feminino-manada"
"0012408608891","3872","2024-08-25 19:11:14-03","1","8","Entregue","240.93","3872","531","Chemise Feminina Bridão","Chemise Feminina Bridão","1752","2669","1752GG","GG","46","Mais Vendidos","1","267.7","26.77","240.93","0","chemise-feminina-bridao"
"0012408714823","3873","2024-08-26 16:10:29-03","3","8","Entregue","219.04","3873","588","Calça Jeans Feminina Nobreza Cabana","Calça Jeans Feminina Nobreza Cabana","1808","3017","180836","36","8","Calça","1","257.7","38.66","219.04","0","calca-jeans-feminina-nobreza-cabana"
"0012408716821","3874","2024-08-27 09:51:47-03","1","8","Entregue","177.7","3874","575","Calça Feminina  Boot Cut Corcel","Calça Feminina  Boot Cut Corcel","1779","2919","177936","36","8","Calça","1","177.7","0","177.7","0","calca-feminina-boot-cut-corcel"
"0012408062497","3875","2024-08-27 10:52:41-03","3","8","Entregue","178.32","3875","677","Body Feminino Potros","Body Feminino Potros","1870","3515","1870G","G","1","Feminino","1","187.7","9.38","178.32","0","body-feminino-potros"
"0012408282694","3876","2024-08-27 11:23:40-03","1","8","Entregue","405.4","3876","729","Calça Feminina Boot Cut Paty","Calça Feminina Boot Cut Paty","1914","3794","191440","40","8","Calça","1","257.7","0","257.7","0","calca-feminina-boot-cut-paty"
"0012408282694","3876","2024-08-27 11:23:40-03","1","8","Entregue","405.4","3876","534","Blusa Auxois","Blusa Auxois","1724","2684","1724GG","GG","39","Outlet","1","147.7","0","147.7","0","blusa-auxois"
"0012408189959","3877","2024-08-27 16:08:59-03","3","8","Entregue","0","3877","297","Camisete Realeza","Camisete Realeza","1524","1432","1524M","M","16","Camisete","1","247.7","0","247.7","0","camisete-realeza"
"0012408101294","3878","2024-08-28 11:24:10-03","3","8","Entregue","87.7","3878","722","Blusa Feminina Susamar","Blusa Feminina Susamar","1897","3757","1897TERRAG","terra - G","39","Outlet","1","87.7","0","87.7","0","blusa-feminina-susamar"
"0012408373705","3879","2024-08-28 12:51:23-03","3","8","Entregue","0","3879","693","Jaqueta Feminina Bomber Flavia","Jaqueta Feminina Bomber Flavia","1881","3592","1881M","M","13","Jaqueta","1","377.7","0","377.7","0","jaqueta-feminina-bomber-flavia"
"0012408571283","3880","2024-08-28 15:07:20-03","3","8","Entregue","320","3880","737","Vestido Feminino Midi Roberta","Vestido Feminino Midi Roberta","1919","3834","1919G","G","39","Outlet","1","347.7","27.7","320","0","vestido-feminino-midi-roberta"
"0012408274908","3881","2024-08-29 11:25:02-03","1","8","Entregue","312.93","3881","350","Vestido Feminino Querência","Vestido Feminino Querência","1569","1733","1569M","M","46","Mais Vendidos","1","347.7","34.77","312.93","0","vestido-feminino-querencia"
"0012408903677","3882","2024-08-29 12:07:55-03","3","8","Entregue","254.32","3882","531","Chemise Feminina Bridão","Chemise Feminina Bridão","1752","2668","1752G","G","46","Mais Vendidos","1","267.7","13.38","254.32","0","chemise-feminina-bridao"
"0012408868092","3883","2024-08-29 15:58:08-03","3","8","Entregue","0","3883","744","Cropped Feminino Núbia","Cropped  Feminino Núbia","1928","3869","1928G","G","6","Manga curta","1","157.7","0","157.7","0","cropped-feminino-nubia"
"0012408411775","3884","2024-08-30 01:10:27-03","1","8","Entregue","522.31","3884","175","Saia Feminina Estampada Camafeu","Saia Feminina Estampada Camafeu","1200","726","1200M","M","9","Saia","1","54.95","5.5","49.45","0","saia-feminina-estampada-camafeu"
"0012408411775","3884","2024-08-30 01:10:27-03","1","8","Entregue","522.31","3884","602","Blusa Feminina Relíquia","Blusa Feminina Relíquia","1800","3082","1800G","G","48","Verão 2024","1","147.7","14.77","132.93","0","blusa-feminina-reliquia"
"0012408411775","3884","2024-08-30 01:10:27-03","1","8","Entregue","522.31","3884","693","Jaqueta Feminina Bomber Flavia","Jaqueta Feminina Bomber Flavia","1881","3593","1881G","G","13","Jaqueta","1","377.7","37.77","339.93","0","jaqueta-feminina-bomber-flavia"
"0012408129448","3885","2024-08-31 14:37:01-03","1","8","Entregue","247.7","3885","244","Camisete Feminina Gateado","Camisete Feminina Gateado","1498","1245","1498M","M","46","Mais Vendidos","1","247.7","0","247.7","0","camisete-feminina-gateado"
"0012408589356","3886","2024-08-31 15:46:25-03","1","8","Entregue","150.93","3886","527","Poncho Feminino Tucuman","Poncho Feminino Tucuman","1757","2650","1757UNICO","Único","39","Outlet","1","167.7","16.77","150.93","0","poncho-feminino-tucuman-unico"
"0012408443739","3887","2024-08-31 22:14:15-03","1","8","Entregue","257.7","3887","702","Calça Skinny Feminina Pampa","Calça Skinny Feminina Pampa","1903","3643","190344","44","8","Calça","1","257.7","0","257.7","0","calca-skinny-feminina-pampa"
"0012409945457","3888","2024-09-01 14:15:05-03","1","8","Entregue","95.47","3888","454","Kimono Feminino Romantic","Kimono Feminino Romantic","1677","2808","1677MOD3","Correntes","39","Outlet","1","79.9","3.99","75.91","19.56","kimono-unico-modelo3"
"0012409242207","3889","2024-09-01 19:45:59-03","1","8","Entregue","472.73","3889","588","Calça Jeans Feminina Nobreza Cabana","Calça Jeans Feminina Nobreza Cabana","1808","3021","180844","44","8","Calça","1","257.7","12.88","244.82","0","calca-jeans-feminina-nobreza-cabana"
"0012409242207","3889","2024-09-01 19:45:59-03","1","8","Entregue","472.73","3889","676","Saia Feminina Envelope Cabana","Saia Feminina Envelope Cabana","1867","3509","1867G","G","1","Feminino","1","239.9","11.99","227.91","0","saia-feminina-envelope-cabana"
"0012409411948","3890","2024-09-02 00:17:23-03","1","8","Entregue","277.7","3890","735","Chemise Feminina Leves Galopes","Chemise Feminina Leves Galopes","1917","3825","1917M","M","39","Outlet","1","277.7","0","277.7","0","chemise-feminina-leves-galopes"
"0012409338777","3891","2024-09-02 13:09:31-03","3","8","Entregue","235.32","3891","652","Camisete Feminina Cowgirl","Camisete Feminina Cowgirl","1843","3342","1843GG","GG","16","Camisete","1","247.7","12.38","235.32","0","camisete-feminina-cowgirl"
"0012409792734","3892","2024-09-03 07:35:25-03","1","8","Entregue","150.93","3892","527","Poncho Feminino Tucuman","Poncho Feminino Tucuman","1757","2650","1757UNICO","Único","39","Outlet","1","167.7","16.77","150.93","0","poncho-feminino-tucuman-unico"
"0012409565990","3893","2024-09-03 10:48:21-03","1","8","Entregue","240.93","3893","531","Chemise Feminina Bridão","Chemise Feminina Bridão","1752","2669","1752GG","GG","46","Mais Vendidos","1","267.7","26.77","240.93","0","chemise-feminina-bridao"
"0012409691329","3894","2024-09-03 11:17:39-03","3","8","Entregue","0","3894","682","Body Feminino Amanda","Body Feminino Amanda","1872","3534","1872M","M","11","Body","1","187.7","0","187.7","0","body-feminino-amanda"
"0012409245425","3895","2024-09-03 11:58:39-03","3","8","Entregue","204.84","3895","441","Colar Touro","Colar Touro","004COLARCAVALO","2245","004COLARTOURO2","Modelo2","31","Colar","1","127.7","12.77","114.93","0","colar-touro-modelo2"
"0012409245425","3895","2024-09-03 11:58:39-03","3","8","Entregue","204.84","3895","334","Pulseira Feminina Laços","Pulseira Feminina Laços","001PULSEIRALACOS","1641","001PULSEIRALACOS3","Modelo3","30","Pulseira","1","99.9","9.99","89.91","0","pulseira-lacos-modelo3"
"0012409670055","3896","2024-09-03 21:42:20-03","1","8","Entregue","257.7","3896","729","Calça Feminina Boot Cut Paty","Calça Feminina Boot Cut Paty","1914","3794","191440","40","8","Calça","1","257.7","0","257.7","0","calca-feminina-boot-cut-paty"
"0012409929660","3897","2024-09-03 22:41:55-03","1","8","Entregue","244.82","3897","702","Calça Skinny Feminina Pampa","Calça Skinny Feminina Pampa","1903","3640","190338","38","8","Calça","1","257.7","12.88","244.82","0","calca-skinny-feminina-pampa"
"0012409184375","3898","2024-09-03 22:51:56-03","1","8","Entregue","223.64","3898","225","T-Shirt Feminina Andaluz","T-Shirt Feminina Andaluz","1086","1072","1086P","P","6","Manga curta","1","147.7","7.38","140.32","0","t-shirt-feminina-andaluz"
"0012409184375","3898","2024-09-03 22:51:56-03","1","8","Entregue","223.64","3898","722","Blusa Feminina Susamar","Blusa Feminina Susamar","1897","3755","1897TERRAP","terra - P","39","Outlet","1","87.7","4.38","83.32","0","blusa-feminina-susamar"
"0012409980960","3899","2024-09-04 08:59:22-03","3","8","Entregue","0","3899","708","Vestido Feminino Gabriella","Vestido Feminino Gabriella","1900","3681","1900P","P","20","Vestido","1","347.7","37.81","309.89","0","vestido-feminino-gabriella"
"0012409980960","3899","2024-09-04 08:59:22-03","3","8","Entregue","0","3899","745","Saia Feminina Midi Marly","Saia Feminina Midi Marly","1937","3877","193736","36","9","Saia","1","257.7","28.09","229.61","0","saia-feminina-midi-marly"
"0012409980960","3899","2024-09-04 08:59:22-03","3","8","Entregue","0","3899","665","Vestido Feminino Lavínia","Vestido Feminino Lavínia","1861","3431","1861P","P","39","Outlet","1","347.7","37.9","309.8","0","vestido-feminino-lavinia"
"0012409980960","3899","2024-09-04 08:59:22-03","3","8","Entregue","0","3899","350","Vestido Feminino Querência","Vestido Feminino Querência","1569","1732","1569P","P","46","Mais Vendidos","1","347.7","37.9","309.8","0","vestido-feminino-querencia"
"0012409980960","3899","2024-09-04 08:59:22-03","3","8","Entregue","0","3899","737","Vestido Feminino Midi Roberta","Vestido Feminino Midi Roberta","1919","3836","1919P","P","39","Outlet","1","347.7","37.9","309.8","0","vestido-feminino-midi-roberta"
"0012409980960","3899","2024-09-04 08:59:22-03","3","8","Entregue","0","3899","712","Vestido Feminino Linho Glória","Vestido Linho Glória","1896","3712","1896M","M","20","Vestido","1","327.7","35.72","291.98","0","vestido-feminino-linho-gloria"
"0012409980960","3899","2024-09-04 08:59:22-03","3","8","Entregue","0","3899","676","Saia Feminina Envelope Cabana","Saia Feminina Envelope Cabana","1867","3507","1867P","P","1","Feminino","1","239.9","26.15","213.75","0","saia-feminina-envelope-cabana"
"0012409980960","3899","2024-09-04 08:59:22-03","3","8","Entregue","0","3899","703","Saia Feminina Courino Cabana","Saia Feminina Courino Cabana","1902","3651","1902PPRETO","Preto - P","39","Outlet","1","267.7","29.18","238.52","0","saia-feminina-courino-cabana"
"0012409980960","3899","2024-09-04 08:59:22-03","3","8","Entregue","0","3899","694","Jaqueta Feminina Bomber Angélica","Jaqueta Feminina Bomber Angélica","1878","3596","1878P","P","39","Outlet","1","357.7","38.99","318.71","0","jaqueta-feminina-bomber-angelica"
"0012409980960","3899","2024-09-04 08:59:22-03","3","8","Entregue","0","3899","583","Colete Feminino Fronteira","Colete Feminino Fronteira","1721","2964","1721MARROMP","Marrom - P","39","Outlet","1","167.7","18.28","149.42","0","colete-feminina-fronteira"
"0012409097186","3900","2024-09-04 11:19:01-03","1","8","Entregue","235.32","3900","244","Camisete Feminina Gateado","Camisete Feminina Gateado","1498","1245","1498M","M","46","Mais Vendidos","1","247.7","12.38","235.32","0","camisete-feminina-gateado"
"0012409996996","3901","2024-09-04 16:16:52-03","3","8","Entregue","0","3901","438","Vestido Feminino Tropilha","Vestido Feminino Tropilha","1654","2236","1654G","G","46","Mais Vendidos","1","347.7","17.39","330.31","0","vestido-feminino-tropilha"
"0012409887412","3902","2024-09-04 16:40:20-03","3","8","Entregue","0","3902","244","Camisete Feminina Gateado","Camisete Feminina Gateado","1498","1245","1498M","M","46","Mais Vendidos","1","247.7","0","247.7","0","camisete-feminina-gateado"
"0012409442316","3903","2024-09-05 11:48:47-03","3","8","Entregue","0","3903","158","Calça Jeans Feminina Boot Cut Cabana","Calça Jeans Feminina Boot Cut Cabana","1186","605","118640","40","46","Mais Vendidos","1","237.7","27.69","210.01","0","calca-jeans-feminina-boot-cut-cabana"
"0012409937476","3904","2024-09-05 13:38:34-03","3","8","Entregue","330.31","3904","708","Vestido Feminino Gabriella","Vestido Feminino Gabriella","1900","3681","1900P","P","20","Vestido","1","347.7","17.39","330.31","0","vestido-feminino-gabriella"
"0012409928523","3905","2024-09-05 15:29:01-03","1","8","Entregue","254.32","3905","529","Chemise Frísio","Chemise Frísio","1744","2656","1744G","G","16","Camisete","1","267.7","13.38","254.32","0","chemise-frisio"
"0012409241491","3906","2024-09-06 16:38:41-03","3","8","Entregue","157.26","3906","583","Colete Feminino Fronteira","Colete Feminino Fronteira","1721","2966","1721MARROMG","Marrom - G","39","Outlet","1","137.7","0","137.7","19.56","colete-feminina-fronteira"
"0012409907123","3907","2024-09-07 12:13:37-03","1","8","Entregue","239.9","3907","676","Saia Feminina Envelope Cabana","Saia Feminina Envelope Cabana","1867","3508","1867M","M","1","Feminino","1","239.9","0","239.9","0","saia-feminina-envelope-cabana"
"0012409009370","3908","2024-09-08 12:48:58-03","1","8","Entregue","420.84","3908","733","Bombacha Feminina Linho Marrom","Bombacha Feminina Linho Marrom","1922","3813","192238","38","8","Calça","1","297.7","29.77","267.93","0","bombacha-feminina-linho-marrom"
"0012409009370","3908","2024-09-08 12:48:58-03","1","8","Entregue","420.84","3908","734","Colete Feminino Linho Marrom","Colete Feminino Linho Marrom","1923","3820","1923P","P","18","Colete","1","169.9","16.99","152.91","0","colete-feminino-linho-marrom"
"0012409434718","3909","2024-09-08 19:35:25-03","1","8","Entregue","169.8","3909","605","Bata Feminina Duqueza ","Bata Feminina Duqueza CB","1804","3097","1804G","G","39","Outlet","1","89.9","0","89.9","0","bata-feminina-duqueza"
"0012409434718","3909","2024-09-08 19:35:25-03","1","8","Entregue","169.8","3909","604","Regata Feminina Amália","Regata Feminina Amália","1802","3093","1802GG","GG","39","Outlet","1","79.9","0","79.9","0","regata-feminina-amalia"
"0012409570815","3910","2024-09-08 23:59:53-03","1","8","Entregue","273.32","3910","699","Calça Mustang","Calça Mustang","1895","3617","189534","34","8","Calça","1","287.7","14.38","273.32","0","calca-mustang-1895"
"0012409092136","3911","2024-09-09 10:39:56-03","1","8","Entregue","231.93","3911","729","Calça Feminina Boot Cut Paty","Calça Feminina Boot Cut Paty","1914","3794","191440","40","8","Calça","1","257.7","25.77","231.93","0","calca-feminina-boot-cut-paty"
"0012409490365","3912","2024-09-09 12:24:20-03","3","8","Entregue","178.32","3912","484","Body Feminino Victória","Body Feminino Victória","1681","2457","1681GG","GG","11","Body","1","187.7","9.38","178.32","0","body-feminino-victoria"
"0012409822235","3913","2024-09-09 14:24:59-03","3","8","Entregue","218.3","3913","425","Blusa Feminina  Campo Primavera Canelada","Blusa Feminina Campo Primavera Canelada","1658","2174","1658P","P","39","Outlet","1","89.9","4.5","85.4","0","blusa-feminina-campo-primavera-canelada"
"0012409822235","3913","2024-09-09 14:24:59-03","3","8","Entregue","218.3","3913","498","Calça Texana","Calça Texana","1703","2515","170334","34","39","Outlet","1","139.9","7","132.9","0","calca-texana"
"0012409578403","3914","2024-09-09 14:50:11-03","1","8","Entregue","357.6","3914","604","Regata Feminina Amália","Regata Feminina Amália","1802","3093","1802GG","GG","39","Outlet","1","79.9","0","79.9","0","regata-feminina-amalia"
"0012409578403","3914","2024-09-09 14:50:11-03","1","8","Entregue","357.6","3914","735","Chemise Feminina Leves Galopes","Chemise Feminina Leves Galopes","1917","3823","1917GG","GG","39","Outlet","1","277.7","0","277.7","0","chemise-feminina-leves-galopes"
"0012409030452","3915","2024-09-09 15:27:14-03","3","8","Entregue","278.54","3915","630","Vestido Feminino Simone","Vestido Simone","1842","3228","1842G","G","20","Vestido","1","327.7","49.16","278.54","0","vestido-feminino-simone"
"0012409439272","3916","2024-09-09 18:02:01-03","1","8","Entregue","1694.74","3916","729","Calça Feminina Boot Cut Paty","Calça Feminina Boot Cut Paty","1914","3793","191442","42","8","Calça","1","257.7","12.88","244.82","0","calca-feminina-boot-cut-paty"
"0012409439272","3916","2024-09-09 18:02:01-03","1","8","Entregue","1694.74","3916","158","Calça Jeans Feminina Boot Cut Cabana","Calça Jeans Feminina Boot Cut Cabana","1186","606","118642","42","46","Mais Vendidos","1","237.7","11.88","225.82","0","calca-jeans-feminina-boot-cut-cabana"
"0012409439272","3916","2024-09-09 18:02:01-03","1","8","Entregue","1694.74","3916","724","Colete Fronteira","Colete Fronteira","1721MARROM","3769","1721GMARROM","G","39","Outlet","1","137.7","6.88","130.82","0","colete-fronteira-1721marrom"
"0012409439272","3916","2024-09-09 18:02:01-03","1","8","Entregue","1694.74","3916","708","Vestido Feminino Gabriella","Vestido Feminino Gabriella","1900","3683","1900G","G","20","Vestido","1","347.7","17.38","330.32","0","vestido-feminino-gabriella"
"0012409439272","3916","2024-09-09 18:02:01-03","1","8","Entregue","1694.74","3916","632","Vestido Feminino Aline","Vestido Feminino Aline","1803","3238","1803G","G","39","Outlet","1","327.7","16.38","311.32","0","vestido-feminino-aline"
"0012409439272","3916","2024-09-09 18:02:01-03","1","8","Entregue","1694.74","3916","630","Vestido Feminino Simone","Vestido Simone","1842","3228","1842G","G","20","Vestido","1","327.7","16.38","311.32","0","vestido-feminino-simone"
"0012409439272","3916","2024-09-09 18:02:01-03","1","8","Entregue","1694.74","3916","635","Blusa Feminina Texas","Blusa Feminina Texas","1819","3255","1819G","G","39","Outlet","1","147.7","7.38","140.32","0","blusa-feminina-texas"
"0012409574800","3917","2024-09-10 11:45:55-03","3","8","Entregue","231.93","3917","729","Calça Feminina Boot Cut Paty","Calça Feminina Boot Cut Paty","1914","3796","191436","36","8","Calça","1","257.7","25.77","231.93","0","calca-feminina-boot-cut-paty"
"0012409078311","3918","2024-09-10 17:03:36-03","1","8","Entregue","159.32","3918","731","Max Ted  Feminino Borregos","Max Ted Feminino Borregos","1921","3803","1921P","P","39","Outlet","1","167.7","8.38","159.32","0","max-ted-feminino-borregos"
"0012409568137","3919","2024-09-11 10:53:55-03","3","8","Entregue","0","3919","737","Vestido Feminino Midi Roberta","Vestido Feminino Midi Roberta","1919","3833","1919GG","GG","39","Outlet","1","347.7","17.39","330.31","0","vestido-feminino-midi-roberta"
"0012409568137","3919","2024-09-11 10:53:55-03","3","8","Entregue","0","3919","158","Calça Jeans Feminina Boot Cut Cabana","Calça Jeans Feminina Boot Cut Cabana","1186","606","118642","42","46","Mais Vendidos","1","237.7","11.88","225.82","0","calca-jeans-feminina-boot-cut-cabana"
"0012409929435","3920","2024-09-11 11:01:24-03","1","8","Entregue","789.19","3920","638","Blusa Feminina Favorita","Blusa Feminina Favorita","1830","3268","1830P","P","3","Blusas","1","147.7","7.38","140.32","0","blusa-feminina-favorita-1830"
"0012409929435","3920","2024-09-11 11:01:24-03","1","8","Entregue","789.19","3920","602","Blusa Feminina Relíquia","Blusa Feminina Relíquia","1800","3080","1800P","P","48","Verão 2024","1","147.7","7.38","140.32","0","blusa-feminina-reliquia"
"0012409929435","3920","2024-09-11 11:01:24-03","1","8","Entregue","789.19","3920","534","Blusa Auxois","Blusa Auxois","1724","2681","1724P","P","39","Outlet","1","147.7","7.38","140.32","0","blusa-auxois"
"0012409929435","3920","2024-09-11 11:01:24-03","1","8","Entregue","789.19","3920","664","Regata Feminina Eloise","Regata Feminina Eloise","1855","3426","1855P","P","39","Outlet","1","89.9","4.49","85.41","0","regata-feminina-eloise"
"0012409929435","3920","2024-09-11 11:01:24-03","1","8","Entregue","789.19","3920","520","Vestido Feminino Manada","Vestido Feminino Manada","1753","2613","1753P","P","20","Vestido","1","297.7","14.88","282.82","0","vestido-feminino-manada"
"0012409596806","3921","2024-09-11 14:45:15-03","3","8","Entregue","282.82","3921","44","Calça Feminina Boot Cut Pandora","Calça Feminina Boot Cut Pandora","1406","75","140638","38","39","Outlet","1","297.7","14.88","282.82","0","calca-feminina-boot-cut-pandora"
"0012409523643","3922","2024-09-11 17:23:01-03","1","8","Entregue","237.7","3922","379","Vestido Favorita","Vestido Favorita","1611","1924","1611M","M","48","Verão 2024","1","237.7","0","237.7","0","vestido-favorita"
"0012409973797","3923","2024-09-12 10:55:59-03","3","8","Entregue","137.7","3923","742","Regata Feminina Núbia","Regata  Feminina Núbia","1926","3861","1926P","P","3","Blusas","1","137.7","0","137.7","0","regata-feminina-nubia"
"0012409818916","3924","2024-09-13 17:00:40-03","3","8","Entregue","189.91","3924","746","Calça Feminina Cargo Cabana","Calça Feminina Cargo Cabana","1935","3882","1935P","P","39","Outlet","1","199.9","9.99","189.91","0","calca-feminina-cargo-cabana"
"0012409608891","3925","2024-09-15 13:07:24-03","1","8","Entregue","102.88","3925","626","Blusa Feminina Patches","Blusa Feminina Patches","1839","3206","1839P","P","39","Outlet","1","87.7","4.38","83.32","19.56","blusa-feminina-patches"
"0012409714823","3926","2024-09-15 14:49:38-03","1","8","Entregue","347.14","3926","581","Camisete Feminino Pegasus","Camisete Pegasus","1774","2950","1774M","M","39","Outlet","1","167.7","8.38","159.32","0","camisete-feminina-pegasus"
"0012409714823","3926","2024-09-15 14:49:38-03","1","8","Entregue","347.14","3926","615","Chemise Channel","Chemise Channel","1809","3151","1809G","G","39","Outlet","1","197.7","9.88","187.82","0","chemise-channel"
"0012409716821","3927","2024-09-15 16:18:17-03","1","8","Entregue","317.7","3927","576","Jaqueta Feminina Maxi Ônix","Jaqueta Feminina Max Ônix","1780","2926","1780M","M","46","Mais Vendidos","1","317.7","0","317.7","0","jaqueta-feminina-max-onix"
"0012409062497","3928","2024-09-16 11:57:48-03","3","8","Entregue","0","3928","639","Camisete Lúcia","Camisete Lúcia","1816","3276","1816GG","GG","16","Camisete","1","197.7","9.98","187.72","0","camisete-lucia"
"0012409062497","3928","2024-09-16 11:57:48-03","3","8","Entregue","0","3928","698","Calça Feminina Boot Cut Amazona","Calça Feminina Boot Cut Amazona","1892","3615","189244","44","8","Calça","1","287.7","14.53","273.17","0","calca-feminina-boot-cut-amazona"
"0012409062497","3928","2024-09-16 11:57:48-03","3","8","Entregue","0","3928","185","Top Rose","Top Rose","1078","783","1078GG","GG","39","Outlet","1","137.7","6.95","130.75","0","top-rose"
"0012409062497","3928","2024-09-16 11:57:48-03","3","8","Entregue","0","3928","379","Vestido Favorita","Vestido Favorita","1611","1926","1611GG","GG","48","Verão 2024","1","237.7","12","225.7","0","vestido-favorita"
"0012409062497","3928","2024-09-16 11:57:48-03","3","8","Entregue","0","3928","520","Vestido Feminino Manada","Vestido Feminino Manada","1753","2615","1753G","G","20","Vestido","1","297.7","15.03","282.67","0","vestido-feminino-manada"
"0012409282694","3929","2024-09-16 14:01:16-03","3","8","Entregue","0","3929","334","Pulseira Feminina Laços","Pulseira Feminina Laços","001PULSEIRALACOS","1639","001PULSEIRALACOS1","Modelo1","30","Pulseira","1","99.9","0","99.9","19.56","pulseira-feminina-lacos"
"0012409189959","3930","2024-09-16 18:01:26-03","1","8","Entregue","159.88","3930","490","Blusa Feminina Boa Ventura","Blusa Feminina Boa Ventura","1693","2484","1693M","M","3","Blusas","1","147.7","7.38","140.32","19.56","blusa-feminina-boa-ventura"
"0012409101294","3931","2024-09-17 16:33:10-03","1","8","Entregue","254.32","3931","703","Saia Feminina Courino Cabana","Saia Feminina Courino Cabana","1902","3648","1902GMARROM","Marrom - G","39","Outlet","1","267.7","13.38","254.32","0","saia-feminina-courino-cabana"
"0012409373705","3932","2024-09-17 21:04:05-03","1","8","Entregue","244.82","3932","711","Jaqueta Feminina Softh Cut","Jaqueta Feminina Softh Cut","1888","3697","1888GBRANCO","Branco - G","39","Outlet","1","257.7","12.88","244.82","0","jaqueta-feminina-softh-cut"
"0012409571283","3933","2024-09-18 12:57:15-03","3","8","Entregue","147.7","3933","743","Blusa Feminina Núbia","Blusa Feminina Núbia","1927","3866","1927P","P","3","Blusas","1","147.7","0","147.7","0","blusa-feminina-nubia"
"0012409274908","3934","2024-09-18 13:21:21-03","3","8","Entregue","0","3934","708","Vestido Feminino Gabriella","Vestido Feminino Gabriella","1900","3682","1900M","M","20","Vestido","1","347.7","0","347.7","0","vestido-feminino-gabriella"
"0012409903677","3935","2024-09-18 15:38:09-03","3","8","Entregue","0","3935","736","Chemise Feminina Núbia","Chemise Feminina Núbia","1918","3831","1918P","P","16","Camisete","1","277.7","19.44","258.26","0","chemise-feminina-nubia"
"0012409868092","3936","2024-09-19 09:41:43-03","3","8","Entregue","741.99","3936","350","Vestido Feminino Querência","Vestido Feminino Querência","1569","1734","1569G","G","46","Mais Vendidos","1","347.7","17.28","330.42","0","vestido-feminino-querencia"
"0012409868092","3936","2024-09-19 09:41:43-03","3","8","Entregue","741.99","3936","504","Cropped Feminino Realeza","Cropped Feminino Realeza","1712","2546","1712M","M","10","Regata","1","157.7","7.84","149.86","0","cropped-feminino-realeza"
"0012409868092","3936","2024-09-19 09:41:43-03","3","8","Entregue","741.99","3936","624","Cropped Feminino Mariana","Cropped Feminino Mariana","1811","3197","1811M","M","39","Outlet","1","97.7","4.86","92.84","0","cropped-feminino-mariana"
"0012409868092","3936","2024-09-19 09:41:43-03","3","8","Entregue","741.99","3936","706","Cropped  Feminino Gabriella","Cropped Feminino Gabriella","1904","3671","1904M","M","39","Outlet","1","177.7","8.83","168.87","0","cropped-feminino-gabriella"
"0012409411775","3937","2024-09-20 10:02:41-03","3","8","Entregue","225","3937","684","Blusa  Feminina Tropilha","Blusa Feminina Tropilha","1875","3546","1875GG","GG","39","Outlet","1","237.7","12.7","225","0","blusa-feminina-tropilha"
"0012409129448","3938","2024-09-20 23:56:12-03","1","8","Entregue","275.3","3938","491","Blusa Equus","Blusa Equus","1692","2489","1692M","M","39","Outlet","1","97.7","0","97.7","0","blusa-equus"
"0012409129448","3938","2024-09-20 23:56:12-03","1","8","Entregue","275.3","3938","425","Blusa Feminina  Campo Primavera Canelada","Blusa Feminina Campo Primavera Canelada","1658","2175","1658M","M","39","Outlet","1","89.9","0","89.9","0","blusa-feminina-campo-primavera-canelada"
"0012409129448","3938","2024-09-20 23:56:12-03","1","8","Entregue","275.3","3938","644","Blusa Feminina Tamiris","Blusa Feminina Tamiris","1818","3299","1818M","M","39","Outlet","1","87.7","0","87.7","0","blusa-feminina-tamiris"
"0012409589356","3939","2024-09-24 10:50:18-03","1","8","Entregue","525.46","3939","710","Camisete Feminina Priscila","Camisete Feminina Priscila","1907","3693","1907GG","GG","39","Outlet","1","257.7","12.88","244.82","0","camisete-feminina-priscila"
"0012409589356","3939","2024-09-24 10:50:18-03","1","8","Entregue","525.46","3939","673","Blusa Feminina Livia","Blusa Feminina Livia","1858","3492","1858GG","GG","6","Manga curta","1","147.7","7.38","140.32","0","blusa-feminina-livia"
"0012409589356","3939","2024-09-24 10:50:18-03","1","8","Entregue","525.46","3939","625","Blusa Feminina Beatriz","Blusa Feminina Beatriz","1840","3204","1840GG","GG","3","Blusas","1","147.7","7.38","140.32","0","blusa-feminina-beatriz"
"0012409443739","3940","2024-09-24 11:36:19-03","3","8","Entregue","0","3940","244","Camisete Feminina Gateado","Camisete Feminina Gateado","1498","1246","1498G","G","46","Mais Vendidos","1","247.7","0","247.7","0","camisete-feminina-gateado"
"0012409952320","3941","2024-09-24 13:07:28-03","3","8","Entregue","0","3941","637","Vestido Falabella","Vestido Falabella","1815","3265","1815G","G","39","Outlet","1","167.7","0","167.7","0","vestido-falabella"
"0012409642008","3942","2024-09-24 15:27:53-03","3","8","Entregue","159.32","3942","460","Camisete Spirit","Camisete Spirit","1666","2336","1666P","P","39","Outlet","1","167.7","8.38","159.32","0","camisete-nova"
"0012409328535","3943","2024-09-24 17:05:54-03","3","8","Entregue","0","3943","763","Chemise Feminina Bridão","Chemise Feminina Bridão","1944","3944","1944GG","GG","16","Camisete","1","267.7","13.38","254.32","0","chemise-feminina-bridao-1944"
"0012409481040","3944","2024-09-26 13:41:44-03","1","8","Entregue","364.77","3944","508","Vestido Florata","Vestido Florata","1729","2569","1529P","P","39","Outlet","1","139.9","13.99","125.91","0","vestido-florata"
"0012409481040","3944","2024-09-26 13:41:44-03","1","8","Entregue","364.77","3944","637","Vestido Falabella","Vestido Falabella","1815","3263","1815P","P","39","Outlet","1","167.7","16.77","150.93","0","vestido-falabella"
"0012409481040","3944","2024-09-26 13:41:44-03","1","8","Entregue","364.77","3944","491","Blusa Equus","Blusa Equus","1692","2489","1692M","M","39","Outlet","1","97.7","9.77","87.93","0","blusa-equus"
"0012409143832","3945","2024-09-30 12:59:41-03","1","2","Cancelado","257.7","3945","729","Calça Feminina Boot Cut Paty","Calça Feminina Boot Cut Paty","1914","3795","191438","38","8","Calça","1","257.7","0","257.7","0","calca-feminina-boot-cut-paty"
"0012410945457","3946","2024-10-01 09:08:30-03","3","8","Entregue","177.7","3946","354","Calça Comitiva BOOT CUT","Calça Comitiva BOOT CUT","1529","1757","152944","44","39","Outlet","1","177.7","0","177.7","0","calca-comitiva-boot-cut"
"0012410242207","3947","2024-10-01 12:23:08-03","3","8","Entregue","78.85","3947","501","Cropped FemininoTexas","Cropped Feminino Texas","1706","2534","1706G","G","48","Verão 2024","1","78.85","0","78.85","0","cropped-feminino-texas"
"0012410411948","3948","2024-10-01 22:53:43-03","1","8","Entregue","145.07","3948","492","Cropped Feminino Equus","Cropped Feminino Equus","1690","2495","1690G","G","39","Outlet","1","73.85","3.69","70.16","0","cropped-feminino-equus"
"0012410411948","3948","2024-10-01 22:53:43-03","1","8","Entregue","145.07","3948","459","Cropped Analú","Cropped Analú","1665","2333","1665G","G","39","Outlet","1","78.85","3.94","74.91","0","cropped-analu"
"0012410338777","3949","2024-10-02 07:24:12-03","1","8","Entregue","244.82","3949","710","Camisete Feminina Priscila","Camisete Feminina Priscila","1907","3693","1907GG","GG","39","Outlet","1","257.7","12.88","244.82","0","camisete-feminina-priscila"
"0012410792734","3950","2024-10-02 14:12:48-03","1","8","Entregue","224.73","3950","664","Regata Feminina Eloise","Regata Feminina Eloise","1855","3429","1855GG","GG","39","Outlet","1","89.9","8.99","80.91","0","regata-feminina-eloise"
"0012410792734","3950","2024-10-02 14:12:48-03","1","8","Entregue","224.73","3950","661","Regata Feminina Chaienne","Regata Feminina Chaienne","1851","3414","1851GG","GG","39","Outlet","1","79.9","7.99","71.91","0","regata-feminina-chaienne"
"0012410792734","3950","2024-10-02 14:12:48-03","1","8","Entregue","224.73","3950","659","Regata Feminina Emily","Regata Feminina Emily","1849","3404","1849GG","GG","39","Outlet","1","79.9","7.99","71.91","0","regata-feminina-emily"
"0012410565990","3951","2024-10-05 14:12:57-03","1","8","Entregue","475.4","3951","358","Calça Jeans  Skinny Feminina Comitiva","Calça Jeans  Skinny Feminina Comitiva","1566","1774","156634","34","8","Calça","1","177.7","0","177.7","0","calca-jeans-skinny-feminina-comitiva"
"0012410565990","3951","2024-10-05 14:12:57-03","1","8","Entregue","475.4","3951","520","Vestido Feminino Manada","Vestido Feminino Manada","1753","2613","1753P","P","20","Vestido","1","297.7","0","297.7","0","vestido-feminino-manada"
"0012410691329","3952","2024-10-05 21:08:24-03","1","8","Entregue","420.3","3952","481","T-Shirt Belo Retrato","T-Shirt Belo Retrato","1662","2986","1662PAMARELO","Amarelo - P","39","Outlet","1","68.85","0","68.85","0","t-shirt-belo-retrato"
"0012410691329","3952","2024-10-05 21:08:24-03","1","8","Entregue","420.3","3952","457","Vestido Crinas","Vestido Crinas","1663","2321","1663P","P","20","Vestido","1","163.85","0","163.85","0","vestido-longo"
"0012410691329","3952","2024-10-05 21:08:24-03","1","8","Entregue","420.3","3952","425","Blusa Feminina  Campo Primavera Canelada","Blusa Feminina Campo Primavera Canelada","1658","2174","1658P","P","39","Outlet","1","89.9","0","89.9","0","blusa-feminina-campo-primavera-canelada"
"0012410691329","3952","2024-10-05 21:08:24-03","1","8","Entregue","420.3","3952","568","Blusa Feminina Sinatra","Blusa Feminina Sinatra","1775","2876","1775P","P","39","Outlet","1","97.7","0","97.7","0","Blusa-Feminina-Sinatra"
"0012410245425","3953","2024-10-06 17:06:20-03","1","8","Entregue","468.45","3953","651","Blusa Feminina Pandora CB","Blusa Feminina Pandora CB","1789","3335","1789M","M","39","Outlet","1","89.9","0","89.9","0","blusa-feminina-pandora-cb"
"0012410245425","3953","2024-10-06 17:06:20-03","1","8","Entregue","468.45","3953","605","Bata Feminina Duqueza ","Bata Feminina Duqueza CB","1804","3096","1804M","M","39","Outlet","1","89.9","0","89.9","0","bata-feminina-duqueza"
"0012410245425","3953","2024-10-06 17:06:20-03","1","8","Entregue","468.45","3953","450","Macacão Feminino Jasmine","Macação Feminino Jasmine","1656","2285","1656M","M","39","Outlet","1","118.85","0","118.85","0","macacao-feminino-jasmine"
"0012410245425","3953","2024-10-06 17:06:20-03","1","8","Entregue","468.45","3953","454","Kimono Feminino Romantic","Kimono Feminino Romantic","1677","2305","1677MOD2","Romantic","39","Outlet","1","79.9","0","79.9","0","kimono-tordilhos-unico-modelo2"
"0012410245425","3953","2024-10-06 17:06:20-03","1","8","Entregue","468.45","3953","417","Jaqueta Feminina  Beatrix","Jaqueta Feminina Beatrix","1621","2136","1621M","M","39","Outlet","1","89.9","0","89.9","0","jaqueta-feminina-breatrix"
"0012410670055","3954","2024-10-08 16:32:17-03","3","8","Entregue","0","3954","134","Colete Camaféu","Colete Equus Preto Cabana","1347","485","1347M","M","39","Outlet","1","89.9","0","89.9","19.56","colete-equus-preto-cabana"
"0012410929660","3955","2024-10-09 08:01:53-03","1","8","Entregue","244.82","3955","729","Calça Feminina Boot Cut Paty","Calça Feminina Boot Cut Paty","1914","3795","191438","38","8","Calça","1","257.7","12.88","244.82","0","calca-feminina-boot-cut-paty"
"0012410184375","3956","2024-10-09 11:09:23-03","3","8","Entregue","0","3956","763","Chemise Feminina Bridão","Chemise Feminina Bridão","1944","3944","1944GG","GG","16","Camisete","1","267.7","0","267.7","0","chemise-feminina-bridao-1944"
"0012410980960","3957","2024-10-09 13:40:05-03","3","8","Entregue","254.32","3957","763","Chemise Feminina Bridão","Chemise Feminina Bridão","1944","3944","1944GG","GG","16","Camisete","1","267.7","13.38","254.32","0","chemise-feminina-bridao-1944"
"0012410097186","3958","2024-10-09 13:48:33-03","3","8","Entregue","240.22","3958","602","Blusa Feminina Relíquia","Blusa Feminina Relíquia","1800","3081","1800M","M","48","Verão 2024","1","147.7","7.38","140.32","0","blusa-feminina-reliquia"
"0012410097186","3958","2024-10-09 13:48:33-03","3","8","Entregue","240.22","3958","156","Jaqueta Jeans Luxo Horse","Jaqueta Jeans Luxo Horse","1467","593","1467M","M","40","Inverno 2021","1","99.9","0","99.9","0","jaqueta-jeans-luxo-horse"
"0012410996996","3959","2024-10-10 12:51:49-03","3","8","Entregue","0","3959","720","Moletom Feminino Andravida","Moletom Feminino Andravida","1909","3742","1909GG","GG","39","Outlet","1","167.7","0","167.7","0","moletom-feminino-andravida"
"0012410887412","3960","2024-10-10 12:57:44-03","3","8","Entregue","254.32","3960","763","Chemise Feminina Bridão","Chemise Feminina Bridão","1944","3944","1944GG","GG","16","Camisete","1","267.7","13.38","254.32","0","chemise-feminina-bridao-1944"
"0012410442316","3961","2024-10-10 13:04:41-03","3","8","Entregue","254.22","3961","427","Blusa Guapa","Blusa Guapa","1659","2187","1659ROSAG","Pink - G","14","Manga Longa","1","99.9","5","94.9","0","blusa-guapa"
"0012410442316","3961","2024-10-10 13:04:41-03","3","8","Entregue","254.22","3961","720","Moletom Feminino Andravida","Moletom Feminino Andravida","1909","3740","1909M","M","39","Outlet","1","167.7","8.38","159.32","0","moletom-feminino-andravida"
"0012410937476","3962","2024-10-10 13:07:42-03","3","8","Entregue","0","3962","406","Conjunto Feminino  Corta Vento Maya","Conjunto Feminino Corta Vento Maya","1632","2074","1632LILASP","LILAS - P","39","Outlet","1","99.9","0","99.9","0","bomber-corta-vento-feminino-maya"
"0012410937476","3962","2024-10-10 13:07:42-03","3","8","Entregue","0","3962","406","Conjunto Feminino  Corta Vento Maya","Conjunto Feminino Corta Vento Maya","1632","2072","1632ROSAGG","Pink - GG","39","Outlet","1","99.9","0","99.9","0","bomber-corta-vento-feminino-maya"
"0012410928523","3963","2024-10-11 15:23:53-03","3","8","Entregue","178.32","3963","316","Body Feminino Realeza","Body Feminino Realeza","1541","1530","1541G","G","45","Lançamentos","1","187.7","9.38","178.32","0","body-feminino-realeza"
"0012410241491","3964","2024-10-12 08:54:49-03","1","8","Entregue","159.32","3964","637","Vestido Falabella","Vestido Falabella","1815","3263","1815P","P","39","Outlet","1","167.7","8.38","159.32","0","vestido-falabella"
"0012410907123","3965","2024-10-13 19:47:06-03","1","8","Entregue","515.4","3965","168","Calça Jeans Feminina Boot Cut Morgan ","Calça Jeans Feminina Boot Cut Morgan ","1260","677","126042","42","8","Calça","1","257.7","0","257.7","0","calca-jeans-feminina-boot-cut-morgan"
"0012410907123","3965","2024-10-13 19:47:06-03","1","8","Entregue","515.4","3965","158","Calça Jeans Feminina Boot Cut Cabana","Calça Jeans Feminina Boot Cut Cabana","1186","606","118642","42","46","Mais Vendidos","1","257.7","0","257.7","0","calca-jeans-feminina-boot-cut-cabana"
"0012410009370","3966","2024-10-14 07:42:47-03","1","8","Entregue","150.38","3966","672","Vestido Feminino  Love Horses","Vestido Feminino Love Horses","1865","3480","1865MPINK","Pink - M","39","Outlet","1","137.7","6.88","130.82","19.56","vestido-feminino-love-horses"
"0012410434718","3967","2024-10-15 08:40:53-03","3","8","Entregue","0","3967","743","Blusa Feminina Núbia","Blusa Feminina Núbia","1927","3864","1927G","G","3","Blusas","1","147.7","7.38","140.32","0","blusa-feminina-nubia"
"0012410434718","3967","2024-10-15 08:40:53-03","3","8","Entregue","0","3967","673","Blusa Feminina Livia","Blusa Feminina Livia","1858","3491","1858G","G","6","Manga curta","1","147.7","7.38","140.32","0","blusa-feminina-livia"
"0012410570815","3968","2024-10-15 08:42:20-03","3","8","Entregue","0","3968","707","Bombacha Feminina Grazi","Bombacha Feminina Grazi","1898","3677","189840","40","8","Calça","1","297.7","0","297.7","0","bombacha-feminina-grazi"
"0012410092136","3969","2024-10-17 11:26:22-03","3","8","Entregue","463.77","3969","334","Pulseira Feminina Laços","Pulseira Feminina Laços","001PULSEIRALACOS","2008","001PULSEIRALACOS6","Modelo6","30","Pulseira","1","99.9","9.99","89.91","0","pulseira-lacos-modelo6"
"0012410092136","3969","2024-10-17 11:26:22-03","3","8","Entregue","463.77","3969","531","Chemise Feminina Bridão","Chemise Feminina Bridão","1752","2669","1752GG","GG","46","Mais Vendidos","1","267.7","26.77","240.93","0","chemise-feminina-bridao"
"0012410092136","3969","2024-10-17 11:26:22-03","3","8","Entregue","463.77","3969","642","Blusa Feminina Camila","Blusa Feminina Camila","1841","3291","1841GG","GG","3","Blusas","1","147.7","14.77","132.93","0","blusa-feminina-camila"
"0012410490365","3970","2024-10-18 01:08:48-03","1","8","Entregue","151.38","3970","476","Regata Feminina Neblina","Regata Feminina Neblina","1694","2412","1694-P","P","39","Outlet","1","137.7","6.88","130.82","20.56","regata-feminina-neblina"
"0012410822235","3971","2024-10-18 09:07:30-03","1","8","Entregue","163.75","3971","595","BLUSA  ARIZONA","BLUSA  ARIZONA","1791","3052","1791GG","GG","39","Outlet","1","89.9","0","89.9","0","blusa-arizona"
"0012410822235","3971","2024-10-18 09:07:30-03","1","8","Entregue","163.75","3971","492","Cropped Feminino Equus","Cropped Feminino Equus","1690","2495","1690G","G","39","Outlet","1","73.85","0","73.85","0","cropped-feminino-equus"
"0012410578403","3972","2024-10-18 09:30:52-03","1","8","Entregue","349.32","3972","715","Jaqueta Feminina Strass Luxo","Jaqueta Feminina Strass Luxo","1893","3729","1893GG","GG","13","Jaqueta","1","367.7","18.38","349.32","0","jaqueta-feminina-strass-luxo"
"0012410030452","3973","2024-10-18 16:04:22-03","1","8","Entregue","327.7","3973","632","Vestido Feminino Aline","Vestido Feminino Aline","1803","3238","1803G","G","39","Outlet","1","327.7","0","327.7","0","vestido-feminino-aline"
"0012410439272","3974","2024-10-18 21:36:36-03","1","2","Cancelado","287.7","3974","658","Calça Feminina Boot Cut Júlia","Calça Feminina Boot Cut Júlia","1860","3391","186038","38","8","Calça","1","287.7","0","287.7","0","calca-feminina-boot-cut-julia"
"0012410574800","3975","2024-10-18 21:39:48-03","1","8","Entregue","287.7","3975","658","Calça Feminina Boot Cut Júlia","Calça Feminina Boot Cut Júlia","1860","3391","186038","38","8","Calça","1","287.7","0","287.7","0","calca-feminina-boot-cut-julia"
"0012410078311","3976","2024-10-19 11:05:57-03","1","8","Entregue","189.91","3976","746","Calça Feminina Cargo Cabana","Calça Feminina Cargo Cabana","1935","3882","1935P","P","39","Outlet","1","199.9","9.99","189.91","0","calca-feminina-cargo-cabana"
"0012410568137","3977","2024-10-19 14:23:07-03","1","8","Entregue","468.1","3977","450","Macacão Feminino Jasmine","Macação Feminino Jasmine","1656","2287","1656GG","GG","39","Outlet","1","118.85","0","118.85","0","macacao-feminino-jasmine"
"0012410568137","3977","2024-10-19 14:23:07-03","1","8","Entregue","468.1","3977","430","Shorts Feminino Aurora","Shorts Feminino Aurora","1647","2210","1647GG","GG","39","Outlet","1","83.85","0","83.85","0","shorts-feminino-aurora"
"0012410568137","3977","2024-10-19 14:23:07-03","1","8","Entregue","468.1","3977","701","Colete Feminino Mustang","Colete Feminino Mustang","1894","3636","1894GG","GG","39","Outlet","1","167.7","0","167.7","0","colete-feminino-mustang"
"0012410568137","3977","2024-10-19 14:23:07-03","1","8","Entregue","468.1","3977","287","Blusa Feminina Ciganinha Princesa","Blusa Feminina Ciganinha Princesa","1526","1392","1526G","G","39","Outlet","1","97.7","0","97.7","0","blusa-feminina-princesa"
"0012410929435","3978","2024-10-20 14:37:50-03","1","8","Entregue","506.46","3978","696","Moletom Feminino Silvane ","Moletom Feminino Silvane ","1877","3668","1877GG","GG","39","Outlet","1","167.7","8.38","159.32","0","moletom-feminino-silvane"
"0012410929435","3978","2024-10-20 14:37:50-03","1","8","Entregue","506.46","3978","639","Camisete Lúcia","Camisete Lúcia","1816","3276","1816GG","GG","16","Camisete","1","197.7","9.88","187.82","0","camisete-lucia"
"0012410929435","3978","2024-10-20 14:37:50-03","1","8","Entregue","506.46","3978","701","Colete Feminino Mustang","Colete Feminino Mustang","1894","3636","1894GG","GG","39","Outlet","1","167.7","8.38","159.32","0","colete-feminino-mustang"
"0012410596806","3979","2024-10-21 09:57:36-03","1","8","Entregue","131.84","3979","450","Macacão Feminino Jasmine","Macação Feminino Jasmine","1656","2286","1656G","G","39","Outlet","1","118.85","5.94","112.91","18.93","macacao-feminino-jasmine"
"0012410523643","3980","2024-10-22 09:28:13-03","1","8","Entregue","257.7","3980","729","Calça Feminina Boot Cut Paty","Calça Feminina Boot Cut Paty","1914","3795","191438","38","8","Calça","1","257.7","0","257.7","0","calca-feminina-boot-cut-paty"
"0012410973797","3981","2024-10-22 09:43:05-03","1","8","Entregue","217.7","3981","231","Calça Skinny Feminina Linhas Continuas","Calça Skinny Feminina Linhas Continuas","1485","1109","148538","38","8","Calça","1","217.7","0","217.7","0","calca-skinny-feminina-linhas-continuas"
"0012410818916","3982","2024-10-22 10:12:54-03","3","8","Entregue","236","3982","244","Camisete Feminina Gateado","Camisete Feminina Gateado","1498","1246","1498G","G","46","Mais Vendidos","1","247.7","11.7","236","0","camisete-feminina-gateado"
"0012410608891","3983","2024-10-22 11:04:30-03","1","8","Entregue","666.87","3983","744","Cropped Feminino Núbia","Cropped  Feminino Núbia","1928","3870","1928M","M","6","Manga curta","1","157.7","7.88","149.82","0","cropped-feminino-nubia"
"0012410608891","3983","2024-10-22 11:04:30-03","1","8","Entregue","666.87","3983","724","Colete Fronteira","Colete Fronteira","1721MARROM","3769","1721GMARROM","G","39","Outlet","1","137.7","6.88","130.82","0","colete-fronteira-1721marrom"
"0012410608891","3983","2024-10-22 11:04:30-03","1","8","Entregue","666.87","3983","630","Vestido Feminino Simone","Vestido Simone","1842","3227","1842M","M","20","Vestido","1","327.7","16.38","311.32","0","vestido-feminino-simone"
"0012410608891","3983","2024-10-22 11:04:30-03","1","8","Entregue","666.87","3983","501","Cropped FemininoTexas","Cropped Feminino Texas","1706","2534","1706G","G","48","Verão 2024","1","78.85","3.94","74.91","0","cropped-feminino-texas"
"0012410714823","3984","2024-10-22 11:53:38-03","3","8","Entregue","206.82","3984","231","Calça Skinny Feminina Linhas Continuas","Calça Skinny Feminina Linhas Continuas","1485","1112","148544","44","8","Calça","1","217.7","10.88","206.82","0","calca-skinny-feminina-linhas-continuas"
"0012410716821","3985","2024-10-22 13:46:46-03","1","8","Entregue","405.4","3985","729","Calça Feminina Boot Cut Paty","Calça Feminina Boot Cut Paty","1914","3794","191440","40","8","Calça","1","257.7","0","257.7","0","calca-feminina-boot-cut-paty"
"0012410716821","3985","2024-10-22 13:46:46-03","1","8","Entregue","405.4","3985","593","Blusa Feminina Horse Cabana","Blusa Feminina Horse Cabana","1797","3040","1797M","M","48","Verão 2024","1","147.7","0","147.7","0","blusa-feminina-horse-cabana"
"0012410062497","3986","2024-10-22 18:11:08-03","1","8","Entregue","347.7","3986","438","Vestido Feminino Tropilha","Vestido Feminino Tropilha","1654","2236","1654G","G","46","Mais Vendidos","1","347.7","0","347.7","0","vestido-feminino-tropilha"
"0012410282694","3987","2024-10-23 09:52:03-03","1","8","Entregue","343.1","3987","624","Cropped Feminino Mariana","Cropped Feminino Mariana","1811","3199","1811GG","GG","39","Outlet","1","97.7","0","97.7","0","cropped-feminino-mariana"
"0012410282694","3987","2024-10-23 09:52:03-03","1","8","Entregue","343.1","3987","568","Blusa Feminina Sinatra","Blusa Feminina Sinatra","1775","2879","1775GG","GG","39","Outlet","1","97.7","0","97.7","0","Blusa-Feminina-Sinatra"
"0012410282694","3987","2024-10-23 09:52:03-03","1","8","Entregue","343.1","3987","618","Cropped  FemininoTatiana","Cropped Feminino Tatiana","1814","3167","1814GG","GG","48","Verão 2024","1","147.7","0","147.7","0","cropped-feminino-tatiana"
"0012410189959","3988","2024-10-23 11:21:47-03","1","8","Entregue","271.14","3988","504","Cropped Feminino Realeza","Cropped Feminino Realeza","1712","2547","1712G","G","10","Regata","1","157.7","7.88","149.82","0","cropped-feminino-realeza"
"0012410189959","3988","2024-10-23 11:21:47-03","1","8","Entregue","271.14","3988","441","Colar Touro","Colar Touro","004COLARCAVALO","2245","004COLARTOURO2","Modelo2","31","Colar","1","127.7","6.38","121.32","0","colar-touro-modelo2"
"0012410101294","3989","2024-10-24 11:17:07-03","1","8","Entregue","461.14","3989","748","Regata Feminina Modeladora Realeza","Regata Feminina Modeladora Realeza","1941","3890","1941G","G","6","Manga curta","1","167.7","8.38","159.32","0","regata-feminina-modeladora-realeza"
"0012410101294","3989","2024-10-24 11:17:07-03","1","8","Entregue","461.14","3989","576","Jaqueta Feminina Maxi Ônix","Jaqueta Feminina Max Ônix","1780","2927","1780G","G","46","Mais Vendidos","1","317.7","15.88","301.82","0","jaqueta-feminina-max-onix"
"0012410373705","3990","2024-10-25 09:38:16-03","1","8","Entregue","254.32","3990","529","Chemise Frísio","Chemise Frísio","1744","2656","1744G","G","16","Camisete","1","267.7","13.38","254.32","0","chemise-frisio"
"0012410571283","3991","2024-10-25 13:42:10-03","1","8","Entregue","113.29","3991","722","Blusa Feminina Susamar","Blusa Feminina Susamar","1897","3758","1897TERRAGG","terra - GG","39","Outlet","1","87.7","0","87.7","25.59","blusa-feminina-susamar"
"0012410274908","3992","2024-10-26 13:18:22-03","1","8","Entregue","131.84","3992","450","Macacão Feminino Jasmine","Macação Feminino Jasmine","1656","2285","1656M","M","39","Outlet","1","118.85","5.94","112.91","18.93","macacao-feminino-jasmine"
"0012410903677","3993","2024-10-26 13:18:47-03","1","8","Entregue","294.93","3993","641","Vestido Feminino Amanda","Vestido Feminino Amanda","1833","3283","1833P","P","39","Outlet","1","327.7","32.77","294.93","0","vestido-feminino-amanda"
"0012410868092","3994","2024-10-27 12:11:49-03","1","8","Entregue","109.1","3994","644","Blusa Feminina Tamiris","Blusa Feminina Tamiris","1818","3299","1818M","M","39","Outlet","1","87.7","4.38","83.32","25.78","blusa-feminina-tamiris"
"0012410411775","3995","2024-10-28 09:50:03-03","1","8","Entregue","292.32","3995","244","Camisete Feminina Gateado","Camisete Feminina Gateado","1498","1245","1498M","M","46","Mais Vendidos","1","247.7","0","292.32","0","camisete-feminina-gateado"
"0012410129448","3996","2024-10-28 11:43:11-03","1","8","Entregue","327.7","3996","630","Vestido Feminino Simone","Vestido Simone","1842","3228","1842G","G","20","Vestido","1","327.7","0","327.7","0","vestido-feminino-simone"
"0012410589356","3997","2024-10-28 11:57:45-03","3","8","Entregue","404.99","3997","701","Colete Feminino Mustang","Colete Feminino Mustang","1894","3635","1894G","G","39","Outlet","1","167.7","73.73","93.97","0","colete-feminino-mustang"
"0012410589356","3997","2024-10-28 11:57:45-03","3","8","Entregue","404.99","3997","44","Calça Feminina Boot Cut Pandora","Calça Feminina Boot Cut Pandora","1406","76","140640","40","39","Outlet","1","297.7","130.99","166.71","0","calca-feminina-boot-cut-pandora"
"0012410589356","3997","2024-10-28 11:57:45-03","3","8","Entregue","404.99","3997","747","Camisete Feminina Pampa","Camisete Feminina Pampa","1916","3887","1916G","G","39","Outlet","1","257.7","113.39","144.31","0","camisete-feminina-pampa"
"0012410443739","3998","2024-10-28 11:59:56-03","3","8","Entregue","0","3998","626","Blusa Feminina Patches","Blusa Feminina Patches","1839","3208","1839G","G","39","Outlet","1","87.7","0","87.7","0","blusa-feminina-patches"
"0012410952320","3999","2024-10-28 13:07:03-03","3","8","Entregue","273.32","3999","658","Calça Feminina Boot Cut Júlia","Calça Feminina Boot Cut Júlia","1860","3393","186042","42","8","Calça","1","287.7","14.38","273.32","0","calca-feminina-boot-cut-julia"
"0012410642008","4000","2024-10-29 12:33:23-03","1","8","Entregue","189.91","4000","511","Vestido Feminino Vicenza","Vestido Vicenza","1734","2583","1734GG","GG","20","Vestido","1","199.9","9.99","189.91","0","vestido-feminino-vicenza"
"0012410328535","4001","2024-10-29 13:25:52-03","1","8","Entregue","195.93","4001","231","Calça Skinny Feminina Linhas Continuas","Calça Skinny Feminina Linhas Continuas","1485","1109","148538","38","8","Calça","1","217.7","21.77","195.93","0","calca-skinny-feminina-linhas-continuas"
"0012410481040","4002","2024-10-30 11:53:36-03","3","8","Entregue","170.8","4002","178","T-shirt Original Cabana","T-shirt Original Cabana","1038","750","1038M","M","36","Verão 2021","1","89.9","4.5","85.4","0","t-shirt-original-cabana"
"0012410481040","4002","2024-10-30 11:53:36-03","3","8","Entregue","170.8","4002","178","T-shirt Original Cabana","T-shirt Original Cabana","1038","750","1038M","M","36","Verão 2021","1","89.9","4.5","85.4","0","t-shirt-original-cabana"
"0012410143832","4003","2024-10-31 09:52:22-03","3","8","Entregue","400","4003","624","Cropped Feminino Mariana","Cropped Feminino Mariana","1811","3197","1811M","M","39","Outlet","1","97.7","3.1","94.6","0","cropped-feminino-mariana"
"0012410143832","4003","2024-10-31 09:52:22-03","3","8","Entregue","400","4003","701","Colete Feminino Mustang","Colete Feminino Mustang","1894","3634","1894M","M","39","Outlet","1","167.7","0","167.7","0","colete-feminino-mustang"
"0012410143832","4003","2024-10-31 09:52:22-03","3","8","Entregue","400","4003","583","Colete Feminino Fronteira","Colete Feminino Fronteira","1721","2965","1721MARROMM","Marrom - M","39","Outlet","1","137.7","0","137.7","0","colete-feminina-fronteira"
"0012410818011","4004","2024-10-31 11:37:11-03","3","8","Entregue","347.7","4004","350","Vestido Feminino Querência","Vestido Feminino Querência","1569","1734","1569G","G","46","Mais Vendidos","1","347.7","0","347.7","0","vestido-feminino-querencia"
"0012411945457","4005","2024-11-03 06:23:55-03","1","2","Cancelado","178.32","4005","682","Body Feminino Amanda","Body Feminino Amanda","1872","3535","1872G","G","11","Body","1","187.7","9.38","178.32","0","body-feminino-amanda"
"0012411242207","4006","2024-11-03 06:31:34-03","1","8","Entregue","178.32","4006","682","Body Feminino Amanda","Body Feminino Amanda","1872","3535","1872G","G","11","Body","1","187.7","9.38","178.32","0","body-feminino-amanda"
"0012411411948","4007","2024-11-05 11:57:04-03","1","8","Entregue","187.7","4007","316","Body Feminino Realeza","Body Feminino Realeza","1541","1528","1541P","P","45","Lançamentos","1","187.7","0","187.7","0","body-feminino-realeza"
"0012411338777","4008","2024-11-06 15:48:11-03","1","8","Entregue","227.91","4008","676","Saia Feminina Envelope Cabana","Saia Feminina Envelope Cabana","1867","3509","1867G","G","1","Feminino","1","239.9","11.99","227.91","0","saia-feminina-envelope-cabana"
"0012411792734","4009","2024-11-06 19:28:29-03","1","8","Entregue","432.64","4009","529","Chemise Frísio","Chemise Frísio","1744","2654","1744P","P","16","Camisete","1","267.7","13.38","254.32","0","chemise-frisio"
"0012411792734","4009","2024-11-06 19:28:29-03","1","8","Entregue","432.64","4009","316","Body Feminino Realeza","Body Feminino Realeza","1541","1528","1541P","P","45","Lançamentos","1","187.7","9.38","178.32","0","body-feminino-realeza"
"0012411565990","4010","2024-11-07 17:17:14-03","1","8","Entregue","267.7","4010","378","Chemise Feminina Valente","Chemise Feminino Valente","1604","1920","1604G","G","16","Camisete","1","267.7","0","267.7","0","chemise-feminina-valente"
"0012411691329","4011","2024-11-11 09:31:23-03","1","8","Entregue","405.4","4011","225","T-Shirt Feminina Andaluz","T-Shirt Feminina Andaluz","1086","1075","1086GG","GG","6","Manga curta","1","147.7","0","147.7","0","t-shirt-feminina-andaluz"
"0012411691329","4011","2024-11-11 09:31:23-03","1","8","Entregue","405.4","4011","588","Calça Jeans Feminina Nobreza Cabana","Calça Jeans Feminina Nobreza Cabana","1808","3021","180844","44","8","Calça","1","257.7","0","257.7","0","calca-jeans-feminina-nobreza-cabana"
"0012411245425","4012","2024-11-12 09:58:47-03","1","8","Entregue","254.32","4012","763","Chemise Feminina Bridão","Chemise Feminina Bridão","1944","3944","1944GG","GG","16","Camisete","1","267.7","13.38","254.32","0","chemise-feminina-bridao-1944"
"0012411670055","4013","2024-11-12 10:03:04-03","1","8","Entregue","159.88","4013","225","T-Shirt Feminina Andaluz","T-Shirt Feminina Andaluz","1086","1074","1086G","G","6","Manga curta","1","147.7","7.38","140.32","19.56","t-shirt-feminina-andaluz"
"0012411929660","4014","2024-11-12 10:21:12-03","1","8","Entregue","291.67","4014","796","Colar Feminino Prenda Cabana","Colar Feminino Prenda Cabana","1975","4047","1975U","Único","31","Colar","1","129.9","0","129.9","15.94","colar-feminino-prenda-cabana-1975"
"0012411929660","4014","2024-11-12 10:21:12-03","1","8","Entregue","291.67","4014","791","Colar Feminino Ellos Cabana","Colar Feminino Ellos Cabana","1970","4034","1970U","Único","31","Colar","1","129.9","0","129.9","15.93","colar-feminino-ellos-cabana-1970"
"0012411184375","4015","2024-11-12 10:53:22-03","1","8","Entregue","179.91","4015","511","Vestido Feminino Vicenza","Vestido Vicenza","1734","2581","1734M","M","20","Vestido","1","199.9","19.99","179.91","0","vestido-feminino-vicenza"
"0012411980960","4016","2024-11-16 10:23:28-03","1","8","Entregue","159.32","4016","622","Bata Feminina Marília","Bata Marília","1829","3186","1829BRANCO","Branco","39","Outlet","1","167.7","8.38","159.32","0","bata-feminina-marilia"
"0012411097186","4017","2024-11-16 12:19:38-03","1","8","Entregue","254.32","4017","763","Chemise Feminina Bridão","Chemise Feminina Bridão","1944","3944","1944GG","GG","16","Camisete","1","267.7","13.38","254.32","0","chemise-feminina-bridao-1944"
"0012411996996","4018","2024-11-17 16:36:39-03","1","8","Entregue","104.97","4018","351","Regata Feminina Amanhecer","Regata Feminina Amanhecer","1580","1738","1580M","M","1","Feminino","1","89.9","4.49","85.41","19.56","regata-feminina-amanhecer"
"0012411887412","4019","2024-11-18 10:44:07-03","3","8","Entregue","157.7","4019","504","Cropped Feminino Realeza","Cropped Feminino Realeza","1712","2546","1712M","M","10","Regata","1","157.7","0","157.7","0","cropped-feminino-realeza"
"0012411442316","4020","2024-11-18 14:42:32-03","3","8","Entregue","0","4020","729","Calça Feminina Boot Cut Paty","Calça Feminina Boot Cut Paty","1914","3794","191440","40","8","Calça","1","257.7","25.77","231.93","0","calca-feminina-boot-cut-paty"
"0012411937476","4021","2024-11-18 15:22:58-03","1","8","Entregue","247.7","4021","244","Camisete Feminina Gateado","Camisete Feminina Gateado","1498","1245","1498M","M","46","Mais Vendidos","1","247.7","0","247.7","0","camisete-feminina-gateado"
"0012411928523","4022","2024-11-18 16:22:19-03","1","8","Entregue","404.08","4022","588","Calça Jeans Feminina Nobreza Cabana","Calça Jeans Feminina Nobreza Cabana","1808","3019","180840","40","8","Calça","1","257.7","38.66","219.04","0","calca-jeans-feminina-nobreza-cabana"
"0012411928523","4022","2024-11-18 16:22:19-03","1","8","Entregue","404.08","4022","167","Calça Skinny Feminina Carrossel","Calça Skinny Feminina Carrossel","1151","669","115140","40","8","Calça","1","217.7","32.66","185.04","0","calca-skinny-feminina-carrossel"
"0012411241491","4023","2024-11-19 11:17:51-03","3","8","Entregue","0","4023","658","Calça Feminina Boot Cut Júlia","Calça Feminina Boot Cut Júlia","1860","3390","186036","36","8","Calça","1","287.7","0","287.7","0","calca-feminina-boot-cut-julia"
"0012411907123","4024","2024-11-20 18:35:46-03","1","8","Entregue","166.63","4024","639","Camisete Lúcia","Camisete Lúcia","1816","3274","1816M","M","16","Camisete","1","175.4","8.77","166.63","0","camisete-lucia"
"0012411009370","4025","2024-11-21 10:54:01-03","1","8","Entregue","589.86","4025","763","Chemise Feminina Bridão","Chemise Feminina Bridão","1944","3944","1944GG","GG","16","Camisete","1","267.7","26.77","240.93","0","chemise-feminina-bridao-1944"
"0012411009370","4025","2024-11-21 10:54:01-03","1","8","Entregue","589.86","4025","751","Vestido Feminino Tule Núbia","Vestido Feminino Tule Núbia","1938","3903","1938GG","GG","20","Vestido","1","387.7","38.77","348.93","0","vestido-feminino-tule-nubia"
"0012411434718","4026","2024-11-21 12:33:13-03","1","8","Entregue","257.7","4026","729","Calça Feminina Boot Cut Paty","Calça Feminina Boot Cut Paty","1914","3792","191444","44","8","Calça","1","257.7","0","257.7","0","calca-feminina-boot-cut-paty"
"0012411570815","4027","2024-11-22 09:24:48-03","3","8","Entregue","0","4027","457","Vestido Crinas","Vestido Crinas","1663","2321","1663P","P","20","Vestido","1","163.85","0","163.85","0","vestido-longo"
"0012411092136","4028","2024-11-22 14:42:41-03","3","8","Entregue","0","4028","658","Calça Feminina Boot Cut Júlia","Calça Feminina Boot Cut Júlia","1860","3392","186040","40","8","Calça","1","287.7","0","287.7","0","calca-feminina-boot-cut-julia"
"0012411490365","4029","2024-11-24 10:29:49-03","1","8","Entregue","94.47","4029","458","Regata Linhas Equestres","Regata Linhas Equestres","1664","2326","1664P","P","3","Blusas","1","78.85","3.94","74.91","19.56","regata-nova"
"0012411822235","4030","2024-11-24 19:36:56-03","1","8","Entregue","167.5","4030","626","Blusa Feminina Patches","Blusa Feminina Patches","1839","3207","1839M","M","39","Outlet","1","87.7","0","87.7","0","blusa-feminina-patches"
"0012411822235","4030","2024-11-24 19:36:56-03","1","8","Entregue","167.5","4030","692","Top Feminino Sofia","Top Feminino Sofia","1889","3584","1889M","M","39","Outlet","1","79.8","0","79.8","0","top-feminino-sofia"
"0012411578403","4031","2024-11-24 20:45:02-03","1","8","Entregue","219.4","4031","600","T-shirt Turmalina","T-shirt Turmalina","1796","3075","1796M","M","48","Verão 2024","1","79.8","0","79.8","0","t-shirt-turmalina"
"0012411578403","4031","2024-11-24 20:45:02-03","1","8","Entregue","219.4","4031","700","Blusa Helena","Blusa Helena","1869","3629","1869M","M","39","Outlet","1","79.8","0","79.8","0","blusa-helena"
"0012411578403","4031","2024-11-24 20:45:02-03","1","8","Entregue","219.4","4031","775","Camiseta Feminina Black Rodeo","Camiseta Feminina Black Rodeo","1956","3997","1956M","M","6","Manga curta","1","59.8","0","59.8","0","camiseta-feminina-black-rodeo"
"0012411030452","4032","2024-11-26 10:53:09-03","3","8","Entregue","268.45","4032","474","Blusa Flicka","Blusa Flicka","1687","2405","1687G","G","39","Outlet","1","79.8","0.1","79.7","0","blusa-flicka"
"0012411030452","4032","2024-11-26 10:53:09-03","3","8","Entregue","268.45","4032","495","Body Feminino Flicka Paetê","Body Feminino Flicka Paetê","1686","2503","1686GG","GG","11","Body","1","108.85","0","108.85","0","body-feminino-flicka-paete"
"0012411030452","4032","2024-11-26 10:53:09-03","3","8","Entregue","268.45","4032","585","Body Frísio","Body Frísio","1783","2995","1783GG","GG","11","Body","1","79.9","0","79.9","0","body-frisio"
"0012411439272","4033","2024-11-26 11:13:45-03","3","2","Cancelado","104.96","4033","351","Regata Feminina Amanhecer","Regata Feminina Amanhecer","1580","1738","1580M","M","1","Feminino","1","89.9","4.5","85.4","19.56","regata-feminina-amanhecer"
"0012411574800","4034","2024-11-26 13:10:32-03","1","2","Cancelado","126.3","4034","406","Conjunto Feminino  Corta Vento Maya","Conjunto Feminino Corta Vento Maya","1632","2074","1632LILASP","LILAS - P","39","Outlet","1","99.8","0","99.8","26.5","bomber-corta-vento-feminino-maya"
"0012411078311","4035","2024-11-26 14:30:38-03","1","8","Entregue","126.3","4035","406","Conjunto Feminino  Corta Vento Maya","Conjunto Feminino Corta Vento Maya","1632","2074","1632LILASP","LILAS - P","39","Outlet","1","99.8","0","99.8","26.5","bomber-corta-vento-feminino-maya"
"0012411568137","4036","2024-11-26 15:56:21-03","1","7","Transporte","2106","4036","745","Saia Feminina Midi Marly","Saia Feminina Midi Marly","1937","3877","193736","36","9","Saia","1","257.7","0","257.7","0","saia-feminina-midi-marly"
"0012411568137","4036","2024-11-26 15:56:21-03","1","7","Transporte","2106","4036","745","Saia Feminina Midi Marly","Saia Feminina Midi Marly","1937","3876","193738","38","9","Saia","1","257.7","0","257.7","0","saia-feminina-midi-marly"
"0012411568137","4036","2024-11-26 15:56:21-03","1","7","Transporte","2106","4036","803","Vestido Feminino Tule Campo Primavera","Vestido Feminino Tule Campo Primavera","1987","4072","1987M","M","20","Vestido","1","387.7","0","387.7","0","vestido-feminino-tule-campo-primavera"
"0012411568137","4036","2024-11-26 15:56:21-03","1","7","Transporte","2106","4036","802","Vestido Feminino Tule Aurora","Vestido Feminino Tule Aurora","1986","4065","1986GG","GG","20","Vestido","1","387.7","0","387.7","0","vestido-feminino-tule-aurora"
"0012411568137","4036","2024-11-26 15:56:21-03","1","7","Transporte","2106","4036","803","Vestido Feminino Tule Campo Primavera","Vestido Feminino Tule Campo Primavera","1987","4073","1987P","P","20","Vestido","1","387.7","0","387.7","0","vestido-feminino-tule-campo-primavera"
"0012411568137","4036","2024-11-26 15:56:21-03","1","7","Transporte","2106","4036","773","Vestido Feminino Linho Terracota Camila","Vestido Feminino Linho Terracota Camila","1953","3988","1953G","G","39","Outlet","1","347.7","0","347.7","0","vestido-feminino-linho-terracota-camila"
"0012411568137","4036","2024-11-26 15:56:21-03","1","7","Transporte","2106","4036","689","Top Jessica","Top Jessica","1886","3571","1886GG","GG","6","Manga curta","1","79.8","0","79.8","0","top-jessica"
"0012411929435","4037","2024-11-26 16:00:40-03","1","8","Entregue","199.4","4037","366","T-shirt Feminina Traços Equestres","T-shirt Feminino Traços Equestres","1595","1849","1595M","M","6","Manga curta","1","79.8","0","79.8","0","t-shirt-feminino-tracos-equestres"
"0012411929435","4037","2024-11-26 16:00:40-03","1","8","Entregue","199.4","4037","774","Camiseta Feminina Off Rodeo ","Camiseta Feminina Off Rodeo ","1955","3993","1955M","M","6","Manga curta","1","59.8","0","59.8","0","camiseta-feminina-off-rodeo"
"0012411929435","4037","2024-11-26 16:00:40-03","1","8","Entregue","199.4","4037","775","Camiseta Feminina Black Rodeo","Camiseta Feminina Black Rodeo","1956","3997","1956M","M","6","Manga curta","1","59.8","0","59.8","0","camiseta-feminina-black-rodeo"
"0012411596806","4038","2024-11-26 16:41:44-03","1","8","Entregue","158.65","4038","636","Cropped Feminino Carolina","Cropped Feminino Carolina","1807","3261","1807GG","GG","39","Outlet","1","78.85","0","78.85","0","cropped-feminino-carolina"
"0012411596806","4038","2024-11-26 16:41:44-03","1","8","Entregue","158.65","4038","597","T-Shirt Feminina Liberdade","T-Shirt Feminina Liberdade","1795","3062","1795GG","GG","48","Verão 2024","1","79.8","0","79.8","0","t-shirt-feminina-liberdade"
"0012411523643","4039","2024-11-28 10:05:02-03","1","8","Entregue","1758.5","4039","737","Vestido Feminino Midi Roberta","Vestido Feminino Midi Roberta","1919","3833","1919GG","GG","39","Outlet","1","347.7","0","347.7","0","vestido-feminino-midi-roberta"
"0012411523643","4039","2024-11-28 10:05:02-03","1","8","Entregue","1758.5","4039","630","Vestido Feminino Simone","Vestido Simone","1842","3229","1842GG","GG","20","Vestido","1","327.7","0","327.7","0","vestido-feminino-simone"
"0012411523643","4039","2024-11-28 10:05:02-03","1","8","Entregue","1758.5","4039","438","Vestido Feminino Tropilha","Vestido Feminino Tropilha","1654","2236","1654G","G","46","Mais Vendidos","1","347.7","0","347.7","0","vestido-feminino-tropilha"
"0012411523643","4039","2024-11-28 10:05:02-03","1","8","Entregue","1758.5","4039","740","Vestido Feminino Midi Núbia","Vestido Midi Feminino Núbia","1925","3848","1925GG","GG","39","Outlet","1","347.7","0","347.7","0","vestido-feminino-midi-nubia"
"0012411523643","4039","2024-11-28 10:05:02-03","1","8","Entregue","1758.5","4039","751","Vestido Feminino Tule Núbia","Vestido Feminino Tule Núbia","1938","3903","1938GG","GG","20","Vestido","1","387.7","0","387.7","0","vestido-feminino-tule-nubia"
"0012411973797","4040","2024-11-28 17:12:24-03","1","8","Entregue","487.6","4040","576","Jaqueta Feminina Maxi Ônix","Jaqueta Feminina Max Ônix","1780","2926","1780M","M","46","Mais Vendidos","1","317.7","0","317.7","0","jaqueta-feminina-max-onix"
"0012411973797","4040","2024-11-28 17:12:24-03","1","8","Entregue","487.6","4040","680","Colete Feminino Cabana Grazi","Colete Feminino Cabana Grazi","1880","3526","1880GG","GG","45","Lançamentos","1","169.9","0","169.9","0","colete-feminino-cabana-grazi"
"0012411818916","4041","2024-11-28 18:17:25-03","1","8","Entregue","317.7","4041","576","Jaqueta Feminina Maxi Ônix","Jaqueta Feminina Max Ônix","1780","2926","1780M","M","46","Mais Vendidos","1","317.7","0","317.7","0","jaqueta-feminina-max-onix"
"0012411608891","4042","2024-11-29 08:35:20-03","3","8","Entregue","115.46","4042","778","Pulseira Feminina Laços Cabana","Pulseira Feminina Laços Cabana","1957","4008","1957U","Único","30","Pulseira","1","99.9","5","94.9","20.56","pulseira-feminina-lacos-cabana-1957"
"0012411714823","4043","2024-11-29 12:36:09-03","1","8","Entregue","185.04","4043","167","Calça Skinny Feminina Carrossel","Calça Skinny Feminina Carrossel","1151","667","115136","36","8","Calça","1","217.7","32.66","185.04","0","calca-skinny-feminina-carrossel"
"0012411716821","4044","2024-11-29 22:54:35-03","1","2","Cancelado","348.93","4044","751","Vestido Feminino Tule Núbia","Vestido Feminino Tule Núbia","1938","3903","1938GG","GG","20","Vestido","1","387.7","38.77","348.93","0","vestido-feminino-tule-nubia"
"0012411062497","4045","2024-11-30 09:49:33-03","1","8","Entregue","254.16","4045","576","Jaqueta Feminina Maxi Ônix","Jaqueta Feminina Max Ônix","1780","2928","1780GG","GG","46","Mais Vendidos","1","317.7","63.54","254.16","0","jaqueta-feminina-max-onix"
"0012412945457","4046","2024-12-01 16:31:20-03","1","8","Entregue","387.7","4046","803","Vestido Feminino Tule Campo Primavera","Vestido Feminino Tule Campo Primavera","1987","4071","1987G","G","20","Vestido","1","387.7","0","387.7","0","vestido-feminino-tule-campo-primavera"
"0012412242207","4047","2024-12-02 12:07:35-03","1","8","Entregue","235.32","4047","244","Camisete Feminina Gateado","Camisete Feminina Gateado","1498","1245","1498M","M","46","Mais Vendidos","1","247.7","12.38","235.32","0","camisete-feminina-gateado"
"0012412411948","4048","2024-12-02 18:52:06-03","1","2","Cancelado","257.7","4048","168","Calça Jeans Feminina Boot Cut Morgan ","Calça Jeans Feminina Boot Cut Morgan ","1260","678","126044","44","8","Calça","1","257.7","0","257.7","0","calca-jeans-feminina-boot-cut-morgan"
"0012412338777","4049","2024-12-02 20:01:30-03","1","2","Cancelado","257.7","4049","168","Calça Jeans Feminina Boot Cut Morgan ","Calça Jeans Feminina Boot Cut Morgan ","1260","678","126044","44","8","Calça","1","257.7","0","257.7","0","calca-jeans-feminina-boot-cut-morgan"
"0012412792734","4050","2024-12-02 20:02:41-03","1","2","Cancelado","257.7","4050","168","Calça Jeans Feminina Boot Cut Morgan ","Calça Jeans Feminina Boot Cut Morgan ","1260","678","126044","44","8","Calça","1","257.7","0","257.7","0","calca-jeans-feminina-boot-cut-morgan"
"0012412565990","4051","2024-12-04 01:05:24-03","1","8","Entregue","334","4051","568","Blusa Feminina Sinatra","Blusa Feminina Sinatra","1775","2879","1775GG","GG","39","Outlet","1","79.8","15.96","63.84","0","Blusa-Feminina-Sinatra"
"0012412565990","4051","2024-12-04 01:05:24-03","1","8","Entregue","334","4051","468","Jaqueta Feminina AgroStar Cabana","Jaqueta Feminina AgroStar Cabana","1674","2380","1674GG","GG","13","Jaqueta","1","337.7","67.54","270.16","0","jaqueta-feminina-agrostar-cabana"
"0012412691329","4052","2024-12-04 08:57:26-03","3","8","Entregue","240.93","4052","629","Vestido Feminino Adriane","Vestido Adriane","1834","3221","1834P","P","39","Outlet","1","267.7","26.77","240.93","0","vestido-feminino-adriane"
"0012412245425","4053","2024-12-04 10:31:28-03","3","8","Entregue","99.36","4053","598","Cropped Feminino Redea Solta","Cropped Feminino Redea Solta","1799","3067","1799GG","GG","10","Regata","1","79.8","0","79.8","19.56","cropped-feminino-redea-solta"
"0012412670055","4054","2024-12-04 12:17:27-03","3","8","Entregue","0","4054","225","T-Shirt Feminina Andaluz","T-Shirt Feminina Andaluz","1086","1075","1086GG","GG","6","Manga curta","1","147.7","0","147.7","0","t-shirt-feminina-andaluz"
"0012412929660","4055","2024-12-04 20:32:18-03","1","2","Cancelado","257.7","4055","168","Calça Jeans Feminina Boot Cut Morgan ","Calça Jeans Feminina Boot Cut Morgan ","1260","678","126044","44","8","Calça","1","257.7","0","257.7","0","calca-jeans-feminina-boot-cut-morgan"
"0012412184375","4056","2024-12-04 20:32:48-03","1","2","Cancelado","257.7","4056","168","Calça Jeans Feminina Boot Cut Morgan ","Calça Jeans Feminina Boot Cut Morgan ","1260","678","126044","44","8","Calça","1","257.7","0","257.7","0","calca-jeans-feminina-boot-cut-morgan"
"0012412980960","4057","2024-12-04 20:33:24-03","1","2","Cancelado","257.7","4057","168","Calça Jeans Feminina Boot Cut Morgan ","Calça Jeans Feminina Boot Cut Morgan ","1260","678","126044","44","8","Calça","1","257.7","0","257.7","0","calca-jeans-feminina-boot-cut-morgan"
"0012412097186","4058","2024-12-04 20:34:33-03","1","2","Cancelado","257.7","4058","168","Calça Jeans Feminina Boot Cut Morgan ","Calça Jeans Feminina Boot Cut Morgan ","1260","678","126044","44","8","Calça","1","257.7","0","257.7","0","calca-jeans-feminina-boot-cut-morgan"
"0012412996996","4059","2024-12-04 20:36:44-03","1","2","Cancelado","257.7","4059","168","Calça Jeans Feminina Boot Cut Morgan ","Calça Jeans Feminina Boot Cut Morgan ","1260","678","126044","44","8","Calça","1","257.7","0","257.7","0","calca-jeans-feminina-boot-cut-morgan"
"0012412887412","4060","2024-12-05 09:14:27-03","1","8","Entregue","869.45","4060","745","Saia Feminina Midi Marly","Saia Feminina Midi Marly","1937","3873","193744","44","9","Saia","1","257.7","0","257.7","0","saia-feminina-midi-marly"
"0012412887412","4060","2024-12-05 09:14:27-03","1","8","Entregue","869.45","4060","459","Cropped Analú","Cropped Analú","1665","2334","1665GG","GG","39","Outlet","1","78.85","0","78.85","0","cropped-analu"
"0012412887412","4060","2024-12-05 09:14:27-03","1","8","Entregue","869.45","4060","668","Cropped Feminino Jeans Lara","Cropped Feminino Jeans Lara","1857","3444","1857G","G","39","Outlet","1","127.7","0","127.7","0","cropped-feminino-jeans-lara"
"0012412887412","4060","2024-12-05 09:14:27-03","1","8","Entregue","869.45","4060","598","Cropped Feminino Redea Solta","Cropped Feminino Redea Solta","1799","3067","1799GG","GG","10","Regata","1","79.8","0","79.8","0","cropped-feminino-redea-solta"
"0012412887412","4060","2024-12-05 09:14:27-03","1","8","Entregue","869.45","4060","504","Cropped Feminino Realeza","Cropped Feminino Realeza","1712","2548","1712GG","GG","10","Regata","1","157.7","0","157.7","0","cropped-feminino-realeza"
"0012412887412","4060","2024-12-05 09:14:27-03","1","8","Entregue","869.45","4060","800","Vestido Feminino Helena","Vestido Feminino Helena","1979","4055","1979GG","GG","39","Outlet","1","167.7","0","167.7","0","vestido-feminino-helena"
"0012412442316","4061","2024-12-05 20:39:34-03","1","8","Entregue","126.16","4061","504","Cropped Feminino Realeza","Cropped Feminino Realeza","1712","2546","1712M","M","10","Regata","1","157.7","31.54","126.16","0","cropped-feminino-realeza"
"0012412937476","4062","2024-12-06 21:11:11-03","1","8","Entregue","167.7","4062","701","Colete Feminino Mustang","Colete Feminino Mustang","1894","3635","1894G","G","39","Outlet","1","167.7","0","167.7","0","colete-feminino-mustang"
"0012412928523","4063","2024-12-09 15:51:48-03","3","8","Entregue","307","4063","379","Vestido Favorita","Vestido Favorita","1611","1926","1611GG","GG","48","Verão 2024","1","195.4","47.8","147.6","0","vestido-favorita"
"0012412928523","4063","2024-12-09 15:51:48-03","3","8","Entregue","307","4063","585","Body Frísio","Body Frísio","1783","2994","1783G","G","11","Body","1","79.9","19.22","60.68","0","body-frisio"
"0012412928523","4063","2024-12-09 15:51:48-03","3","8","Entregue","307","4063","789","Colar Feminino Ellos Cabana","Colar Feminino Ellos Cabana","1968","4030","1968U","Único","31","Colar","1","129.9","31.18","98.72","0","colar-feminino-ellos-cabana-1968"
"0012412241491","4064","2024-12-11 21:42:46-03","1","8","Entregue","222.93","4064","244","Camisete Feminina Gateado","Camisete Feminina Gateado","1498","1245","1498M","M","46","Mais Vendidos","1","247.7","24.77","222.93","0","camisete-feminina-gateado"
"0012412907123","4065","2024-12-12 08:51:21-03","3","8","Entregue","299.64","4065","640","Blusa Feminina Corsel","Blusa Feminina Corsel","1831","3499","1831GG","GG","3","Blusas","1","157.7","7.88","149.82","0","blusa-feminina-corsel"
"0012412907123","4065","2024-12-12 08:51:21-03","3","8","Entregue","299.64","4065","808","T-Shirt Feminina Adriana","T-Shirt Feminina Adriana","1954","4095","1954GG","GG","39","Outlet","1","157.7","7.88","149.82","0","t-shirt-feminina-adriana"
"0012412009370","4066","2024-12-12 10:50:14-03","3","8","Entregue","134.91","4066","770","Macacão Feminino Querência","Macacão Feminino Querência","1951","3974","1951M","M","39","Outlet","1","149.9","14.99","134.91","0","macacao-feminino-querencia"
"0012412434718","4067","2024-12-13 08:25:38-03","3","8","Entregue","329.46","4067","809","Colete Feminino Lia","Colete Feminino Lia","1985","4101","1985G","G","39","Outlet","1","169.9","25.48","144.42","0","colete-feminino-lia"
"0012412434718","4067","2024-12-13 08:25:38-03","3","8","Entregue","329.46","4067","811","Bombacha Curta Feminina Lia","Bombacha Curta Feminina Lia","1984","4117","198440","40","39","Outlet","1","217.7","32.66","185.04","0","bombacha-curta-feminina-lia"
"0012412570815","4068","2024-12-13 10:40:57-03","3","8","Entregue","530","4068","630","Vestido Feminino Simone","Vestido Simone","1842","3229","1842GG","GG","20","Vestido","1","327.7","50.74","276.96","0","vestido-feminino-simone"
"0012412570815","4068","2024-12-13 10:40:57-03","3","8","Entregue","530","4068","807","Vestido Feminino Realeza ","Vestido Feminino Realeza ","1990","4090","1990GG","GG","39","Outlet","1","297.7","44.66","253.04","0","vestido-feminino-realeza"
"0012412092136","4069","2024-12-16 14:41:03-03","1","8","Entregue","157.86","4069","674","Calça Feminina Linho Cabana","Calça Feminina Linho Cabana","1879","3496","187940","40","1","Feminino","1","175.4","17.54","157.86","0","calca-feminina-linho-cabana"
"0012412490365","4070","2024-12-16 19:08:58-03","1","8","Entregue","317.7","4070","576","Jaqueta Feminina Maxi Ônix","Jaqueta Feminina Max Ônix","1780","2926","1780M","M","46","Mais Vendidos","1","317.7","0","317.7","0","jaqueta-feminina-max-onix"
"0012412822235","4071","2024-12-16 21:43:26-03","1","8","Entregue","415.2","4071","688","Top Feminino Alice","Top Feminino Alice","1885","3565","1885G","G","39","Outlet","1","79.8","0","79.8","0","top-feminino-alice"
"0012412822235","4071","2024-12-16 21:43:26-03","1","8","Entregue","415.2","4071","748","Regata Feminina Modeladora Realeza","Regata Feminina Modeladora Realeza","1941","3890","1941G","G","6","Manga curta","1","167.7","0","167.7","0","regata-feminina-modeladora-realeza"
"0012412822235","4071","2024-12-16 21:43:26-03","1","8","Entregue","415.2","4071","758","Regata Modeladora Núbia","Regata Modeladora Núbia","1942","3923","1942G","G","6","Manga curta","1","167.7","0","167.7","0","regata-modeladora-nubia"
"0012412578403","4072","2024-12-18 15:43:23-03","3","8","Entregue","0","4072","712","Vestido Feminino Linho Glória","Vestido Linho Glória","1896","3713","1896G","G","20","Vestido","1","175.4","0","175.4","0","vestido-feminino-linho-gloria"
"0012412578403","4072","2024-12-18 15:43:23-03","3","8","Entregue","0","4072","726","Jaqueta Feminina Texas Hold","Jaqueta Feminina Texas Hold","1911","3780","1911P","P","13","Jaqueta","1","175.4","0","175.4","0","jaqueta-feminina-texas-hold"
"0012412578403","4072","2024-12-18 15:43:23-03","3","8","Entregue","0","4072","594","T-shirt Feminina Amuleto","T-shirt Amuleto","1792","3045","1792M","M","48","Verão 2024","1","79.8","0","79.8","0","t-shirt-amuleto"
"0012412030452","4073","2024-12-19 15:59:19-03","3","8","Entregue","140.32","4073","173","Blusa Feminina Neblina","Blusa Feminina Neblina","1127","717","1127M","M","1","Feminino","1","147.7","7.38","140.32","0","blusa-feminina-neblina"
"0012412439272","4074","2024-12-19 16:01:09-03","3","8","Entregue","0","4074","173","Blusa Feminina Neblina","Blusa Feminina Neblina","1127","715","1127GG","GG","1","Feminino","1","147.7","0","147.7","0","blusa-feminina-neblina"
"0012412439272","4074","2024-12-19 16:01:09-03","3","8","Entregue","0","4074","727","Calça Feminina Pezinho Rebeca","Calça Feminina Pezinho Rebeca","1912","3782","1912GG","GG","39","Outlet","1","167.7","0","167.7","0","calca-feminina-pezinho-rebeca"
"0012412574800","4076","2024-12-19 16:37:59-03","3","8","Entregue","0","4076","239","Boné Cabana","Boné Cabana","1468","3821","1468Telha","Telha","28","Bonés","1","79.8","79.79","0.01","0","bone-cabana"
"0012412078311","4077","2024-12-19 16:47:13-03","3","8","Entregue","0","4077","239","Boné Cabana","Boné Cabana","1468","3821","1468Telha","Telha","28","Bonés","1","79.8","79.79","0.01","0","bone-cabana"
"0012412568137","4078","2024-12-19 16:51:29-03","3","8","Entregue","0","4078","784","Pulseira Feminina Laços Cabana","Pulseira Feminina Laços Cabana","1963","4020","1963U","Único","30","Pulseira","1","99.9","99.89","0.01","0","pulseira-feminina-lacos-cabana-1963"
"0012412929435","4079","2024-12-20 15:32:16-03","3","8","Entregue","200","4079","820","Vestido Feminino Lia","Vestido Feminino Lia","1991","4138","1991P","P","45","Lançamentos","1","197.7","0","200","0","vestido-feminino-lia"
"0012412596806","4080","2024-12-23 11:06:49-03","1","8","Entregue","1228.3","4080","748","Regata Feminina Modeladora Realeza","Regata Feminina Modeladora Realeza","1941","3892","1941P","P","6","Manga curta","1","167.7","0","167.7","0","regata-feminina-modeladora-realeza"
"0012412596806","4080","2024-12-23 11:06:49-03","1","8","Entregue","1228.3","4080","588","Calça Jeans Feminina Nobreza Cabana","Calça Jeans Feminina Nobreza Cabana","1808","3016","180834","34","8","Calça","1","257.7","0","257.7","0","calca-jeans-feminina-nobreza-cabana"
"0012412596806","4080","2024-12-23 11:06:49-03","1","8","Entregue","1228.3","4080","820","Vestido Feminino Lia","Vestido Feminino Lia","1991","4137","1991M","M","45","Lançamentos","1","197.7","0","197.7","0","vestido-feminino-lia"
"0012412596806","4080","2024-12-23 11:06:49-03","1","8","Entregue","1228.3","4080","531","Chemise Feminina Bridão","Chemise Feminina Bridão","1752","2666","1752P","P","46","Mais Vendidos","1","267.7","0","267.7","0","chemise-feminina-bridao"
"0012412596806","4080","2024-12-23 11:06:49-03","1","8","Entregue","1228.3","4080","634","Calça Jeans Feminina  Boot Cut Michele ","Calça Jeans Feminina Boot Cut Michele ","1832","3246","183234","34","8","Calça","1","257.7","0","257.7","0","calca-jeans-feminina-boot-cut-michele"
"0012412596806","4080","2024-12-23 11:06:49-03","1","8","Entregue","1228.3","4080","239","Boné Cabana","Boné Cabana","1468","3821","1468Telha","Telha","28","Bonés","1","79.8","0","79.8","0","bone-cabana"
"0012412523643","4081","2024-12-26 11:49:09-03","3","8","Entregue","0","4081","520","Vestido Feminino Manada","Vestido Feminino Manada","1753","2613","1753P","P","20","Vestido","1","297.7","34.77","262.93","0","vestido-feminino-manada"
"0012412818916","4083","2024-12-27 14:20:02-03","1","7","Transporte","1844.28","4083","688","Top Feminino Alice","Top Feminino Alice","1885","3565","1885G","G","39","Outlet","1","79.8","3.99","75.81","0","top-feminino-alice"
"0012412818916","4083","2024-12-27 14:20:02-03","1","7","Transporte","1844.28","4083","244","Camisete Feminina Gateado","Camisete Feminina Gateado","1498","1246","1498G","G","46","Mais Vendidos","1","247.7","12.38","235.32","0","camisete-feminina-gateado"
"0012412818916","4083","2024-12-27 14:20:02-03","1","7","Transporte","1844.28","4083","408","Camisa Feminina Amazona","Camisa Feminina Amazona","1636","2086","1636G","G","16","Camisete","1","297.7","14.88","282.82","0","camisa-feminina-feminina-amazona"
"0012412818916","4083","2024-12-27 14:20:02-03","1","7","Transporte","1844.28","4083","748","Regata Feminina Modeladora Realeza","Regata Feminina Modeladora Realeza","1941","3891","1941M","M","6","Manga curta","1","167.7","8.38","159.32","0","regata-feminina-modeladora-realeza"
"0012412818916","4083","2024-12-27 14:20:02-03","1","7","Transporte","1844.28","4083","640","Blusa Feminina Corsel","Blusa Feminina Corsel","1831","3279","1831M","M","3","Blusas","1","157.7","7.88","149.82","0","blusa-feminina-corsel"
"0012412818916","4083","2024-12-27 14:20:02-03","1","7","Transporte","1844.28","4083","643","Blusa Feminina Cherry","Blusa Feminina Cherry","1813","3294","1813M","M","3","Blusas","1","99.9","4.99","94.91","0","blusa-feminina-cherry"
"0012412818916","4083","2024-12-27 14:20:02-03","1","7","Transporte","1844.28","4083","633","Corselet Rosana","Corselet Rosana","1835","3243","1835G","G","39","Outlet","1","197.7","9.88","187.82","0","corselet-feminino-rosana"
"0012412818916","4083","2024-12-27 14:20:02-03","1","7","Transporte","1844.28","4083","619","Regata Feminina Modeladora Luna","Regata Feminina Modeladora Luna","1805","3170","1805M","M","48","Verão 2024","1","167.7","8.38","159.32","0","regata-modeladora-luna"
"0012412818916","4083","2024-12-27 14:20:02-03","1","7","Transporte","1844.28","4083","747","Camisete Feminina Pampa","Camisete Feminina Pampa","1916","3884","1916M","M","39","Outlet","1","257.7","12.88","244.82","0","camisete-feminina-pampa"
"0012412818916","4083","2024-12-27 14:20:02-03","1","7","Transporte","1844.28","4083","763","Chemise Feminina Bridão","Chemise Feminina Bridão","1944","3945","1944G","G","16","Camisete","1","267.7","13.38","254.32","0","chemise-feminina-bridao-1944"
"0012412608891","4084","2024-12-29 00:02:14-03","1","8","Entregue","222.75","4084","642","Blusa Feminina Camila","Blusa Feminina Camila","1841","3288","1841P","P","3","Blusas","1","147.7","14.77","132.93","0","blusa-feminina-camila"
"0012412608891","4084","2024-12-29 00:02:14-03","1","8","Entregue","222.75","4084","402","Calça Jeans Skinny Feminina Pompeu ","Calça Jeans Skinny Feminina Pompeu ","1528","2046","152834","34","39","Outlet","1","99.8","9.98","89.82","0","calca-jeans-skinny-feminina-pompeu"
"0012412714823","4085","2024-12-29 15:13:05-03","1","8","Entregue","235.32","4085","244","Camisete Feminina Gateado","Camisete Feminina Gateado","1498","1246","1498G","G","46","Mais Vendidos","1","247.7","12.38","235.32","0","camisete-feminina-gateado"
"0012501945457","4086","2025-01-02 14:48:43-03","1","8","Entregue","622.45","4086","351","Regata Feminina Amanhecer","Regata Feminina Amanhecer","1580","1740","1580GG","GG","1","Feminino","2","89.9","8.99","170.81","0","regata-feminina-amanhecer"
"0012501945457","4086","2025-01-02 14:48:43-03","1","8","Entregue","622.45","4086","630","Vestido Feminino Simone","Vestido Simone","1842","3228","1842G","G","20","Vestido","1","327.7","16.38","311.32","0","vestido-feminino-simone"
"0012501945457","4086","2025-01-02 14:48:43-03","1","8","Entregue","622.45","4086","490","Blusa Feminina Boa Ventura","Blusa Feminina Boa Ventura","1693","2485","1693G","G","3","Blusas","1","147.7","7.38","140.32","0","blusa-feminina-boa-ventura"
"0012501242207","4087","2025-01-02 15:12:17-03","1","8","Entregue","159.6","4087","430","Shorts Feminino Aurora","Shorts Feminino Aurora","1647","2209","1647G","G","39","Outlet","1","79.8","0","79.8","0","shorts-feminino-aurora"
"0012501242207","4087","2025-01-02 15:12:17-03","1","8","Entregue","159.6","4087","450","Macacão Feminino Jasmine","Macação Feminino Jasmine","1656","2286","1656G","G","39","Outlet","1","79.8","0","79.8","0","macacao-feminino-jasmine"
"0012501411948","4088","2025-01-03 11:00:38-03","3","8","Entregue","0","4088","604","Regata Feminina Amália","Regata Feminina Amália","1802","3093","1802GG","GG","39","Outlet","1","157.7","0","157.7","0","regata-feminina-amalia"
"0012501411948","4088","2025-01-03 11:00:38-03","3","8","Entregue","0","4088","624","Cropped Feminino Mariana","Cropped Feminino Mariana","1811","3199","1811GG","GG","39","Outlet","1","79.8","0","79.8","0","cropped-feminino-mariana"
"0012501338777","4089","2025-01-03 15:35:55-03","3","8","Entregue","149.09","4089","712","Vestido Feminino Linho Glória","Vestido Linho Glória","1896","3714","1896GG","GG","20","Vestido","1","175.4","26.31","149.09","0","vestido-feminino-linho-gloria"
"0012501792734","4090","2025-01-04 17:21:50-03","1","8","Entregue","329.5","4090","616","Cropped Feminino Simaria","Cropped Feminino Simaria","1817","3155","1817M","M","39","Outlet","1","79.8","0","79.8","0","cropped-feminino-simaria"
"0012501792734","4090","2025-01-04 17:21:50-03","1","8","Entregue","329.5","4090","770","Macacão Feminino Querência","Macacão Feminino Querência","1951","3974","1951M","M","39","Outlet","1","149.9","0","149.9","0","macacao-feminino-querencia"
"0012501792734","4090","2025-01-04 17:21:50-03","1","8","Entregue","329.5","4090","631","Top Feminino Ana","Top Feminino Ana","1836","3232","1836M","M","3","Blusas","1","99.8","0","99.8","0","top-feminino-ana"
"0012501565990","4091","2025-01-05 11:38:25-03","1","8","Entregue","160.93","4091","523","Casaco Feminino Maxi Ted Vichy","Casaco Feminino Maxi Feminino Ted Vichy","1755","2630","1755G","G","13","Jaqueta","1","169.4","8.47","160.93","0","casaco-feminino-maxi-feminino-ted-vichy"
"0012501691329","4092","2025-01-06 08:46:13-03","3","8","Entregue","231.93","4092","588","Calça Jeans Feminina Nobreza Cabana","Calça Jeans Feminina Nobreza Cabana","1808","3019","180840","40","8","Calça","1","257.7","25.77","231.93","0","calca-jeans-feminina-nobreza-cabana"
"0012501245425","4093","2025-01-08 15:46:20-03","3","8","Entregue","0","4093","812","Bolsa Feminina Cabana","Bolsa Feminina Cabana","1993","4120","1993U","Único","39","Outlet","1","99.9","0","99.9","0","bolsa-feminina-cabana-unico"
"0012501245425","4093","2025-01-08 15:46:20-03","3","8","Entregue","0","4093","768","T- Shirt Feminina ERA","T- Shirt Feminina ERA","1950","3961","1950M","M","1","Feminino","1","59.8","0","59.8","0","t-shirt-feminina-era"
"0012501245425","4093","2025-01-08 15:46:20-03","3","8","Entregue","0","4093","764","Camiseta Feminina Cowboy Preta","Camiseta Cowboy Preta","1945","3949","1945U","Tamanho Único","6","Manga curta","1","59.8","0","59.8","0","camiseta-cowboy-preta"
"0012501245425","4093","2025-01-08 15:46:20-03","3","8","Entregue","0","4093","722","Blusa Feminina Susamar","Blusa Feminina Susamar","1897","3751","1897LARANJAM","Laranja - M","39","Outlet","1","79.8","0","79.8","0","blusa-feminina-susamar"
"0012501245425","4093","2025-01-08 15:46:20-03","3","8","Entregue","0","4093","568","Blusa Feminina Sinatra","Blusa Feminina Sinatra","1775","2877","1775M","M","39","Outlet","1","79.8","0","79.8","0","Blusa-Feminina-Sinatra"
"0012501670055","4094","2025-01-09 16:12:20-03","3","8","Entregue","0","4094","450","Macacão Feminino Jasmine","Macação Feminino Jasmine","1656","2285","1656M","M","39","Outlet","1","79.8","0","79.8","0","macacao-feminino-jasmine"
"0012501670055","4094","2025-01-09 16:12:20-03","3","8","Entregue","0","4094","800","Vestido Feminino Helena","Vestido Feminino Helena","1979","4057","1979M","M","39","Outlet","1","99.9","0","99.9","0","vestido-feminino-helena"
"0012501929660","4095","2025-01-10 06:07:19-03","1","8","Entregue","203.89","4095","459","Cropped Analú","Cropped Analú","1665","2334","1665GG","GG","39","Outlet","1","78.85","7.89","70.96","0","cropped-analu"
"0012501929660","4095","2025-01-10 06:07:19-03","1","8","Entregue","203.89","4095","593","Blusa Feminina Horse Cabana","Blusa Feminina Horse Cabana","1797","3041","1797G","G","48","Verão 2024","1","147.7","14.77","132.93","0","blusa-feminina-horse-cabana"
"0012501184375","4096","2025-01-10 08:10:33-03","3","8","Entregue","565.63","4096","737","Vestido Feminino Midi Roberta","Vestido Feminino Midi Roberta","1919","3836","1919P","P","39","Outlet","1","347.7","17.39","330.31","0","vestido-feminino-midi-roberta"
"0012501184375","4096","2025-01-10 08:10:33-03","3","8","Entregue","565.63","4096","298","Camisete Feminina El Paso","Camisete Feminino El Paso","1166","1436","1166P","P","16","Camisete","1","247.7","12.38","235.32","0","camisete-feminina-el-paso"
"0012501980960","4097","2025-01-11 11:44:53-03","1","2","Cancelado","178.32","4097","715","Jaqueta Feminina Strass Luxo","Jaqueta Feminina Strass Luxo","1893","3729","1893GG","GG","13","Jaqueta","1","187.7","9.38","178.32","0","jaqueta-feminina-strass-luxo"
"0012501097186","4098","2025-01-11 19:29:51-03","1","8","Entregue","155.4","4098","452","Body Agrogirl","Body Agrogirl","1676","2300","1676GG","GG","11","Body","1","155.4","0","155.4","0","body-agrogirl"
"0012501996996","4099","2025-01-11 23:10:24-03","1","8","Entregue","113.72","4099","425","Blusa Feminina  Campo Primavera Canelada","Blusa Feminina Campo Primavera Canelada","1658","2174","1658P","P","39","Outlet","1","89.9","0","89.9","23.82","blusa-feminina-campo-primavera-canelada"
"0012501887412","4100","2025-01-12 07:05:39-03","1","8","Entregue","1060.47","4100","834","Colar Feminino Choker Cabana","Colar Feminino Choker Cabana","2015","4187","2015U","Único","45","Lançamentos","1","99.9","9.99","89.91","0","colar-feminino-choker-cabana"
"0012501887412","4100","2025-01-12 07:05:39-03","1","8","Entregue","1060.47","4100","658","Calça Feminina Boot Cut Júlia","Calça Feminina Boot Cut Júlia","1860","3389","186034","34","8","Calça","1","287.7","28.77","258.93","0","calca-feminina-boot-cut-julia"
"0012501887412","4100","2025-01-12 07:05:39-03","1","8","Entregue","1060.47","4100","588","Calça Jeans Feminina Nobreza Cabana","Calça Jeans Feminina Nobreza Cabana","1808","3016","180834","34","8","Calça","1","257.7","25.77","231.93","0","calca-jeans-feminina-nobreza-cabana"
"0012501887412","4100","2025-01-12 07:05:39-03","1","8","Entregue","1060.47","4100","358","Calça Jeans  Skinny Feminina Comitiva","Calça Jeans  Skinny Feminina Comitiva","1566","1774","156634","34","8","Calça","1","177.7","17.77","159.93","0","calca-jeans-skinny-feminina-comitiva"
"0012501887412","4100","2025-01-12 07:05:39-03","1","8","Entregue","1060.47","4100","301","Poncho Feminino Camila","Poncho Feminino Camila","1546","1473","1546UNICO","Único","39","Outlet","1","199.9","19.99","179.91","0","poncho-feminino-camila"
"0012501887412","4100","2025-01-12 07:05:39-03","1","8","Entregue","1060.47","4100","527","Poncho Feminino Tucuman","Poncho Feminino Tucuman","1757","2650","1757UNICO","Único","39","Outlet","1","155.4","15.54","139.86","0","poncho-feminino-tucuman-unico"
"0012501442316","4101","2025-01-12 10:55:34-03","1","8","Entregue","367.4","4101","800","Vestido Feminino Helena","Vestido Feminino Helena","1979","4056","1979G","G","39","Outlet","1","99.9","0","99.9","0","vestido-feminino-helena"
"0012501442316","4101","2025-01-12 10:55:34-03","1","8","Entregue","367.4","4101","316","Body Feminino Realeza","Body Feminino Realeza","1541","1530","1541G","G","45","Lançamentos","1","187.7","0","187.7","0","body-feminino-realeza"
"0012501442316","4101","2025-01-12 10:55:34-03","1","8","Entregue","367.4","4101","501","Cropped FemininoTexas","Cropped Feminino Texas","1706","2534","1706G","G","48","Verão 2024","1","79.8","0","79.8","0","cropped-feminino-texas"
"0012501937476","4102","2025-01-13 11:16:24-03","3","8","Entregue","244.82","4102","729","Calça Feminina Boot Cut Paty","Calça Feminina Boot Cut Paty","1914","3796","191436","36","8","Calça","1","257.7","12.88","244.82","0","calca-feminina-boot-cut-paty"
"0012501928523","4103","2025-01-14 08:46:52-03","3","8","Entregue","0","4103","763","Chemise Feminina Bridão","Chemise Feminina Bridão","1944","3946","1944M","M","16","Camisete","1","267.7","0","267.7","0","chemise-feminina-bridao-1944"
"0012501241491","4104","2025-01-14 11:00:04-03","1","8","Entregue","231.93","4104","729","Calça Feminina Boot Cut Paty","Calça Feminina Boot Cut Paty","1914","3792","191444","44","8","Calça","1","257.7","25.77","231.93","0","calca-feminina-boot-cut-paty"
"0012501907123","4105","2025-01-15 07:46:28-03","3","8","Entregue","140.32","4105","743","Blusa Feminina Núbia","Blusa Feminina Núbia","1927","3866","1927P","P","3","Blusas","1","147.7","7.38","140.32","0","blusa-feminina-nubia"
"0012501009370","4106","2025-01-17 03:11:21-03","1","8","Entregue","339.73","4106","800","Vestido Feminino Helena","Vestido Feminino Helena","1979","4058","1979P","P","39","Outlet","1","99.9","4.99","94.91","0","vestido-feminino-helena"
"0012501009370","4106","2025-01-17 03:11:21-03","1","8","Entregue","339.73","4106","729","Calça Feminina Boot Cut Paty","Calça Feminina Boot Cut Paty","1914","3797","191434","34","8","Calça","1","257.7","12.88","244.82","0","calca-feminina-boot-cut-paty"
"0012501434718","4107","2025-01-17 11:11:42-03","1","8","Entregue","287.7","4107","697","Calça Skinny Feminina Amazona","Calça Skinny Feminina Amazona","1891","3606","189140","40","8","Calça","1","287.7","0","287.7","0","calca-skinny-amazona"
"0012501570815","4108","2025-01-18 14:18:17-03","1","8","Entregue","244.25","4108","293","Blusa Feminina Traço Equestre","Blusa Feminina Traço Equestre","1521","1412","1521P","P","14","Manga Longa","1","68.85","0","68.85","0","blusa-feminina-traco-equestre"
"0012501570815","4108","2025-01-18 14:18:17-03","1","8","Entregue","244.25","4108","726","Jaqueta Feminina Texas Hold","Jaqueta Feminina Texas Hold","1911","3778","1911G","G","13","Jaqueta","1","175.4","0","175.4","0","jaqueta-feminina-texas-hold"
"0012501092136","4109","2025-01-18 22:54:27-03","1","8","Entregue","178.32","4109","484","Body Feminino Victória","Body Feminino Victória","1681","2454","1681P","P","11","Body","1","187.7","9.38","178.32","0","body-feminino-victoria"
"0012501490365","4110","2025-01-20 01:34:51-03","1","8","Entregue","603.75","4110","768","T- Shirt Feminina ERA","T- Shirt Feminina ERA","1950","3961","1950M","M","1","Feminino","1","59.8","0","59.8","0","t-shirt-feminina-era"
"0012501490365","4110","2025-01-20 01:34:51-03","1","8","Entregue","603.75","4110","44","Calça Feminina Boot Cut Pandora","Calça Feminina Boot Cut Pandora","1406","76","140640","40","39","Outlet","1","199.9","0","199.9","0","calca-feminina-boot-cut-pandora"
"0012501490365","4110","2025-01-20 01:34:51-03","1","8","Entregue","603.75","4110","713","Camisete Feminina Flor de Liz","Camisete Feminina Flor de Liz","1908","3717","1908M","M","39","Outlet","1","175.4","0","175.4","0","camisete-feminina-flor-de-liz"
"0012501490365","4110","2025-01-20 01:34:51-03","1","8","Entregue","603.75","4110","635","Blusa Feminina Texas","Blusa Feminina Texas","1819","3254","1819M","M","39","Outlet","1","99.8","0","99.8","0","blusa-feminina-texas"
"0012501490365","4110","2025-01-20 01:34:51-03","1","8","Entregue","603.75","4110","293","Blusa Feminina Traço Equestre","Blusa Feminina Traço Equestre","1521","1412","1521P","P","14","Manga Longa","1","68.85","0","68.85","0","blusa-feminina-traco-equestre"
"0012501822235","4111","2025-01-20 08:14:48-03","1","8","Entregue","100.4","4111","490","Blusa Feminina Boa Ventura","Blusa Feminina Boa Ventura","1693","2483","1693P","P","3","Blusas","1","79.9","3.99","75.91","24.49","blusa-feminina-boa-ventura"
"0012501578403","4112","2025-01-20 11:26:01-03","3","8","Entregue","166.63","4112","712","Vestido Feminino Linho Glória","Vestido Linho Glória","1896","3713","1896G","G","20","Vestido","1","175.4","8.77","166.63","0","vestido-feminino-linho-gloria"
"0012501030452","4113","2025-01-20 11:46:18-03","3","8","Entregue","0","4113","751","Vestido Feminino Tule Núbia","Vestido Feminino Tule Núbia","1938","3903","1938GG","GG","20","Vestido","1","387.7","0","387.7","0","vestido-feminino-tule-nubia"
"0012501439272","4114","2025-01-21 14:26:44-03","3","8","Entregue","282.82","4114","807","Vestido Feminino Realeza ","Vestido Feminino Realeza ","1990","4090","1990GG","GG","39","Outlet","1","297.7","14.88","282.82","0","vestido-feminino-realeza"
"0012501574800","4115","2025-01-23 08:22:53-03","3","27","Crédito","1568.2","4115","715","Jaqueta Feminina Strass Luxo","Jaqueta Feminina Strass Luxo","1893","3729","1893GG","GG","13","Jaqueta","1","187.7","0","187.7","0","jaqueta-feminina-strass-luxo"
"0012501574800","4115","2025-01-23 08:22:53-03","3","27","Crédito","1568.2","4115","518","Jaqueta Feminina Cropped Fergus","Jaqueta Feminina Cropped Fergus","1750","2609","1750GG","GG","39","Outlet","1","317.7","0","317.7","0","jaqueta-feminina-cropped-fergus"
"0012501574800","4115","2025-01-23 08:22:53-03","3","27","Crédito","1568.2","4115","416","Vestido Feminino Over Estancieira","Vestido Feminino Over Estancieira","1626","2133","1626GG","GG","43","Inverno 2022","1","99.9","0","99.9","0","vestido-feminino-over-estancieira"
"0012501574800","4115","2025-01-23 08:22:53-03","3","27","Crédito","1568.2","4115","800","Vestido Feminino Helena","Vestido Feminino Helena","1979","4055","1979GG","GG","39","Outlet","1","99.9","0","99.9","0","vestido-feminino-helena"
"0012501574800","4115","2025-01-23 08:22:53-03","3","27","Crédito","1568.2","4115","822","Vestido Feminino Debora","Vestido Feminino Debora","2006","4145","2006GG","GG","39","Outlet","1","199.9","0","199.9","0","vestido-feminino-debora"
"0012501574800","4115","2025-01-23 08:22:53-03","3","27","Crédito","1568.2","4115","701","Colete Feminino Mustang","Colete Feminino Mustang","1894","3636","1894GG","GG","39","Outlet","1","167.7","0","167.7","0","colete-feminino-mustang"
"0012501574800","4115","2025-01-23 08:22:53-03","3","27","Crédito","1568.2","4115","820","Vestido Feminino Lia","Vestido Feminino Lia","1991","4135","1991GG","GG","45","Lançamentos","1","197.7","0","197.7","0","vestido-feminino-lia"
"0012501574800","4115","2025-01-23 08:22:53-03","3","27","Crédito","1568.2","4115","807","Vestido Feminino Realeza ","Vestido Feminino Realeza ","1990","4090","1990GG","GG","39","Outlet","1","297.7","0","297.7","0","vestido-feminino-realeza"
"0012501078311","4116","2025-01-23 08:36:32-03","3","8","Entregue","1380","4116","715","Jaqueta Feminina Strass Luxo","Jaqueta Feminina Strass Luxo","1893","3729","1893GG","GG","13","Jaqueta","1","187.7","22.55","165.15","0","jaqueta-feminina-strass-luxo"
"0012501078311","4116","2025-01-23 08:36:32-03","3","8","Entregue","1380","4116","518","Jaqueta Feminina Cropped Fergus","Jaqueta Feminina Cropped Fergus","1750","2609","1750GG","GG","39","Outlet","1","317.7","38.12","279.58","0","jaqueta-feminina-cropped-fergus"
"0012501078311","4116","2025-01-23 08:36:32-03","3","8","Entregue","1380","4116","701","Colete Feminino Mustang","Colete Feminino Mustang","1894","3636","1894GG","GG","39","Outlet","1","167.7","20.12","147.58","0","colete-feminino-mustang"
"0012501078311","4116","2025-01-23 08:36:32-03","3","8","Entregue","1380","4116","820","Vestido Feminino Lia","Vestido Feminino Lia","1991","4135","1991GG","GG","45","Lançamentos","1","197.7","23.72","173.98","0","vestido-feminino-lia"
"0012501078311","4116","2025-01-23 08:36:32-03","3","8","Entregue","1380","4116","807","Vestido Feminino Realeza ","Vestido Feminino Realeza ","1990","4090","1990GG","GG","39","Outlet","1","297.7","35.72","261.98","0","vestido-feminino-realeza"
"0012501078311","4116","2025-01-23 08:36:32-03","3","8","Entregue","1380","4116","416","Vestido Feminino Over Estancieira","Vestido Feminino Over Estancieira","1626","2133","1626GG","GG","43","Inverno 2022","1","99.9","11.99","87.91","0","vestido-feminino-over-estancieira"
"0012501078311","4116","2025-01-23 08:36:32-03","3","8","Entregue","1380","4116","800","Vestido Feminino Helena","Vestido Feminino Helena","1979","4055","1979GG","GG","39","Outlet","1","99.9","11.99","87.91","0","vestido-feminino-helena"
"0012501078311","4116","2025-01-23 08:36:32-03","3","8","Entregue","1380","4116","822","Vestido Feminino Debora","Vestido Feminino Debora","2006","4145","2006GG","GG","39","Outlet","1","199.9","23.99","175.91","0","vestido-feminino-debora"
"0012501568137","4117","2025-01-23 15:53:45-03","1","8","Entregue","235.32","4117","714","Colete Feminino Penélope","Colete Feminino Penélope","1876","3724","1876GG","GG","18","Colete","1","247.7","12.38","235.32","0","colete-feminino-penelope"
"0012501929435","4118","2025-01-24 09:52:37-03","3","8","Entregue","297.7","4118","846","Vestido Feminino Vanessa ","Vestido Feminino Vanessa ","2008","4226","2008GG","GG","39","Outlet","1","297.7","0","297.7","0","vestido-feminino-vanessa"
"0012501596806","4119","2025-01-24 11:52:33-03","3","8","Entregue","378.58","4119","729","Calça Feminina Boot Cut Paty","Calça Feminina Boot Cut Paty","1914","3797","191434","34","8","Calça","1","257.7","38.66","219.04","0","calca-feminina-boot-cut-paty"
"0012501596806","4119","2025-01-24 11:52:33-03","3","8","Entregue","378.58","4119","677","Body Feminino Potros","Body Feminino Potros","1870","3513","1870P","P","1","Feminino","1","187.7","28.16","159.54","0","body-feminino-potros"
"0012501523643","4120","2025-01-24 14:01:27-03","3","8","Entregue","536.57","4120","715","Jaqueta Feminina Strass Luxo","Jaqueta Feminina Strass Luxo","1893","3729","1893GG","GG","13","Jaqueta","1","187.7","20.65","167.05","0","jaqueta-feminina-strass-luxo"
"0012501523643","4120","2025-01-24 14:01:27-03","3","8","Entregue","536.57","4120","366","T-shirt Feminina Traços Equestres","T-shirt Feminino Traços Equestres","1595","1850","1595G","G","6","Manga curta","1","79.8","8.78","71.02","0","t-shirt-feminino-tracos-equestres"
"0012501523643","4120","2025-01-24 14:01:27-03","3","8","Entregue","536.57","4120","512","Chemise Feminina Campolina","Chemise Feminina Campolina","1748","2585","1748P","P","39","Outlet","1","167.7","18.45","149.25","0","chemise-feminina-campolina"
"0012501523643","4120","2025-01-24 14:01:27-03","3","8","Entregue","536.57","4120","701","Colete Feminino Mustang","Colete Feminino Mustang","1894","3636","1894GG","GG","39","Outlet","1","167.7","18.45","149.25","0","colete-feminino-mustang"
"0012501973797","4121","2025-01-24 14:25:45-03","3","8","Entregue","0","4121","743","Blusa Feminina Núbia","Blusa Feminina Núbia","1927","3865","1927M","M","3","Blusas","1","147.7","0","147.7","0","blusa-feminina-nubia"
"0012501818916","4122","2025-01-25 17:33:29-03","1","8","Entregue","257.6","4122","744","Cropped Feminino Núbia","Cropped  Feminino Núbia","1928","3870","1928M","M","6","Manga curta","1","157.7","0","157.7","0","cropped-feminino-nubia"
"0012501818916","4122","2025-01-25 17:33:29-03","1","8","Entregue","257.6","4122","800","Vestido Feminino Helena","Vestido Feminino Helena","1979","4056","1979G","G","39","Outlet","1","99.9","0","99.9","0","vestido-feminino-helena"
"0012501608891","4123","2025-01-26 13:46:09-03","1","2","Cancelado","254.32","4123","763","Chemise Feminina Bridão","Chemise Feminina Bridão","1944","3946","1944M","M","16","Camisete","1","267.7","13.38","254.32","0","chemise-feminina-bridao-1944"
"0012501714823","4124","2025-01-26 13:47:54-03","1","2","Cancelado","254.32","4124","763","Chemise Feminina Bridão","Chemise Feminina Bridão","1944","3946","1944M","M","16","Camisete","1","267.7","13.38","254.32","0","chemise-feminina-bridao-1944"
"0012501716821","4125","2025-01-26 13:50:26-03","1","8","Entregue","254.32","4125","763","Chemise Feminina Bridão","Chemise Feminina Bridão","1944","3946","1944M","M","16","Camisete","1","267.7","13.38","254.32","0","chemise-feminina-bridao-1944"
"0012501062497","4126","2025-01-26 19:19:54-03","1","8","Entregue","1452","4126","845","Camisete Feminina Roseli","Camisete Feminina Roseli","1980","4222","1980G","G","45","Lançamentos","1","267.7","0","267.7","0","camisete-feminina-roseli"
"0012501062497","4126","2025-01-26 19:19:54-03","1","8","Entregue","1452","4126","531","Chemise Feminina Bridão","Chemise Feminina Bridão","1752","2668","1752G","G","46","Mais Vendidos","1","267.7","0","267.7","0","chemise-feminina-bridao"
"0012501062497","4126","2025-01-26 19:19:54-03","1","8","Entregue","1452","4126","44","Calça Feminina Boot Cut Pandora","Calça Feminina Boot Cut Pandora","1406","76","140640","40","39","Outlet","1","199.9","0","199.9","0","calca-feminina-boot-cut-pandora"
"0012501062497","4126","2025-01-26 19:19:54-03","1","8","Entregue","1452","4126","430","Shorts Feminino Aurora","Shorts Feminino Aurora","1647","2208","1647M","M","39","Outlet","1","79.8","0","79.8","0","shorts-feminino-aurora"
"0012501062497","4126","2025-01-26 19:19:54-03","1","8","Entregue","1452","4126","541","Regata Feminina Favorita","Regata Feminina Favorita","1742","2719","1742M","M","39","Outlet","1","79.9","0","79.9","0","regata-feminina-favorita"
"0012501062497","4126","2025-01-26 19:19:54-03","1","8","Entregue","1452","4126","520","Vestido Feminino Manada","Vestido Feminino Manada","1753","2614","1753M","M","20","Vestido","1","297.7","0","297.7","0","vestido-feminino-manada"
"0012501062497","4126","2025-01-26 19:19:54-03","1","8","Entregue","1452","4126","523","Casaco Feminino Maxi Ted Vichy","Casaco Feminino Maxi Feminino Ted Vichy","1755","2630","1755G","G","13","Jaqueta","1","169.4","0","169.4","0","casaco-feminino-maxi-feminino-ted-vichy"
"0012501062497","4126","2025-01-26 19:19:54-03","1","8","Entregue","1452","4126","425","Blusa Feminina  Campo Primavera Canelada","Blusa Feminina Campo Primavera Canelada","1658","2175","1658M","M","39","Outlet","1","89.9","0","89.9","0","blusa-feminina-campo-primavera-canelada"
"0012501282694","4127","2025-01-27 11:43:07-03","3","8","Entregue","407.47","4127","624","Cropped Feminino Mariana","Cropped Feminino Mariana","1811","3196","1811P","P","39","Outlet","1","75.81","3.79","72.02","0","cropped-feminino-mariana"
"0012501282694","4127","2025-01-27 11:43:07-03","3","8","Entregue","407.47","4127","744","Cropped Feminino Núbia","Cropped  Feminino Núbia","1928","3871","1928P","P","6","Manga curta","1","157.7","7.88","149.82","0","cropped-feminino-nubia"
"0012501282694","4127","2025-01-27 11:43:07-03","3","8","Entregue","407.47","4127","513","Calça Jeans Skinny Feminina  Pegaso","Calça Jeans Skinny Feminina Pegaso","1749","3004","174934","34","8","Calça","1","195.4","9.77","185.63","0","calca-jeans-feminina-pegaso"
"0012501189959","4128","2025-01-27 15:17:25-03","3","8","Entregue","175.4","4128","712","Vestido Feminino Linho Glória","Vestido Linho Glória","1896","3714","1896GG","GG","20","Vestido","1","175.4","0","175.4","0","vestido-feminino-linho-gloria"
"0012501101294","4129","2025-01-27 23:58:07-03","1","8","Entregue","365.95","4129","830","Pulseira Feminina Cabana","Pulseira Feminina Cabana","2011","4179","2011U","Único","45","Lançamentos","1","99.9","4.99","94.91","0","pulseira-feminina-cabana-unico"
"0012501101294","4129","2025-01-27 23:58:07-03","1","8","Entregue","365.95","4129","666","Saia Feminina Country Franjas","Saia Feminina Country Franjas","1862","3437","1862M","M","39","Outlet","1","129.9","6.49","123.41","0","saia-feminina-country-franjas"
"0012501101294","4129","2025-01-27 23:58:07-03","1","8","Entregue","365.95","4129","527","Poncho Feminino Tucuman","Poncho Feminino Tucuman","1757","2650","1757UNICO","Único","39","Outlet","1","155.4","7.77","147.63","0","poncho-feminino-tucuman-unico"
"0012501373705","4130","2025-01-28 11:19:30-03","3","8","Entregue","267.7","4130","804","Camisete Feminina Geovanna","Camisete Feminina Geovanna","1988","4075","1988GG","GG","16","Camisete","1","267.7","0","267.7","0","camisete-feminina-geovanna"
"0012501571283","4131","2025-01-28 11:31:19-03","1","8","Entregue","168.93","4131","715","Jaqueta Feminina Strass Luxo","Jaqueta Feminina Strass Luxo","1893","3728","1893G","G","13","Jaqueta","1","187.7","18.77","168.93","0","jaqueta-feminina-strass-luxo"
"0012501274908","4132","2025-01-28 20:51:13-03","1","8","Entregue","344.95","4132","726","Jaqueta Feminina Texas Hold","Jaqueta Feminina Texas Hold","1911","3779","1911M","M","13","Jaqueta","1","175.4","8.77","166.63","0","jaqueta-feminina-texas-hold"
"0012501274908","4132","2025-01-28 20:51:13-03","1","8","Entregue","344.95","4132","715","Jaqueta Feminina Strass Luxo","Jaqueta Feminina Strass Luxo","1893","3728","1893G","G","13","Jaqueta","1","187.7","9.38","178.32","0","jaqueta-feminina-strass-luxo"
"0012501903677","4133","2025-01-29 10:02:25-03","1","8","Entregue","430.45","4133","527","Poncho Feminino Tucuman","Poncho Feminino Tucuman","1757","2650","1757UNICO","Único","39","Outlet","1","155.4","7.77","147.63","0","poncho-feminino-tucuman-unico"
"0012501903677","4133","2025-01-29 10:02:25-03","1","8","Entregue","430.45","4133","408","Camisa Feminina Amazona","Camisa Feminina Amazona","1636","2087","1636GG","GG","16","Camisete","1","297.7","14.88","282.82","0","camisa-feminina-feminina-amazona"
"0012501868092","4134","2025-01-29 10:02:26-03","3","7","Transporte","0","4134","847","Vestido Feminino Suzy","Vestido Feminino Suzy","2023","4231","2023GG","GG","39","Outlet","1","297.7","0","297.7","0","vestido-feminino-suzy"
"0012501868092","4134","2025-01-29 10:02:26-03","3","7","Transporte","0","4134","848","Vestido Feminino Victória","Vestido Feminino Victória","2046","4236","2046GG","GG","39","Outlet","1","167.7","0","167.7","0","vestido-feminino-victoria"
"0012501411775","4135","2025-01-29 11:52:45-03","3","8","Entregue","150","4135","597","T-Shirt Feminina Liberdade","T-Shirt Feminina Liberdade","1795","3062","1795GG","GG","48","Verão 2024","1","79.8","4.81","74.99","0","t-shirt-feminina-liberdade"
"0012501411775","4135","2025-01-29 11:52:45-03","3","8","Entregue","150","4135","366","T-shirt Feminina Traços Equestres","T-shirt Feminino Traços Equestres","1595","1851","1595GG","GG","6","Manga curta","1","79.8","4.79","75.01","0","t-shirt-feminino-tracos-equestres"
"0012501129448","4136","2025-01-29 13:07:42-03","1","7","Transporte","89.49","4136","239","Boné Cabana","Boné Cabana","1468","3821","1468Telha","Telha","28","Bonés","1","79.8","3.99","75.81","13.68","bone-cabana"
"0012501589356","4137","2025-01-29 13:28:02-03","3","8","Entregue","189.91","4137","44","Calça Feminina Boot Cut Pandora","Calça Feminina Boot Cut Pandora","1406","75","140638","38","39","Outlet","1","199.9","9.99","189.91","0","calca-feminina-boot-cut-pandora"
"0012501443739","4138","2025-01-30 08:04:01-03","3","8","Entregue","0","4138","846","Vestido Feminino Vanessa ","Vestido Feminino Vanessa ","2008","4227","2008G","G","39","Outlet","1","297.7","0","297.7","0","vestido-feminino-vanessa"
"0012501443739","4138","2025-01-30 08:04:01-03","3","8","Entregue","0","4138","842","Vestido Feminino Mari","Vestido Feminino Mari","2007","4207","2007G","G","39","Outlet","1","297.7","0","297.7","0","vestido-feminino-mari"
"0012501952320","4139","2025-01-30 11:57:23-03","3","8","Entregue","159.32","4139","848","Vestido Feminino Victória","Vestido Feminino Victória","2046","4236","2046GG","GG","39","Outlet","1","167.7","8.38","159.32","0","vestido-feminino-victoria"
"0012501642008","4140","2025-01-30 19:02:54-03","1","7","Transporte","372","4140","729","Calça Feminina Boot Cut Paty","Calça Feminina Boot Cut Paty","1914","3796","191436","36","8","Calça","1","257.7","12.88","244.82","127.18","calca-feminina-boot-cut-paty"
"0012501328535","4141","2025-01-31 09:52:29-03","3","8","Entregue","167.07","4141","848","Vestido Feminino Victória","Vestido Feminino Victória","2046","4237","2046G","G","39","Outlet","1","167.7","0.63","167.07","0","vestido-feminino-victoria"
"0012501481040","4142","2025-01-31 12:45:03-03","1","2","Cancelado","150.09","4142","787","Colar Feminino Ellos Cabana","Colar Feminino Ellos Cabana","1966","4026","1966U","Único","31","Colar","1","129.9","6.49","123.41","26.68","colar-feminino-ellos-cabana-1966"
"0012501143832","4143","2025-01-31 13:27:24-03","3","8","Entregue","263.72","4143","787","Colar Feminino Ellos Cabana","Colar Feminino Ellos Cabana","1966","4026","1966U","Único","31","Colar","1","129.9","6.5","123.4","0","colar-feminino-ellos-cabana-1966"
"0012501143832","4143","2025-01-31 13:27:24-03","3","8","Entregue","263.72","4143","225","T-Shirt Feminina Andaluz","T-Shirt Feminina Andaluz","1086","1074","1086G","G","6","Manga curta","1","147.7","7.38","140.32","0","t-shirt-feminina-andaluz"
"0012501818011","4144","2025-01-31 16:57:12-03","3","8","Entregue","378.58","4144","168","Calça Jeans Feminina Boot Cut Morgan ","Calça Jeans Feminina Boot Cut Morgan ","1260","675","126038","38","8","Calça","1","257.7","38.66","219.04","0","calca-jeans-feminina-boot-cut-morgan"
"0012501818011","4144","2025-01-31 16:57:12-03","3","8","Entregue","378.58","4144","715","Jaqueta Feminina Strass Luxo","Jaqueta Feminina Strass Luxo","1893","3727","1893M","M","13","Jaqueta","1","187.7","28.16","159.54","0","jaqueta-feminina-strass-luxo"
"0012502945457","4145","2025-02-02 21:38:21-03","1","8","Entregue","344.95","4145","726","Jaqueta Feminina Texas Hold","Jaqueta Feminina Texas Hold","1911","3779","1911M","M","13","Jaqueta","1","175.4","8.77","166.63","0","jaqueta-feminina-texas-hold"
"0012502945457","4145","2025-02-02 21:38:21-03","1","8","Entregue","344.95","4145","715","Jaqueta Feminina Strass Luxo","Jaqueta Feminina Strass Luxo","1893","3728","1893G","G","13","Jaqueta","1","187.7","9.38","178.32","0","jaqueta-feminina-strass-luxo"
"0012502242207","4146","2025-02-03 13:33:48-03","3","8","Entregue","0","4146","531","Chemise Feminina Bridão","Chemise Feminina Bridão","1752","2666","1752P","P","46","Mais Vendidos","1","267.7","26.77","240.93","0","chemise-feminina-bridao"
"0012502411948","4147","2025-02-04 09:09:32-03","3","8","Entregue","0","4147","168","Calça Jeans Feminina Boot Cut Morgan ","Calça Jeans Feminina Boot Cut Morgan ","1260","673","126034","34","8","Calça","1","257.7","200","57.7","0","calca-jeans-feminina-boot-cut-morgan"
"0012502411948","4147","2025-02-04 09:09:32-03","3","8","Entregue","0","4147","602","Blusa Feminina Relíquia","Blusa Feminina Relíquia","1800","3080","1800P","P","48","Verão 2024","1","147.7","62.93","84.77","0","blusa-feminina-reliquia"
"0012502411948","4147","2025-02-04 09:09:32-03","3","8","Entregue","0","4147","651","Blusa Feminina Pandora CB","Blusa Feminina Pandora CB","1789","3334","1789P","P","39","Outlet","1","79.8","0","79.8","0","blusa-feminina-pandora-cb"
"0012502338777","4148","2025-02-05 07:47:54-03","1","8","Entregue","227.55","4148","531","Chemise Feminina Bridão","Chemise Feminina Bridão","1752","2667","1752M","M","46","Mais Vendidos","1","267.7","40.15","227.55","0","chemise-feminina-bridao"
"0012502792734","4149","2025-02-05 13:18:17-03","3","8","Entregue","0","4149","185","Top Rose","Top Rose","1078","784","1078G","G","39","Outlet","1","137.7","0","137.7","19.56","top-rose"
"0012502565990","4150","2025-02-06 15:00:39-03","3","8","Entregue","193.37","4150","657","Blusa Feminina Cowgirl","Blusa Feminina Cowgirl","1788","3368","1788GGVERDE","Verde - GG","39","Outlet","1","79.8","11.97","67.83","0","blusa-feminina-cowgirl"
"0012502565990","4150","2025-02-06 15:00:39-03","3","8","Entregue","193.37","4150","602","Blusa Feminina Relíquia","Blusa Feminina Relíquia","1800","3083","1800GG","GG","48","Verão 2024","1","147.7","22.16","125.54","0","blusa-feminina-reliquia"
"0012502691329","4151","2025-02-07 08:30:38-03","1","2","Cancelado","252.95","4151","820","Vestido Feminino Lia","Vestido Feminino Lia","1991","4137","1991M","M","45","Lançamentos","1","197.7","29.66","168.04","0","vestido-feminino-lia"
"0012502691329","4151","2025-02-07 08:30:38-03","1","2","Cancelado","252.95","4151","815","Bolsa Feminina Cabana","Bolsa Feminina Cabana","1996","4125","1996U","Único","39","Outlet","1","99.9","14.99","84.91","0","bolsa-feminina-cabana-unico-1996U"
"0012502245425","4152","2025-02-07 08:31:30-03","1","2","Cancelado","252.95","4152","820","Vestido Feminino Lia","Vestido Feminino Lia","1991","4137","1991M","M","45","Lançamentos","1","197.7","29.66","168.04","0","vestido-feminino-lia"
"0012502245425","4152","2025-02-07 08:31:30-03","1","2","Cancelado","252.95","4152","815","Bolsa Feminina Cabana","Bolsa Feminina Cabana","1996","4125","1996U","Único","39","Outlet","1","99.9","14.99","84.91","0","bolsa-feminina-cabana-unico-1996U"
"0012502670055","4153","2025-02-07 08:32:18-03","1","2","Cancelado","252.95","4153","820","Vestido Feminino Lia","Vestido Feminino Lia","1991","4137","1991M","M","45","Lançamentos","1","197.7","29.66","168.04","0","vestido-feminino-lia"
"0012502670055","4153","2025-02-07 08:32:18-03","1","2","Cancelado","252.95","4153","815","Bolsa Feminina Cabana","Bolsa Feminina Cabana","1996","4125","1996U","Único","39","Outlet","1","99.9","14.99","84.91","0","bolsa-feminina-cabana-unico-1996U"
"0012502929660","4154","2025-02-07 08:33:28-03","1","2","Cancelado","252.95","4154","820","Vestido Feminino Lia","Vestido Feminino Lia","1991","4137","1991M","M","45","Lançamentos","1","197.7","29.66","168.04","0","vestido-feminino-lia"
"0012502929660","4154","2025-02-07 08:33:28-03","1","2","Cancelado","252.95","4154","815","Bolsa Feminina Cabana","Bolsa Feminina Cabana","1996","4125","1996U","Único","39","Outlet","1","99.9","14.99","84.91","0","bolsa-feminina-cabana-unico-1996U"
"0012502184375","4155","2025-02-07 10:40:08-03","3","8","Entregue","60.93","4155","848","Vestido Feminino Victória","Vestido Feminino Victória","2046","4236","2046GG","GG","39","Outlet","1","167.7","152.23","15.47","0","vestido-feminino-victoria"
"0012502184375","4155","2025-02-07 10:40:08-03","3","8","Entregue","60.93","4155","825","Vestido Feminino Modal Lia Pantone","Vestido Feminino Modal Lia Pantone","2002","4160","2002GG","GG","39","Outlet","1","197.7","152.24","45.46","0","vestido-feminino-modal-lia-pantone"
"0012502980960","4156","2025-02-07 11:19:09-03","3","8","Entregue","0","4156","576","Jaqueta Feminina Maxi Ônix","Jaqueta Feminina Max Ônix","1780","2926","1780M","M","46","Mais Vendidos","1","317.7","0","317.7","0","jaqueta-feminina-max-onix"
"0012502097186","4157","2025-02-07 21:51:34-03","1","8","Entregue","142.55","4157","848","Vestido Feminino Victória","Vestido Feminino Victória","2046","4237","2046G","G","39","Outlet","1","167.7","25.15","142.55","0","vestido-feminino-victoria"
"0012502996996","4158","2025-02-08 14:15:05-03","1","8","Entregue","1337.96","4158","853","Calça Feminina Skinny Júlia","Calça Feminina Skinny Júlia","2048","4263","204838","38","8","Calça","1","257.7","64.42","193.28","0","calca-feminina-skinny-julia"
"0012502996996","4158","2025-02-08 14:15:05-03","1","8","Entregue","1337.96","4158","849","Chemise Feminina Aline","Chemise Feminina Aline","2047","4243","2047M","M","45","Lançamentos","1","267.7","66.92","200.78","0","chemise-feminina-aline"
"0012502996996","4158","2025-02-08 14:15:05-03","1","8","Entregue","1337.96","4158","763","Chemise Feminina Bridão","Chemise Feminina Bridão","1944","3946","1944M","M","16","Camisete","1","267.7","66.92","200.78","0","chemise-feminina-bridao-1944"
"0012502996996","4158","2025-02-08 14:15:05-03","1","8","Entregue","1337.96","4158","702","Calça Skinny Feminina Pampa","Calça Skinny Feminina Pampa","1903","3640","190338","38","8","Calça","1","257.7","64.42","193.28","0","calca-skinny-feminina-pampa"
"0012502996996","4158","2025-02-08 14:15:05-03","1","8","Entregue","1337.96","4158","231","Calça Skinny Feminina Linhas Continuas","Calça Skinny Feminina Linhas Continuas","1485","1108","148536","36","8","Calça","1","217.7","54.42","163.28","0","calca-skinny-feminina-linhas-continuas"
"0012502996996","4158","2025-02-08 14:15:05-03","1","8","Entregue","1337.96","4158","158","Calça Jeans Feminina Boot Cut Cabana","Calça Jeans Feminina Boot Cut Cabana","1186","603","118636","36","46","Mais Vendidos","1","257.7","64.42","193.28","0","calca-jeans-feminina-boot-cut-cabana"
"0012502996996","4158","2025-02-08 14:15:05-03","1","8","Entregue","1337.96","4158","729","Calça Feminina Boot Cut Paty","Calça Feminina Boot Cut Paty","1914","3796","191436","36","8","Calça","1","257.7","64.42","193.28","0","calca-feminina-boot-cut-paty"
"0012502887412","4159","2025-02-10 14:30:36-03","3","8","Entregue","0","4159","848","Vestido Feminino Victória","Vestido Feminino Victória","2046","4238","2046M","M","39","Outlet","1","167.7","59.85","107.85","0","vestido-feminino-victoria"
"0012502442316","4160","2025-02-10 14:41:50-03","3","8","Entregue","0","4160","851","Cropped Feminino Vanessa","Cropped Feminino Vanessa","2024","4251","2024GG","GG","39","Outlet","1","177.7","35.54","142.16","0","cropped-feminino-vanessa"
"0012502442316","4160","2025-02-10 14:41:50-03","3","8","Entregue","0","4160","850","Cropped Feminino Suzy","Cropped Feminino Suzy","2025","4246","2025GG","GG","39","Outlet","1","177.7","35.54","142.16","0","cropped-feminino-suzy"
"0012502442316","4160","2025-02-10 14:41:50-03","3","8","Entregue","0","4160","722","Blusa Feminina Susamar","Blusa Feminina Susamar","1897","3752","1897LARANJAG","Laranja - G","39","Outlet","1","79.8","15.96","63.84","0","blusa-feminina-susamar"
"0012502937476","4161","2025-02-11 17:27:42-03","1","8","Entregue","294.93","4161","641","Vestido Feminino Amanda","Vestido Feminino Amanda","1833","3285","1833G","G","39","Outlet","1","327.7","32.77","294.93","0","vestido-feminino-amanda"
"0012502928523","4162","2025-02-11 20:54:05-03","1","2","Cancelado","588.99","4162","576","Jaqueta Feminina Maxi Ônix","Jaqueta Feminina Max Ônix","1780","2928","1780GG","GG","46","Mais Vendidos","1","317.7","79.42","238.28","0","jaqueta-feminina-max-onix"
"0012502928523","4162","2025-02-11 20:54:05-03","1","2","Cancelado","588.99","4162","680","Colete Feminino Cabana Grazi","Colete Feminino Cabana Grazi","1880","3526","1880GG","GG","45","Lançamentos","1","169.9","42.47","127.43","0","colete-feminino-cabana-grazi"
"0012502928523","4162","2025-02-11 20:54:05-03","1","2","Cancelado","588.99","4162","707","Bombacha Feminina Grazi","Bombacha Feminina Grazi","1898","3679","189844","44","8","Calça","1","297.7","74.42","223.28","0","bombacha-feminina-grazi"
"0012502241491","4163","2025-02-13 14:20:06-03","3","8","Entregue","0","4163","848","Vestido Feminino Victória","Vestido Feminino Victória","2046","4236","2046GG","GG","39","Outlet","1","167.7","0","167.7","0","vestido-feminino-victoria"
"0012502907123","4164","2025-02-13 14:45:09-03","3","8","Entregue","159.32","4164","655","Vestido Aventura Equestre","Vestido Aventura Equestre","1854","3355","1854M","M","39","Outlet","1","167.7","8.38","159.32","0","vestido-aventura-equestre"
"0012502009370","4165","2025-02-13 16:20:08-03","3","8","Entregue","0","4165","743","Blusa Feminina Núbia","Blusa Feminina Núbia","1927","3866","1927P","P","3","Blusas","1","147.7","0","147.7","0","blusa-feminina-nubia"
"0012502434718","4166","2025-02-13 20:20:09-03","1","8","Entregue","164.63","4166","660","Regata Feminina Baise","Regata Feminina Baise","1850","3406","1850P","P","39","Outlet","1","79.9","19.97","59.93","0","regata-feminina-baise"
"0012502434718","4166","2025-02-13 20:20:09-03","1","8","Entregue","164.63","4166","366","T-shirt Feminina Traços Equestres","T-shirt Feminino Traços Equestres","1595","1848","1595P","P","6","Manga curta","1","79.8","19.95","59.85","0","t-shirt-feminino-tracos-equestres"
"0012502434718","4166","2025-02-13 20:20:09-03","1","8","Entregue","164.63","4166","768","T- Shirt Feminina ERA","T- Shirt Feminina ERA","1950","3962","1950P","P","1","Feminino","1","59.8","14.95","44.85","0","t-shirt-feminina-era"
"0012502570815","4167","2025-02-14 10:45:32-03","1","8","Entregue","135.92","4167","746","Calça Feminina Cargo Cabana","Calça Feminina Cargo Cabana","1935","3880","1935G","G","39","Outlet","1","159.9","23.98","135.92","0","calca-feminina-cargo-cabana"
"0012502092136","4168","2025-02-14 12:00:33-03","1","2","Cancelado","532.56","4168","244","Camisete Feminina Gateado","Camisete Feminina Gateado","1498","1247","1498GG","GG","46","Mais Vendidos","1","247.7","74.31","173.39","0","camisete-feminina-gateado"
"0012502092136","4168","2025-02-14 12:00:33-03","1","2","Cancelado","532.56","4168","504","Cropped Feminino Realeza","Cropped Feminino Realeza","1712","2548","1712GG","GG","10","Regata","1","157.7","47.31","110.39","0","cropped-feminino-realeza"
"0012502092136","4168","2025-02-14 12:00:33-03","1","2","Cancelado","532.56","4168","316","Body Feminino Realeza","Body Feminino Realeza","1541","1531","1541GG","GG","45","Lançamentos","1","187.7","56.31","131.39","0","body-feminino-realeza"
"0012502092136","4168","2025-02-14 12:00:33-03","1","2","Cancelado","532.56","4168","619","Regata Feminina Modeladora Luna","Regata Feminina Modeladora Luna","1805","3172","1805GG","GG","48","Verão 2024","1","167.7","50.31","117.39","0","regata-modeladora-luna"
"0012502490365","4169","2025-02-14 12:02:00-03","1","8","Entregue","532.56","4169","244","Camisete Feminina Gateado","Camisete Feminina Gateado","1498","1247","1498GG","GG","46","Mais Vendidos","1","247.7","74.31","173.39","0","camisete-feminina-gateado"
"0012502490365","4169","2025-02-14 12:02:00-03","1","8","Entregue","532.56","4169","504","Cropped Feminino Realeza","Cropped Feminino Realeza","1712","2548","1712GG","GG","10","Regata","1","157.7","47.31","110.39","0","cropped-feminino-realeza"
"0012502490365","4169","2025-02-14 12:02:00-03","1","8","Entregue","532.56","4169","316","Body Feminino Realeza","Body Feminino Realeza","1541","1531","1541GG","GG","45","Lançamentos","1","187.7","56.31","131.39","0","body-feminino-realeza"
"0012502490365","4169","2025-02-14 12:02:00-03","1","8","Entregue","532.56","4169","619","Regata Feminina Modeladora Luna","Regata Feminina Modeladora Luna","1805","3172","1805GG","GG","48","Verão 2024","1","167.7","50.31","117.39","0","regata-modeladora-luna"
"0012502822235","4170","2025-02-14 15:04:09-03","3","8","Entregue","0","4170","853","Calça Feminina Skinny Júlia","Calça Feminina Skinny Júlia","2048","4263","204838","38","8","Calça","1","257.7","179.62","78.08","0","calca-feminina-skinny-julia"
"0012502822235","4170","2025-02-14 15:04:09-03","3","8","Entregue","0","4170","631","Top Feminino Ana","Top Feminino Ana","1836","3232","1836M","M","3","Blusas","1","79.8","55.62","24.18","0","top-feminino-ana"
"0012502822235","4170","2025-02-14 15:04:09-03","3","8","Entregue","0","4170","808","T-Shirt Feminina Adriana","T-Shirt Feminina Adriana","1954","4097","1954M","M","39","Outlet","1","99.9","69.63","30.27","0","t-shirt-feminina-adriana"
"0012502822235","4170","2025-02-14 15:04:09-03","3","8","Entregue","0","4170","840","Pulseira Feminina Ellos Cabana","Pulseira Feminina Ellos Cabana","2021","4199","2021U","Único","45","Lançamentos","1","99.9","69.63","30.27","0","pulseira-feminina-ellos-cabana-unico"
"0012502578403","4171","2025-02-14 16:20:23-03","3","8","Entregue","470","4171","746","Calça Feminina Cargo Cabana","Calça Feminina Cargo Cabana","1935","3881","1935M","M","39","Outlet","1","159.9","31.98","127.92","0","calca-feminina-cargo-cabana"
"0012502578403","4171","2025-02-14 16:20:23-03","3","8","Entregue","470","4171","847","Vestido Feminino Suzy","Vestido Feminino Suzy","2023","4233","2023M","M","39","Outlet","1","297.7","59.54","238.16","0","vestido-feminino-suzy"
"0012502578403","4171","2025-02-14 16:20:23-03","3","8","Entregue","470","4171","790","Colar Feminino Ellos Cabana","Colar Feminino Ellos Cabana","1969","4032","1969U","Único","31","Colar","1","129.9","25.98","103.92","0","colar-feminino-ellos-cabana-unico-1969"
"0012502030452","4172","2025-02-17 09:36:13-03","1","8","Entregue","300.24","4172","602","Blusa Feminina Relíquia","Blusa Feminina Relíquia","1800","3082","1800G","G","48","Verão 2024","1","147.7","29.54","118.16","0","blusa-feminina-reliquia"
"0012502030452","4172","2025-02-17 09:36:13-03","1","8","Entregue","300.24","4172","351","Regata Feminina Amanhecer","Regata Feminina Amanhecer","1580","1740","1580GG","GG","1","Feminino","1","89.9","17.98","71.92","0","regata-feminina-amanhecer"
"0012502030452","4172","2025-02-17 09:36:13-03","1","8","Entregue","300.24","4172","742","Regata Feminina Núbia","Regata  Feminina Núbia","1926","3858","1926GG","GG","3","Blusas","1","137.7","27.54","110.16","0","regata-feminina-nubia"
"0012502439272","4173","2025-02-17 10:57:54-03","3","8","Entregue","0","4173","846","Vestido Feminino Vanessa ","Vestido Feminino Vanessa ","2008","4226","2008GG","GG","39","Outlet","1","297.7","59.54","238.16","0","vestido-feminino-vanessa"
"0012502439272","4173","2025-02-17 10:57:54-03","3","8","Entregue","0","4173","663","Vestido Feminino Angélica","Vestido Feminino Angélica","1853","3424","1853GG","GG","39","Outlet","1","327.7","65.54","262.16","0","vestido-feminino-angelica"
"0012502439272","4173","2025-02-17 10:57:54-03","3","8","Entregue","0","4173","657","Blusa Feminina Cowgirl","Blusa Feminina Cowgirl","1788","3387","1788GGROSE","Rose - GG","39","Outlet","1","79.8","15.96","63.84","0","blusa-feminina-cowgirl"
"0012502439272","4173","2025-02-17 10:57:54-03","3","8","Entregue","0","4173","468","Jaqueta Feminina AgroStar Cabana","Jaqueta Feminina AgroStar Cabana","1674","2380","1674GG","GG","13","Jaqueta","1","337.7","67.54","270.16","0","jaqueta-feminina-agrostar-cabana"
"0012502574800","4174","2025-02-17 19:43:23-03","1","8","Entregue","312.93","4174","852","Vestido Feminino Gateado","Vestido Feminino Gateado","2027","4256","2027G","G","46","Mais Vendidos","1","347.7","34.77","312.93","0","vestido-feminino-gateado"
"0012502078311","4175","2025-02-18 13:20:58-03","3","8","Entregue","140","4175","173","Blusa Feminina Neblina","Blusa Feminina Neblina","1127","717","1127M","M","1","Feminino","1","147.7","7.7","140","0","blusa-feminina-neblina"
"0012502568137","4176","2025-02-21 13:17:52-03","3","8","Entregue","710.71","4176","531","Chemise Feminina Bridão","Chemise Feminina Bridão","1752","2667","1752M","M","46","Mais Vendidos","1","267.7","61.57","206.13","0","chemise-feminina-bridao"
"0012502568137","4176","2025-02-21 13:17:52-03","3","8","Entregue","710.71","4176","484","Body Feminino Victória","Body Feminino Victória","1681","2456","1681G","G","11","Body","1","187.7","43.17","144.53","0","body-feminino-victoria"
"0012502568137","4176","2025-02-21 13:17:52-03","3","8","Entregue","710.71","4176","734","Colete Feminino Linho Marrom","Colete Feminino Linho Marrom","1923","3819","1923M","M","18","Colete","1","169.9","39.08","130.82","0","colete-feminino-linho-marrom"
"0012502568137","4176","2025-02-21 13:17:52-03","3","8","Entregue","710.71","4176","733","Bombacha Feminina Linho Marrom","Bombacha Feminina Linho Marrom","1922","3812","192240","40","8","Calça","1","297.7","68.47","229.23","0","bombacha-feminina-linho-marrom"
"0012502929435","4177","2025-02-24 14:41:12-03","3","8","Entregue","258.93","4177","575","Calça Feminina  Boot Cut Corcel","Calça Feminina  Boot Cut Corcel","1779","2920","177938","38","8","Calça","1","287.7","28.77","258.93","0","calca-feminina-boot-cut-corcel"
"0012502596806","4178","2025-02-24 16:20:02-03","3","8","Entregue","0","4178","848","Vestido Feminino Victória","Vestido Feminino Victória","2046","4236","2046GG","GG","39","Outlet","1","167.7","0","167.7","0","vestido-feminino-victoria"
"0012502523643","4179","2025-02-25 14:21:09-03","1","8","Entregue","134.16","4179","619","Regata Feminina Modeladora Luna","Regata Feminina Modeladora Luna","1805","3172","1805GG","GG","48","Verão 2024","1","167.7","33.54","134.16","0","regata-modeladora-luna"
"0012502973797","4180","2025-02-25 16:23:41-03","3","8","Entregue","463.58","4180","575","Calça Feminina  Boot Cut Corcel","Calça Feminina  Boot Cut Corcel","1779","2922","177942","42","8","Calça","1","287.7","43.16","244.54","0","calca-feminina-boot-cut-corcel"
"0012502973797","4180","2025-02-25 16:23:41-03","3","8","Entregue","463.58","4180","158","Calça Jeans Feminina Boot Cut Cabana","Calça Jeans Feminina Boot Cut Cabana","1186","606","118642","42","46","Mais Vendidos","1","257.7","38.66","219.04","0","calca-jeans-feminina-boot-cut-cabana"
"0012502818916","4181","2025-02-26 13:41:18-03","3","8","Entregue","0","4181","870","Vestido Feminino Over Bridão ","Vestido Feminino Over Bridão ","2057","4317","2057GG","GG","39","Outlet","1","297.7","43.38","254.32","0","vestido-feminino-over-bridao"
"0012502608891","4182","2025-02-27 10:43:30-03","3","8","Entregue","167.7","4182","848","Vestido Feminino Victória","Vestido Feminino Victória","2046","4238","2046M","M","39","Outlet","1","167.7","0","167.7","0","vestido-feminino-victoria"
"0012502714823","4183","2025-02-27 11:00:48-03","3","8","Entregue","752.26","4183","684","Blusa  Feminina Tropilha","Blusa Feminina Tropilha","1875","3546","1875GG","GG","39","Outlet","1","237.7","59.42","178.28","0","blusa-feminina-tropilha"
"0012502714823","4183","2025-02-27 11:00:48-03","3","8","Entregue","752.26","4183","870","Vestido Feminino Over Bridão ","Vestido Feminino Over Bridão ","2057","4318","2057G","G","39","Outlet","1","297.7","74.42","223.28","0","vestido-feminino-over-bridao"
"0012502714823","4183","2025-02-27 11:00:48-03","3","8","Entregue","752.26","4183","871","Bombacha Feminina Linho Black","Bombacha Feminina Linho Black","2050","4322","205044","44","45","Lançamentos","1","297.7","74.42","223.28","0","bombacha-feminina-linho-black"
"0012502714823","4183","2025-02-27 11:00:48-03","3","8","Entregue","752.26","4183","872","Colete Feminino Linho Black","Colete Feminino Linho Black","2049","4329","2049GG","GG","45","Lançamentos","1","169.9","42.48","127.42","0","colete-feminino-linho-black"
"0012502716821","4184","2025-02-27 21:07:37-03","1","8","Entregue","497.58","4184","576","Jaqueta Feminina Maxi Ônix","Jaqueta Feminina Max Ônix","1780","2927","1780G","G","46","Mais Vendidos","1","317.7","47.66","270.04","0","jaqueta-feminina-max-onix"
"0012502716821","4184","2025-02-27 21:07:37-03","1","8","Entregue","497.58","4184","763","Chemise Feminina Bridão","Chemise Feminina Bridão","1944","3945","1944G","G","16","Camisete","1","267.7","40.16","227.54","0","chemise-feminina-bridao-1944"
"0012502062497","4185","2025-02-28 08:36:28-03","3","8","Entregue","282","4185","871","Bombacha Feminina Linho Black","Bombacha Feminina Linho Black","2050","4326","205036","36","45","Lançamentos","1","297.7","15.7","282","0","bombacha-feminina-linho-black"
"0012502282694","4186","2025-02-28 11:00:12-03","1","8","Entregue","98.63","4186","406","Conjunto Feminino  Corta Vento Maya","Conjunto Feminino Corta Vento Maya","1632","2070","1632ROSAM","Pink - M","39","Outlet","1","99.8","14.97","84.83","13.8","bomber-corta-vento-feminino-maya"
"0012502189959","4187","2025-02-28 15:12:56-03","3","8","Entregue","0","4187","853","Calça Feminina Skinny Júlia","Calça Feminina Skinny Júlia","2048","4262","204840","40","8","Calça","1","257.7","0","257.7","0","calca-feminina-skinny-julia"
"0012502189959","4187","2025-02-28 15:12:56-03","3","8","Entregue","0","4187","631","Top Feminino Ana","Top Feminino Ana","1836","3231","1836P","P","3","Blusas","1","79.8","0","79.8","0","top-feminino-ana"
"0012503945457","4188","2025-03-02 15:19:11-03","1","2","Cancelado","580.47","4188","688","Top Feminino Alice","Top Feminino Alice","1885","3566","1885GG","GG","39","Outlet","1","79.8","3.99","75.81","0","top-feminino-alice"
"0012503945457","4188","2025-03-02 15:19:11-03","1","2","Cancelado","580.47","4188","624","Cropped Feminino Mariana","Cropped Feminino Mariana","1811","3196","1811P","P","39","Outlet","1","75.81","3.79","72.02","0","cropped-feminino-mariana"
"0012503945457","4188","2025-03-02 15:19:11-03","1","2","Cancelado","580.47","4188","619","Regata Feminina Modeladora Luna","Regata Feminina Modeladora Luna","1805","3172","1805GG","GG","48","Verão 2024","1","167.7","8.38","159.32","0","regata-modeladora-luna"
"0012503945457","4188","2025-03-02 15:19:11-03","1","2","Cancelado","580.47","4188","575","Calça Feminina  Boot Cut Corcel","Calça Feminina  Boot Cut Corcel","1779","2922","177942","42","8","Calça","1","287.7","14.38","273.32","0","calca-feminina-boot-cut-corcel"
"0012503242207","4189","2025-03-03 14:56:34-03","3","8","Entregue","0","4189","835","Colar Feminino Choker Cabana","Colar Feminino Choker Cabana","2016","4189","2016U","Único","45","Lançamentos","1","129.9","0","129.9","0","colar-feminino-choker-cabana-unico"
"0012503242207","4189","2025-03-03 14:56:34-03","3","8","Entregue","0","4189","837","Colar Feminino Cabana","Colar Choker Feminino  Cabana ","2018","4193","2018U","Único","45","Lançamentos","1","129.9","0","129.9","0","colar-feminino-cabana-unico"
"0012503411948","4190","2025-03-05 00:49:53-03","1","8","Entregue","421.15","4190","688","Top Feminino Alice","Top Feminino Alice","1885","3566","1885GG","GG","39","Outlet","1","79.8","3.99","75.81","0","top-feminino-alice"
"0012503411948","4190","2025-03-05 00:49:53-03","1","8","Entregue","421.15","4190","624","Cropped Feminino Mariana","Cropped Feminino Mariana","1811","3196","1811P","P","39","Outlet","1","75.81","3.79","72.02","0","cropped-feminino-mariana"
"0012503411948","4190","2025-03-05 00:49:53-03","1","8","Entregue","421.15","4190","575","Calça Feminina  Boot Cut Corcel","Calça Feminina  Boot Cut Corcel","1779","2922","177942","42","8","Calça","1","287.7","14.38","273.32","0","calca-feminina-boot-cut-corcel"
"0012503338777","4191","2025-03-05 19:52:11-03","1","8","Entregue","444.23","4191","872","Colete Feminino Linho Black","Colete Feminino Linho Black","2049","4329","2049GG","GG","45","Lançamentos","1","169.9","8.49","161.41","0","colete-feminino-linho-black"
"0012503338777","4191","2025-03-05 19:52:11-03","1","8","Entregue","444.23","4191","807","Vestido Feminino Realeza ","Vestido Feminino Realeza ","1990","4090","1990GG","GG","39","Outlet","1","297.7","14.88","282.82","0","vestido-feminino-realeza"
"0012503792734","4192","2025-03-06 11:03:31-03","3","8","Entregue","305.73","4192","861","Cinto Feminino Cabana","Cinto Feminino Cabana","2062","4283","2062U","Único","45","Lançamentos","1","139.9","13.99","125.91","0","cinto-feminino-cabana-unico-2035U"
"0012503792734","4192","2025-03-06 11:03:31-03","3","8","Entregue","305.73","4192","785","Pulseira Feminina Laços Cabana","Pulseira Feminina Laços Cabana","1964","4022","1964U","Único","30","Pulseira","1","99.9","9.99","89.91","0","pulseira-feminina-lacos-cabana"
"0012503792734","4192","2025-03-06 11:03:31-03","3","8","Entregue","305.73","4192","778","Pulseira Feminina Laços Cabana","Pulseira Feminina Laços Cabana","1957","4008","1957U","Único","30","Pulseira","1","99.9","9.99","89.91","0","pulseira-feminina-lacos-cabana-1957"
"0012503565990","4193","2025-03-08 17:54:39-03","1","8","Entregue","206.82","4193","811","Bombacha Curta Feminina Lia","Bombacha Curta Feminina Lia","1984","4115","198436","36","39","Outlet","1","217.7","10.88","206.82","0","bombacha-curta-feminina-lia"
"0012503691329","4194","2025-03-09 22:37:59-03","1","8","Entregue","175.4","4194","719","Camisete Feminina Teodora","Camisete Feminina Teodora","1906","3737","1906GG","GG","39","Outlet","1","175.4","0","175.4","0","camisete-feminina-teodora"
"0012503245425","4195","2025-03-10 11:43:45-03","3","8","Entregue","187.82","4195","820","Vestido Feminino Lia","Vestido Feminino Lia","1991","4137","1991M","M","45","Lançamentos","1","197.7","9.88","187.82","0","vestido-feminino-lia"
"0012503670055","4196","2025-03-10 16:57:17-03","3","8","Entregue","0","4196","870","Vestido Feminino Over Bridão ","Vestido Feminino Over Bridão ","2057","4317","2057GG","GG","39","Outlet","1","297.7","0","297.7","0","vestido-feminino-over-bridao"
"0012503929660","4197","2025-03-11 14:14:20-03","3","8","Entregue","0","4197","703","Saia Feminina Courino Cabana","Saia Feminina Courino Cabana","1902","3649","1902GGMARROM","Marrom - GG","39","Outlet","1","267.7","0","267.7","0","saia-feminina-courino-cabana"
"0012503184375","4198","2025-03-13 15:02:39-03","3","8","Entregue","0","4198","719","Camisete Feminina Teodora","Camisete Feminina Teodora","1906","3735","1906M","M","39","Outlet","1","175.4","0","175.4","0","camisete-feminina-teodora"
"0012503184375","4198","2025-03-13 15:02:39-03","3","8","Entregue","0","4198","292","Calça Feminina Montaria Alice","Calça Feminina Montaria Alice","1537","1408","1537M","M","46","Mais Vendidos","1","209.9","10.49","199.41","0","calca-feminina-montaria-alice"
"0012503980960","4199","2025-03-13 15:44:13-03","3","8","Entregue","249.95","4199","709","Blusa Feminina Sofhia","Blusa Feminina Sofhia","1874","3686","1874M","M","39","Outlet","1","87.7","4.38","83.32","0","blusa-feminina-sofhia"
"0012503980960","4199","2025-03-13 15:44:13-03","3","8","Entregue","249.95","4199","674","Calça Feminina Linho Cabana","Calça Feminina Linho Cabana","1879","3495","187938","38","1","Feminino","1","175.4","8.77","166.63","0","calca-feminina-linho-cabana"
"0012503097186","4200","2025-03-14 16:56:14-03","1","8","Entregue","105.45","4200","660","Regata Feminina Baise","Regata Feminina Baise","1850","3409","1850GG","GG","39","Outlet","1","79.9","0","79.9","25.55","regata-feminina-baise"
"0012503996996","4201","2025-03-14 17:04:38-03","3","8","Entregue","0","4201","575","Calça Feminina  Boot Cut Corcel","Calça Feminina  Boot Cut Corcel","1779","2920","177938","38","8","Calça","1","287.7","0","287.7","0","calca-feminina-boot-cut-corcel"
"0012503996996","4201","2025-03-14 17:04:38-03","3","8","Entregue","0","4201","301","Poncho Feminino Camila","Poncho Feminino Camila","1546","1473","1546UNICO","Único","39","Outlet","1","199.9","0","199.9","0","poncho-feminino-camila"
"0012503887412","4202","2025-03-15 09:20:01-03","1","8","Entregue","273.32","4202","575","Calça Feminina  Boot Cut Corcel","Calça Feminina  Boot Cut Corcel","1779","2920","177938","38","8","Calça","1","287.7","14.38","273.32","0","calca-feminina-boot-cut-corcel"
"0012503442316","4203","2025-03-15 11:30:26-03","1","8","Entregue","257.7","4203","168","Calça Jeans Feminina Boot Cut Morgan ","Calça Jeans Feminina Boot Cut Morgan ","1260","676","126040","40","8","Calça","1","257.7","0","257.7","0","calca-jeans-feminina-boot-cut-morgan"
"0012503937476","4204","2025-03-15 12:02:00-03","1","8","Entregue","157.7","4204","640","Blusa Feminina Corsel","Blusa Feminina Corsel","1831","3279","1831M","M","3","Blusas","1","157.7","0","157.7","0","blusa-feminina-corsel"
"0012503928523","4205","2025-03-15 14:09:02-03","1","8","Entregue","178.32","4205","868","Blusa Feminina Melissa","Blusa Feminina Melissa","2031","4309","2031M","M","45","Lançamentos","1","187.7","9.38","178.32","0","blusa-feminina-melissa"
"0012503241491","4206","2025-03-15 17:00:10-03","1","8","Entregue","420.84","4206","734","Colete Feminino Linho Marrom","Colete Feminino Linho Marrom","1923","3819","1923M","M","18","Colete","1","169.9","16.99","152.91","0","colete-feminino-linho-marrom"
"0012503241491","4206","2025-03-15 17:00:10-03","1","8","Entregue","420.84","4206","733","Bombacha Feminina Linho Marrom","Bombacha Feminina Linho Marrom","1922","3813","192238","38","8","Calça","1","297.7","29.77","267.93","0","bombacha-feminina-linho-marrom"
"0012503907123","4207","2025-03-16 20:34:03-03","1","8","Entregue","244.82","4207","853","Calça Feminina Skinny Júlia","Calça Feminina Skinny Júlia","2048","4261","204842","42","8","Calça","1","257.7","12.88","244.82","0","calca-feminina-skinny-julia"
"0012503009370","4208","2025-03-17 15:55:35-03","3","8","Entregue","199","4208","292","Calça Feminina Montaria Alice","Calça Feminina Montaria Alice","1537","1410","1537GG","GG","46","Mais Vendidos","1","209.9","10.9","199","0","calca-feminina-montaria-alice"
"0012503434718","4209","2025-03-19 21:52:53-03","1","8","Entregue","168.93","4209","715","Jaqueta Feminina Strass Luxo","Jaqueta Feminina Strass Luxo","1893","3726","1893P","P","13","Jaqueta","1","187.7","18.77","168.93","0","jaqueta-feminina-strass-luxo"
"0012503570815","4210","2025-03-20 08:20:05-03","3","8","Entregue","404.14","4210","316","Body Feminino Realeza","Body Feminino Realeza","1541","1531","1541GG","GG","45","Lançamentos","1","187.7","9.38","178.32","0","body-feminino-realeza"
"0012503570815","4210","2025-03-20 08:20:05-03","3","8","Entregue","404.14","4210","895","Vestido Feminino Hanna","Vestido Feminino Hanna","2051","4403","2051GG","GG","39","Outlet","1","237.7","11.88","225.82","0","vestido-feminino-hanna"
"0012503092136","4211","2025-03-20 16:37:20-03","3","8","Entregue","0","4211","870","Vestido Feminino Over Bridão ","Vestido Feminino Over Bridão ","2057","4318","2057G","G","39","Outlet","1","297.7","0","297.7","0","vestido-feminino-over-bridao"
"0012503490365","4212","2025-03-21 13:55:47-03","3","8","Entregue","0","4212","866","Blazer Feminina Xadrez Joana","Blazer Feminina Xadrez Joana","2036","4296","2036M","M","45","Lançamentos","1","297.7","0","297.7","0","blazer-feminina-xadrez-joana"
"0012503822235","4213","2025-03-22 14:53:24-03","1","8","Entregue","151.91","4213","746","Calça Feminina Cargo Cabana","Calça Feminina Cargo Cabana","1935","3880","1935G","G","39","Outlet","1","159.9","7.99","151.91","0","calca-feminina-cargo-cabana"
"0012503578403","4214","2025-03-22 19:07:24-03","1","8","Entregue","244.82","4214","168","Calça Jeans Feminina Boot Cut Morgan ","Calça Jeans Feminina Boot Cut Morgan ","1260","677","126042","42","8","Calça","1","257.7","12.88","244.82","0","calca-jeans-feminina-boot-cut-morgan"
"0012503030452","4215","2025-03-23 20:37:54-03","1","2","Cancelado","257.7","4215","158","Calça Jeans Feminina Boot Cut Cabana","Calça Jeans Feminina Boot Cut Cabana","1186","607","118644","44","46","Mais Vendidos","1","257.7","0","257.7","0","calca-jeans-feminina-boot-cut-cabana"
"0012503439272","4216","2025-03-23 20:38:59-03","1","8","Entregue","244.82","4216","158","Calça Jeans Feminina Boot Cut Cabana","Calça Jeans Feminina Boot Cut Cabana","1186","607","118644","44","46","Mais Vendidos","1","257.7","12.88","244.82","0","calca-jeans-feminina-boot-cut-cabana"
"0012503574800","4217","2025-03-24 08:55:29-03","3","2","Cancelado","290.11","4217","763","Chemise Feminina Bridão","Chemise Feminina Bridão","1944","3946","1944M","M","16","Camisete","1","267.7","0","267.7","22.41","chemise-feminina-bridao-1944"
"0012503078311","4218","2025-03-24 08:58:20-03","3","8","Entregue","267.7","4218","763","Chemise Feminina Bridão","Chemise Feminina Bridão","1944","3946","1944M","M","16","Camisete","1","267.7","0","267.7","0","chemise-feminina-bridao-1944"
"0012503568137","4219","2025-03-25 09:35:50-03","1","8","Entregue","552.9","4219","890","Vestido Moletom Feminino Rafaela","Vestido Moletom Feminino Rafaela","2053","4384","2053GG","GG","39","Outlet","1","277.7","0","277.7","0","vestido-moletom-feminino-rafaela"
"0012503568137","4219","2025-03-25 09:35:50-03","1","8","Entregue","552.9","4219","719","Camisete Feminina Teodora","Camisete Feminina Teodora","1906","3737","1906GG","GG","39","Outlet","1","175.4","0","175.4","0","camisete-feminina-teodora"
"0012503568137","4219","2025-03-25 09:35:50-03","1","8","Entregue","552.9","4219","406","Conjunto Feminino  Corta Vento Maya","Conjunto Feminino Corta Vento Maya","1632","2072","1632ROSAGG","Pink - GG","39","Outlet","1","99.8","0","99.8","0","bomber-corta-vento-feminino-maya"
"0012503929435","4220","2025-03-26 15:41:42-03","3","8","Entregue","263.82","4220","890","Vestido Moletom Feminino Rafaela","Vestido Moletom Feminino Rafaela","2053","4384","2053GG","GG","39","Outlet","1","277.7","13.88","263.82","0","vestido-moletom-feminino-rafaela"
"0012503596806","4221","2025-03-27 11:54:39-03","3","8","Entregue","527.64","4221","575","Calça Feminina  Boot Cut Corcel","Calça Feminina  Boot Cut Corcel","1779","2923","177944","44","8","Calça","1","287.7","14.38","273.32","0","calca-feminina-boot-cut-corcel"
"0012503596806","4221","2025-03-27 11:54:39-03","3","8","Entregue","527.64","4221","845","Camisete Feminina Roseli","Camisete Feminina Roseli","1980","4221","1980GG","GG","45","Lançamentos","1","267.7","13.38","254.32","0","camisete-feminina-roseli"
"0012503523643","4222","2025-03-27 18:22:36-03","1","8","Entregue","277.7","4222","332","Poncho Feminino Campo a Fora","Poncho Feminino Campo a Fora","1565","1614","1565MARROME","Marrom Escuro","39","Outlet","1","277.7","0","277.7","0","poncho-feminino-campo-a-fora"
"0012503973797","4223","2025-03-28 07:14:26-03","1","8","Entregue","187.7","4223","682","Body Feminino Amanda","Body Feminino Amanda","1872","3536","1872GG","GG","11","Body","1","187.7","0","187.7","0","body-feminino-amanda"
"0012503818916","4224","2025-03-28 11:27:51-03","1","2","Cancelado","125.78","4224","516","Casaco Feminino Ted Vichy","Casaco Feminino Ted Vichy","1754","2597","1754P","P","39","Outlet","1","167.7","41.92","125.78","0","casaco-feminino-ted-vichy"
"0012503608891","4225","2025-03-28 15:18:10-03","1","8","Entregue","810.37","4225","908","Cropped Feminino Manuela","Cropped Feminino Manuela","2040","4448","2040P","P","6","Manga curta","1","137.7","6.88","130.82","0","cropped-feminino-manuela"
"0012503608891","4225","2025-03-28 15:18:10-03","1","8","Entregue","810.37","4225","872","Colete Feminino Linho Black","Colete Feminino Linho Black","2049","4332","2049P","P","45","Lançamentos","1","169.9","8.49","161.41","0","colete-feminino-linho-black"
"0012503608891","4225","2025-03-28 15:18:10-03","1","8","Entregue","810.37","4225","575","Calça Feminina  Boot Cut Corcel","Calça Feminina  Boot Cut Corcel","1779","2920","177938","38","8","Calça","1","287.7","14.38","273.32","0","calca-feminina-boot-cut-corcel"
"0012503608891","4225","2025-03-28 15:18:10-03","1","8","Entregue","810.37","4225","853","Calça Feminina Skinny Júlia","Calça Feminina Skinny Júlia","2048","4263","204838","38","8","Calça","1","257.7","12.88","244.82","0","calca-feminina-skinny-julia"
"0012503714823","4226","2025-03-28 22:18:34-03","1","8","Entregue","189.91","4226","44","Calça Feminina Boot Cut Pandora","Calça Feminina Boot Cut Pandora","1406","78","140644","44","39","Outlet","1","199.9","9.99","189.91","0","calca-feminina-boot-cut-pandora"
"0012503716821","4227","2025-03-29 14:18:06-03","1","8","Entregue","1042.9","4227","727","Calça Feminina Pezinho Rebeca","Calça Feminina Pezinho Rebeca","1912","3784","1912M","M","39","Outlet","1","167.7","0","167.7","0","calca-feminina-pezinho-rebeca"
"0012503716821","4227","2025-03-29 14:18:06-03","1","8","Entregue","1042.9","4227","531","Chemise Feminina Bridão","Chemise Feminina Bridão","1752","2667","1752M","M","46","Mais Vendidos","1","267.7","0","267.7","0","chemise-feminina-bridao"
"0012503716821","4227","2025-03-29 14:18:06-03","1","8","Entregue","1042.9","4227","292","Calça Feminina Montaria Alice","Calça Feminina Montaria Alice","1537","1408","1537M","M","46","Mais Vendidos","1","209.9","0","209.9","0","calca-feminina-montaria-alice"
"0012503716821","4227","2025-03-29 14:18:06-03","1","8","Entregue","1042.9","4227","847","Vestido Feminino Suzy","Vestido Feminino Suzy","2023","4233","2023M","M","39","Outlet","1","297.7","0","297.7","0","vestido-feminino-suzy"
"0012503716821","4227","2025-03-29 14:18:06-03","1","8","Entregue","1042.9","4227","800","Vestido Feminino Helena","Vestido Feminino Helena","1979","4057","1979M","M","39","Outlet","1","99.9","0","99.9","0","vestido-feminino-helena"
"0012503062497","4228","2025-03-31 13:21:21-03","1","7","Transporte","778","4228","763","Chemise Feminina Bridão","Chemise Feminina Bridão","1944","3945","1944G","G","16","Camisete","1","267.7","53.54","214.16","0","chemise-feminina-bridao-1944"
"0012503062497","4228","2025-03-31 13:21:21-03","1","7","Transporte","778","4228","747","Camisete Feminina Pampa","Camisete Feminina Pampa","1916","3886","1916GG","GG","39","Outlet","1","187.7","37.54","150.16","0","camisete-feminina-pampa"
"0012503062497","4228","2025-03-31 13:21:21-03","1","7","Transporte","778","4228","644","Blusa Feminina Tamiris","Blusa Feminina Tamiris","1818","3300","1818G","G","39","Outlet","1","79.8","15.96","63.84","0","blusa-feminina-tamiris"
"0012503062497","4228","2025-03-31 13:21:21-03","1","7","Transporte","778","4228","890","Vestido Moletom Feminino Rafaela","Vestido Moletom Feminino Rafaela","2053","4385","2053G","G","39","Outlet","1","277.7","55.54","222.16","0","vestido-moletom-feminino-rafaela"
"0012503062497","4228","2025-03-31 13:21:21-03","1","7","Transporte","778","4228","454","Kimono Feminino Romantic","Kimono Feminino Romantic","1677","2305","1677MOD2","Romantic","39","Outlet","1","79.8","15.96","63.84","0","kimono-tordilhos-unico-modelo2"
"0012503062497","4228","2025-03-31 13:21:21-03","1","7","Transporte","778","4228","604","Regata Feminina Amália","Regata Feminina Amália","1802","3092","1802G","G","39","Outlet","1","79.8","15.96","63.84","0","regata-feminina-amalia"
"0012503282694","4229","2025-03-31 15:17:58-03","1","8","Entregue","235.32","4229","714","Colete Feminino Penélope","Colete Feminino Penélope","1876","3721","1876P","P","18","Colete","1","247.7","12.38","235.32","0","colete-feminino-penelope"
"0012504945457","4230","2025-04-02 09:43:35-03","3","8","Entregue","0","4230","853","Calça Feminina Skinny Júlia","Calça Feminina Skinny Júlia","2048","4261","204842","42","8","Calça","1","257.7","12.88","244.82","0","calca-feminina-skinny-julia"
"0012504242207","4231","2025-04-02 13:37:44-03","1","8","Entregue","420.84","4231","870","Vestido Feminino Over Bridão ","Vestido Feminino Over Bridão ","2057","4319","2057M","M","39","Outlet","1","297.7","0","297.7","123.14","vestido-feminino-over-bridao"
"0012504411948","4232","2025-04-04 08:19:48-03","3","8","Entregue","0","4232","870","Vestido Feminino Over Bridão ","Vestido Feminino Over Bridão ","2057","4319","2057M","M","39","Outlet","1","297.7","29.77","267.93","0","vestido-feminino-over-bridao"
"0012504338777","4233","2025-04-04 12:18:42-03","1","8","Entregue","244.82","4233","168","Calça Jeans Feminina Boot Cut Morgan ","Calça Jeans Feminina Boot Cut Morgan ","1260","676","126040","40","8","Calça","1","257.7","12.88","244.82","0","calca-jeans-feminina-boot-cut-morgan"
"0012504792734","4234","2025-04-04 15:06:29-03","3","8","Entregue","0","4234","575","Calça Feminina  Boot Cut Corcel","Calça Feminina  Boot Cut Corcel","1779","2921","177940","40","8","Calça","1","287.7","0","287.7","0","calca-feminina-boot-cut-corcel"
"0012504565990","4235","2025-04-05 15:24:29-03","1","8","Entregue","295.4","4235","743","Blusa Feminina Núbia","Blusa Feminina Núbia","1927","3863","1927GG","GG","3","Blusas","1","147.7","0","147.7","0","blusa-feminina-nubia"
"0012504565990","4235","2025-04-05 15:24:29-03","1","8","Entregue","295.4","4235","225","T-Shirt Feminina Andaluz","T-Shirt Feminina Andaluz","1086","1075","1086GG","GG","6","Manga curta","1","147.7","0","147.7","0","t-shirt-feminina-andaluz"
"0012504691329","4236","2025-04-09 09:50:52-03","1","8","Entregue","267.7","4236","763","Chemise Feminina Bridão","Chemise Feminina Bridão","1944","3946","1944M","M","16","Camisete","1","267.7","0","267.7","0","chemise-feminina-bridao-1944"
"0012504245425","4237","2025-04-10 14:44:15-03","1","2","Cancelado","506.7","4237","845","Camisete Feminina Roseli","Camisete Feminina Roseli","1980","4222","1980G","G","45","Lançamentos","1","267.7","0","267.7","0","camisete-feminina-roseli"
"0012504245425","4237","2025-04-10 14:44:15-03","1","2","Cancelado","506.7","4237","719","Camisete Feminina Teodora","Camisete Feminina Teodora","1906","3736","1906G","G","39","Outlet","1","155.4","0","155.4","0","camisete-feminina-teodora"
"0012504245425","4237","2025-04-10 14:44:15-03","1","2","Cancelado","506.7","4237","863","Cinto Feminino Cabana","Cinto Feminino Cabana","2054","4287","2054U","Único","45","Lançamentos","1","83.6","0","83.6","0","cinto-feminino-cabana-unico-2054U"
"0012504670055","4238","2025-04-10 14:56:29-03","1","2","Cancelado","506.7","4238","845","Camisete Feminina Roseli","Camisete Feminina Roseli","1980","4222","1980G","G","45","Lançamentos","1","267.7","0","267.7","0","camisete-feminina-roseli"
"0012504670055","4238","2025-04-10 14:56:29-03","1","2","Cancelado","506.7","4238","719","Camisete Feminina Teodora","Camisete Feminina Teodora","1906","3736","1906G","G","39","Outlet","1","155.4","0","155.4","0","camisete-feminina-teodora"
"0012504670055","4238","2025-04-10 14:56:29-03","1","2","Cancelado","506.7","4238","863","Cinto Feminino Cabana","Cinto Feminino Cabana","2054","4287","2054U","Único","45","Lançamentos","1","83.6","0","83.6","0","cinto-feminino-cabana-unico-2054U"
"0012504929660","4239","2025-04-10 14:58:48-03","1","8","Entregue","399.9","4239","892","Sobretudo Feminino Inês","Sobretudo Feminino Inês","2038","4393","2038M","M","1","Feminino","1","399.9","0","399.9","0","sobretudo-feminino-ines"
"0012504184375","4240","2025-04-11 08:55:09-03","3","8","Entregue","175.4","4240","711","Jaqueta Feminina Softh Cut","Jaqueta Feminina Softh Cut","1888","3701","1888PPRETO","Preto - P","39","Outlet","1","175.4","0","175.4","0","jaqueta-feminina-softh-cut"
"0012504980960","4241","2025-04-11 10:49:02-03","1","8","Entregue","297.7","4241","870","Vestido Feminino Over Bridão ","Vestido Feminino Over Bridão ","2057","4319","2057M","M","39","Outlet","1","297.7","0","297.7","0","vestido-feminino-over-bridao"
"0012504097186","4242","2025-04-11 11:00:55-03","1","8","Entregue","506.7","4242","845","Camisete Feminina Roseli","Camisete Feminina Roseli","1980","4222","1980G","G","45","Lançamentos","1","267.7","0","267.7","0","camisete-feminina-roseli"
"0012504097186","4242","2025-04-11 11:00:55-03","1","8","Entregue","506.7","4242","719","Camisete Feminina Teodora","Camisete Feminina Teodora","1906","3736","1906G","G","39","Outlet","1","155.4","0","155.4","0","camisete-feminina-teodora"
"0012504097186","4242","2025-04-11 11:00:55-03","1","8","Entregue","506.7","4242","863","Cinto Feminino Cabana","Cinto Feminino Cabana","2054","4287","2054U","Único","45","Lançamentos","1","83.6","0","83.6","0","cinto-feminino-cabana-unico-2054U"
"0012504996996","4244","2025-04-11 16:03:48-03","3","7","Transporte","0","4244","813","Bolsa Feminina Cabana","Bolsa Feminina Cabana","1994","4121","1994U","Único","39","Outlet","1","79.9","7.99","71.91","0","bolsa-feminina-cabana-unico-1994U"
"0012504996996","4244","2025-04-11 16:03:48-03","3","7","Transporte","0","4244","813","Bolsa Feminina Cabana","Bolsa Feminina Cabana","1994","4121","1994U","Único","39","Outlet","1","79.9","7.99","71.91","0","bolsa-feminina-cabana-unico-1994U"
"0012504996996","4244","2025-04-11 16:03:48-03","3","7","Transporte","0","4244","915","Bolsa Feminina Cabana","Bolsa Feminina Cabana","2075","4471","2075U","Único","45","Lançamentos","1","99.9","9.99","89.91","0","bolsa-feminina-cabana"
"0012504996996","4244","2025-04-11 16:03:48-03","3","7","Transporte","0","4244","336","Colar Elos Cabana","Colar Elos Cabana","002COLARELOS","1654","002COLARELOS1","Modelo1","29","Semi-Jóias","1","129.9","12.99","116.91","0","colar-elos-cabana-modelo1"
"0012504996996","4244","2025-04-11 16:03:48-03","3","7","Transporte","0","4244","336","Colar Elos Cabana","Colar Elos Cabana","002COLARELOS","1656","002COLARELOS3","Modelo3","29","Semi-Jóias","1","129.9","12.99","116.91","0","colar-elos-cabana-modelo3"
"0012504996996","4244","2025-04-11 16:03:48-03","3","7","Transporte","0","4244","904","Vestido Feminino Manuela","Vestido Feminino Manuela","2042","4432","2042G","G","39","Outlet","1","267.7","0","267.7","0","vestido-feminino-manuela"
"0012504996996","4244","2025-04-11 16:03:48-03","3","7","Transporte","0","4244","866","Blazer Feminina Xadrez Joana","Blazer Feminina Xadrez Joana","2036","4296","2036M","M","45","Lançamentos","1","297.7","19.77","277.93","0","blazer-feminina-xadrez-joana"
"0012504996996","4244","2025-04-11 16:03:48-03","3","7","Transporte","0","4244","620","Cropped Feminino Iza ","Cropped Feminino Iza ","1812","3177","1812PRETOG","Preto - G","3","Blusas","1","117.7","11.77","105.93","0","cropped-feminino-iza"
"0012504996996","4244","2025-04-11 16:03:48-03","3","7","Transporte","0","4244","575","Calça Feminina  Boot Cut Corcel","Calça Feminina  Boot Cut Corcel","1779","2921","177940","40","8","Calça","1","287.7","28.77","258.93","0","calca-feminina-boot-cut-corcel"
"0012504996996","4244","2025-04-11 16:03:48-03","3","7","Transporte","0","4244","853","Calça Feminina Skinny Júlia","Calça Feminina Skinny Júlia","2048","4262","204840","40","8","Calça","1","257.7","25.77","231.93","0","calca-feminina-skinny-julia"
"0012504996996","4244","2025-04-11 16:03:48-03","3","7","Transporte","0","4244","671","Jaqueta Feminina Bomber Paloma","Jaqueta Feminina Bomber Paloma","1864","3472","1864GROSE","Rose - G","39","Outlet","1","155.4","15.54","139.86","0","jaqueta-feminina-bomber-paloma"
"0012504996996","4244","2025-04-11 16:03:48-03","3","7","Transporte","0","4244","845","Camisete Feminina Roseli","Camisete Feminina Roseli","1980","4223","1980M","M","45","Lançamentos","1","267.7","26.77","240.93","0","camisete-feminina-roseli"
"0012504887412","4245","2025-04-15 10:33:53-03","3","8","Entregue","0","4245","350","Vestido Feminino Querência","Vestido Feminino Querência","1569","1732","1569P","P","46","Mais Vendidos","1","347.7","17.39","330.31","0","vestido-feminino-querencia"
"0012504442316","4246","2025-04-15 12:47:11-03","3","8","Entregue","0","4246","676","Saia Feminina Envelope Cabana","Saia Feminina Envelope Cabana","1867","3510","1867GG","GG","1","Feminino","1","239.9","0","239.9","0","saia-feminina-envelope-cabana"
"0012504937476","4247","2025-04-16 10:11:45-03","3","8","Entregue","0","4247","870","Vestido Feminino Over Bridão ","Vestido Feminino Over Bridão ","2057","4319","2057M","M","39","Outlet","1","297.7","0","297.7","0","vestido-feminino-over-bridao"
"0012504928523","4248","2025-04-16 11:03:55-03","3","8","Entregue","0","4248","531","Chemise Feminina Bridão","Chemise Feminina Bridão","1752","2669","1752GG","GG","46","Mais Vendidos","1","267.7","0","267.7","0","chemise-feminina-bridao"
"0012504241491","4249","2025-04-16 15:23:42-03","1","8","Entregue","170.81","4249","301","Poncho Feminino Camila","Poncho Feminino Camila","1546","1473","1546UNICO","Único","39","Outlet","1","179.8","8.99","170.81","0","poncho-feminino-camila"
"0012504907123","4250","2025-04-23 12:10:50-03","3","8","Entregue","0","4250","671","Jaqueta Feminina Bomber Paloma","Jaqueta Feminina Bomber Paloma","1864","3471","1864MROSE","Rose - M","39","Outlet","1","155.4","0","155.4","0","jaqueta-feminina-bomber-paloma"
"0012504009370","4251","2025-04-23 13:47:03-03","3","8","Entregue","225.82","4251","703","Saia Feminina Courino Cabana","Saia Feminina Courino Cabana","1902","3651","1902PPRETO","Preto - P","39","Outlet","1","237.7","11.88","225.82","0","saia-feminina-courino-cabana"
"0012504434718","4252","2025-04-23 18:53:47-03","1","8","Entregue","179.8","4252","773","Vestido Feminino Linho Terracota Camila","Vestido Feminino Linho Terracota Camila","1953","3990","1953P","P","39","Outlet","1","179.8","0","179.8","0","vestido-feminino-linho-terracota-camila"
"0012504570815","4253","2025-04-24 14:42:52-03","3","8","Entregue","453.63","4253","897","Camisete Feminina Sandra","Camisete Feminina Sandra","2044","4412","2044GG","GG","16","Camisete","1","297.7","14.88","282.82","0","camisete-feminina-sandra"
"0012504570815","4253","2025-04-24 14:42:52-03","3","8","Entregue","453.63","4253","773","Vestido Feminino Linho Terracota Camila","Vestido Feminino Linho Terracota Camila","1953","3987","1953GG","GG","39","Outlet","1","179.8","8.99","170.81","0","vestido-feminino-linho-terracota-camila"
"0012504092136","4254","2025-04-27 07:06:10-03","1","2","Cancelado","768.73","4254","658","Calça Feminina Boot Cut Júlia","Calça Feminina Boot Cut Júlia","1860","3392","186040","40","8","Calça","1","287.7","28.77","258.93","0","calca-feminina-boot-cut-julia"
"0012504092136","4254","2025-04-27 07:06:10-03","1","2","Cancelado","768.73","4254","698","Calça Feminina Boot Cut Amazona","Calça Feminina Boot Cut Amazona","1892","3613","189240","40","8","Calça","1","287.7","28.77","258.93","0","calca-feminina-boot-cut-amazona"
"0012504092136","4254","2025-04-27 07:06:10-03","1","2","Cancelado","768.73","4254","459","Cropped Analú","Cropped Analú","1665","2334","1665GG","GG","39","Outlet","1","78.85","7.89","70.96","0","cropped-analu"
"0012504092136","4254","2025-04-27 07:06:10-03","1","2","Cancelado","768.73","4254","44","Calça Feminina Boot Cut Pandora","Calça Feminina Boot Cut Pandora","1406","76","140640","40","39","Outlet","1","199.9","19.99","179.91","0","calca-feminina-boot-cut-pandora"
"0012504490365","4255","2025-04-27 07:07:42-03","1","2","Cancelado","768.73","4255","658","Calça Feminina Boot Cut Júlia","Calça Feminina Boot Cut Júlia","1860","3392","186040","40","8","Calça","1","287.7","28.77","258.93","0","calca-feminina-boot-cut-julia"
"0012504490365","4255","2025-04-27 07:07:42-03","1","2","Cancelado","768.73","4255","698","Calça Feminina Boot Cut Amazona","Calça Feminina Boot Cut Amazona","1892","3613","189240","40","8","Calça","1","287.7","28.77","258.93","0","calca-feminina-boot-cut-amazona"
"0012504490365","4255","2025-04-27 07:07:42-03","1","2","Cancelado","768.73","4255","459","Cropped Analú","Cropped Analú","1665","2334","1665GG","GG","39","Outlet","1","78.85","7.89","70.96","0","cropped-analu"
"0012504490365","4255","2025-04-27 07:07:42-03","1","2","Cancelado","768.73","4255","44","Calça Feminina Boot Cut Pandora","Calça Feminina Boot Cut Pandora","1406","76","140640","40","39","Outlet","1","199.9","19.99","179.91","0","calca-feminina-boot-cut-pandora"
"0012504822235","4256","2025-04-27 07:23:14-03","1","17","Devolvido","768.73","4256","658","Calça Feminina Boot Cut Júlia","Calça Feminina Boot Cut Júlia","1860","3392","186040","40","8","Calça","1","287.7","28.77","258.93","0","calca-feminina-boot-cut-julia"
"0012504822235","4256","2025-04-27 07:23:14-03","1","17","Devolvido","768.73","4256","698","Calça Feminina Boot Cut Amazona","Calça Feminina Boot Cut Amazona","1892","3613","189240","40","8","Calça","1","287.7","28.77","258.93","0","calca-feminina-boot-cut-amazona"
"0012504822235","4256","2025-04-27 07:23:14-03","1","17","Devolvido","768.73","4256","459","Cropped Analú","Cropped Analú","1665","2334","1665GG","GG","39","Outlet","1","78.85","7.89","70.96","0","cropped-analu"
"0012504822235","4256","2025-04-27 07:23:14-03","1","17","Devolvido","768.73","4256","44","Calça Feminina Boot Cut Pandora","Calça Feminina Boot Cut Pandora","1406","76","140640","40","39","Outlet","1","199.9","19.99","179.91","0","calca-feminina-boot-cut-pandora"
"0012504578403","4257","2025-04-28 10:00:22-03","1","8","Entregue","287.7","4257","575","Calça Feminina  Boot Cut Corcel","Calça Feminina  Boot Cut Corcel","1779","2919","177936","36","8","Calça","1","287.7","0","287.7","0","calca-feminina-boot-cut-corcel"
"0012504030452","4258","2025-04-28 13:24:37-03","1","8","Entregue","452.79","4258","438","Vestido Feminino Tropilha","Vestido Feminino Tropilha","1654","2235","1654M","M","46","Mais Vendidos","1","347.7","34.77","312.93","0","vestido-feminino-tropilha"
"0012504030452","4258","2025-04-28 13:24:37-03","1","8","Entregue","452.79","4258","710","Camisete Feminina Priscila","Camisete Feminina Priscila","1907","3691","1907M","M","39","Outlet","1","155.4","15.54","139.86","0","camisete-feminina-priscila"
"0012504439272","4259","2025-04-28 16:52:39-03","3","8","Entregue","0","4259","865","Calça Feminina Xadrez Joana","Calça Feminina Xadrez Joana","2035","4293","2035M","M","8","Calça","1","287.7","0","287.7","0","calca-feminina-xadrez-joana"
"0012504439272","4259","2025-04-28 16:52:39-03","3","8","Entregue","0","4259","866","Blazer Feminina Xadrez Joana","Blazer Feminina Xadrez Joana","2036","4299","2036G","G","45","Lançamentos","1","297.7","0","297.7","0","blazer-feminina-xadrez-joana"
"0012504574800","4260","2025-04-29 09:28:01-03","3","8","Entregue","0","4260","531","Chemise Feminina Bridão","Chemise Feminina Bridão","1752","2667","1752M","M","46","Mais Vendidos","1","267.7","0","267.7","0","chemise-feminina-bridao"
"0012504574800","4260","2025-04-29 09:28:01-03","3","8","Entregue","0","4260","575","Calça Feminina  Boot Cut Corcel","Calça Feminina  Boot Cut Corcel","1779","2920","177938","38","8","Calça","1","287.7","0","287.7","0","calca-feminina-boot-cut-corcel"
"0012504078311","4261","2025-04-29 11:45:13-03","3","8","Entregue","274","4261","575","Calça Feminina  Boot Cut Corcel","Calça Feminina  Boot Cut Corcel","1779","2922","177942","42","8","Calça","1","287.7","13.7","274","0","calca-feminina-boot-cut-corcel"
"0012504568137","4262","2025-04-30 23:09:25-03","1","2","Cancelado","273.32","4262","575","Calça Feminina  Boot Cut Corcel","Calça Feminina  Boot Cut Corcel","1779","2922","177942","42","8","Calça","1","287.7","14.38","273.32","0","calca-feminina-boot-cut-corcel"
"0012505945457","4263","2025-05-01 14:55:12-03","3","8","Entregue","0","4263","868","Blusa Feminina Melissa","Blusa Feminina Melissa","2031","4308","2031G","G","45","Lançamentos","1","187.7","0","187.7","0","blusa-feminina-melissa"
"0012505945457","4263","2025-05-01 14:55:12-03","3","8","Entregue","0","4263","867","Saia Feminina Melissa","Saia Feminina Melissa","2030","4303","2030G","G","45","Lançamentos","1","277.7","0","277.7","0","saia-feminina-melissa"
"0012505242207","4264","2025-05-01 15:03:22-03","3","8","Entregue","114.46","4264","830","Pulseira Feminina Cabana","Pulseira Feminina Cabana","2011","4179","2011U","Único","45","Lançamentos","1","99.9","5","94.9","19.56","pulseira-feminina-cabana-unico"
"0012505411948","4265","2025-05-02 16:24:04-03","3","8","Entregue","0","4265","531","Chemise Feminina Bridão","Chemise Feminina Bridão","1752","2667","1752M","M","46","Mais Vendidos","1","267.7","0","267.7","0","chemise-feminina-bridao"
"0012505411948","4265","2025-05-02 16:24:04-03","3","8","Entregue","0","4265","713","Camisete Feminina Flor de Liz","Camisete Feminina Flor de Liz","1908","3717","1908M","M","39","Outlet","1","155.4","0","155.4","0","camisete-feminina-flor-de-liz"
"0012505338777","4266","2025-05-02 18:47:27-03","1","8","Entregue","199.8","4266","665","Vestido Feminino Lavínia","Vestido Feminino Lavínia","1861","3431","1861P","P","39","Outlet","1","199.8","0","199.8","0","vestido-feminino-lavinia"
"0012505792734","4267","2025-05-02 21:43:17-03","1","8","Entregue","139.86","4267","719","Camisete Feminina Teodora","Camisete Feminina Teodora","1906","3736","1906G","G","39","Outlet","1","155.4","15.54","139.86","0","camisete-feminina-teodora"
"0012505565990","4268","2025-05-05 10:30:24-03","3","8","Entregue","199.41","4268","292","Calça Feminina Montaria Alice","Calça Feminina Montaria Alice","1537","1410","1537GG","GG","46","Mais Vendidos","1","209.9","10.49","199.41","0","calca-feminina-montaria-alice"
"0012505691329","4269","2025-05-05 11:48:45-03","1","14","Cancelado Pagamento","1305.75","4269","706","Cropped  Feminino Gabriella","Cropped Feminino Gabriella","1904","3670","1904G","G","39","Outlet","1","177.7","26.66","151.04","0","cropped-feminino-gabriella"
"0012505691329","4269","2025-05-05 11:48:45-03","1","14","Cancelado Pagamento","1305.75","4269","702","Calça Skinny Feminina Pampa","Calça Skinny Feminina Pampa","1903","3643","190344","44","8","Calça","1","257.7","38.66","219.04","0","calca-skinny-feminina-pampa"
"0012505691329","4269","2025-05-05 11:48:45-03","1","14","Cancelado Pagamento","1305.75","4269","531","Chemise Feminina Bridão","Chemise Feminina Bridão","1752","2669","1752GG","GG","46","Mais Vendidos","2","267.7","80.31","455.09","0","chemise-feminina-bridao"
"0012505691329","4269","2025-05-05 11:48:45-03","1","14","Cancelado Pagamento","1305.75","4269","922","Calça Feminina Skinny Délavé Pampa","Calça Feminina Skinny Délavé Pampa","2081","4505","208140","40","8","Calça","1","277.7","41.66","236.04","0","calca-feminina-skinny-delave-pampa"
"0012505691329","4269","2025-05-05 11:48:45-03","1","14","Cancelado Pagamento","1305.75","4269","575","Calça Feminina  Boot Cut Corcel","Calça Feminina  Boot Cut Corcel","1779","2923","177944","44","8","Calça","1","287.7","43.16","244.54","0","calca-feminina-boot-cut-corcel"
"0012505245425","4270","2025-05-06 12:07:37-03","1","2","Cancelado","1305.75","4270","706","Cropped  Feminino Gabriella","Cropped Feminino Gabriella","1904","3670","1904G","G","39","Outlet","1","177.7","26.66","151.04","0","cropped-feminino-gabriella"
"0012505245425","4270","2025-05-06 12:07:37-03","1","2","Cancelado","1305.75","4270","702","Calça Skinny Feminina Pampa","Calça Skinny Feminina Pampa","1903","3643","190344","44","8","Calça","1","257.7","38.66","219.04","0","calca-skinny-feminina-pampa"
"0012505245425","4270","2025-05-06 12:07:37-03","1","2","Cancelado","1305.75","4270","531","Chemise Feminina Bridão","Chemise Feminina Bridão","1752","2669","1752GG","GG","46","Mais Vendidos","2","267.7","80.31","455.09","0","chemise-feminina-bridao"
"0012505245425","4270","2025-05-06 12:07:37-03","1","2","Cancelado","1305.75","4270","922","Calça Feminina Skinny Délavé Pampa","Calça Feminina Skinny Délavé Pampa","2081","4505","208140","40","8","Calça","1","277.7","41.66","236.04","0","calca-feminina-skinny-delave-pampa"
"0012505245425","4270","2025-05-06 12:07:37-03","1","2","Cancelado","1305.75","4270","575","Calça Feminina  Boot Cut Corcel","Calça Feminina  Boot Cut Corcel","1779","2923","177944","44","8","Calça","1","287.7","43.16","244.54","0","calca-feminina-boot-cut-corcel"
"0012505670055","4271","2025-05-08 10:36:05-03","1","2","Cancelado","1305.75","4271","706","Cropped  Feminino Gabriella","Cropped Feminino Gabriella","1904","3670","1904G","G","39","Outlet","1","177.7","26.66","151.04","0","cropped-feminino-gabriella"
"0012505670055","4271","2025-05-08 10:36:05-03","1","2","Cancelado","1305.75","4271","702","Calça Skinny Feminina Pampa","Calça Skinny Feminina Pampa","1903","3643","190344","44","8","Calça","1","257.7","38.66","219.04","0","calca-skinny-feminina-pampa"
"0012505670055","4271","2025-05-08 10:36:05-03","1","2","Cancelado","1305.75","4271","531","Chemise Feminina Bridão","Chemise Feminina Bridão","1752","2669","1752GG","GG","46","Mais Vendidos","2","267.7","80.31","455.09","0","chemise-feminina-bridao"
"0012505670055","4271","2025-05-08 10:36:05-03","1","2","Cancelado","1305.75","4271","922","Calça Feminina Skinny Délavé Pampa","Calça Feminina Skinny Délavé Pampa","2081","4505","208140","40","8","Calça","1","277.7","41.66","236.04","0","calca-feminina-skinny-delave-pampa"
"0012505670055","4271","2025-05-08 10:36:05-03","1","2","Cancelado","1305.75","4271","575","Calça Feminina  Boot Cut Corcel","Calça Feminina  Boot Cut Corcel","1779","2923","177944","44","8","Calça","1","287.7","43.16","244.54","0","calca-feminina-boot-cut-corcel"
"0012505929660","4272","2025-05-08 14:16:56-03","3","8","Entregue","168.82","4272","706","Cropped  Feminino Gabriella","Cropped Feminino Gabriella","1904","3670","1904G","G","39","Outlet","1","177.7","8.88","168.82","0","cropped-feminino-gabriella"
"0012505184375","4273","2025-05-12 22:34:33-03","1","8","Entregue","312.93","4273","350","Vestido Feminino Querência","Vestido Feminino Querência","1569","1733","1569M","M","46","Mais Vendidos","1","347.7","34.77","312.93","0","vestido-feminino-querencia"
"0012505980960","4274","2025-05-13 20:23:21-03","1","8","Entregue","605.4","4274","575","Calça Feminina  Boot Cut Corcel","Calça Feminina  Boot Cut Corcel","1779","2919","177936","36","8","Calça","1","287.7","0","287.7","0","calca-feminina-boot-cut-corcel"
"0012505980960","4274","2025-05-13 20:23:21-03","1","8","Entregue","605.4","4274","576","Jaqueta Feminina Maxi Ônix","Jaqueta Feminina Max Ônix","1780","2925","1780P","P","46","Mais Vendidos","1","317.7","0","317.7","0","jaqueta-feminina-max-onix"
"0012505097186","4275","2025-05-13 21:02:16-03","1","2","Cancelado","287.7","4275","575","Calça Feminina  Boot Cut Corcel","Calça Feminina  Boot Cut Corcel","1779","2920","177938","38","8","Calça","1","287.7","0","287.7","0","calca-feminina-boot-cut-corcel"
"0012505996996","4276","2025-05-13 21:03:29-03","1","2","Cancelado","287.7","4276","575","Calça Feminina  Boot Cut Corcel","Calça Feminina  Boot Cut Corcel","1779","2920","177938","38","8","Calça","1","287.7","0","287.7","0","calca-feminina-boot-cut-corcel"
"0012505887412","4277","2025-05-14 11:00:55-03","3","8","Entregue","0","4277","713","Camisete Feminina Flor de Liz","Camisete Feminina Flor de Liz","1908","3717","1908M","M","39","Outlet","1","155.4","0","155.4","0","camisete-feminina-flor-de-liz"
"0012505442316","4278","2025-05-14 14:16:17-03","1","8","Entregue","217.7","4278","167","Calça Skinny Feminina Carrossel","Calça Skinny Feminina Carrossel","1151","670","115142","42","8","Calça","1","217.7","0","217.7","0","calca-skinny-feminina-carrossel"
"0012505937476","4279","2025-05-15 20:46:20-03","1","8","Entregue","454.86","4279","231","Calça Skinny Feminina Linhas Continuas","Calça Skinny Feminina Linhas Continuas","1485","1108","148536","36","8","Calça","1","217.7","21.77","195.93","0","calca-skinny-feminina-linhas-continuas"
"0012505937476","4279","2025-05-15 20:46:20-03","1","8","Entregue","454.86","4279","575","Calça Feminina  Boot Cut Corcel","Calça Feminina  Boot Cut Corcel","1779","2919","177936","36","8","Calça","1","287.7","28.77","258.93","0","calca-feminina-boot-cut-corcel"
"0012505928523","4280","2025-05-16 16:44:04-03","3","8","Entregue","420.84","4280","872","Colete Feminino Linho Black","Colete Feminino Linho Black","2049","4330","2049G","G","45","Lançamentos","1","169.9","16.99","152.91","0","colete-feminino-linho-black"
"0012505928523","4280","2025-05-16 16:44:04-03","3","8","Entregue","420.84","4280","871","Bombacha Feminina Linho Black","Bombacha Feminina Linho Black","2050","4324","205040","40","45","Lançamentos","1","297.7","29.77","267.93","0","bombacha-feminina-linho-black"
"0012505241491","4281","2025-05-16 16:59:59-03","3","8","Entregue","0","4281","575","Calça Feminina  Boot Cut Corcel","Calça Feminina  Boot Cut Corcel","1779","2919","177936","36","8","Calça","1","287.7","29.43","258.27","0","calca-feminina-boot-cut-corcel"
"0012505241491","4281","2025-05-16 16:59:59-03","3","8","Entregue","0","4281","522","Blusa Feminina Eohippus","Blusa Feminina Eohippus","1739","2624","1739M","M","39","Outlet","1","79.9","8.17","71.73","0","blusa-feminina-eohippus"
"0012505907123","4282","2025-05-17 08:18:59-03","1","2","Cancelado","273.32","4282","575","Calça Feminina  Boot Cut Corcel","Calça Feminina  Boot Cut Corcel","1779","2921","177940","40","8","Calça","1","287.7","14.38","273.32","0","calca-feminina-boot-cut-corcel"
"0012505009370","4283","2025-05-19 16:10:23-03","3","8","Entregue","855.78","4283","918","Cropped Feminino Marina","Cropped Feminino Marina","2077","4484","2077G","G","6","Manga curta","1","167.7","8.38","159.32","0","cropped-feminino-marina"
"0012505009370","4283","2025-05-19 16:10:23-03","3","8","Entregue","855.78","4283","919","Saia Feminina Longa Marina","Saia Feminina Longa Marina","2078","4489","2078G","G","9","Saia","1","267.7","13.38","254.32","0","saia-feminina-longa-marina"
"0012505009370","4283","2025-05-19 16:10:23-03","3","8","Entregue","855.78","4283","868","Blusa Feminina Melissa","Blusa Feminina Melissa","2031","4308","2031G","G","45","Lançamentos","1","187.7","9.38","178.32","0","blusa-feminina-melissa"
"0012505009370","4283","2025-05-19 16:10:23-03","3","8","Entregue","855.78","4283","867","Saia Feminina Melissa","Saia Feminina Melissa","2030","4303","2030G","G","45","Lançamentos","1","277.7","13.88","263.82","0","saia-feminina-melissa"
"0012505434718","4284","2025-05-20 10:46:32-03","3","8","Entregue","0","4284","706","Cropped  Feminino Gabriella","Cropped Feminino Gabriella","1904","3670","1904G","G","39","Outlet","1","177.7","26.66","151.04","0","cropped-feminino-gabriella"
"0012505434718","4284","2025-05-20 10:46:32-03","3","8","Entregue","0","4284","702","Calça Skinny Feminina Pampa","Calça Skinny Feminina Pampa","1903","3643","190344","44","8","Calça","1","257.7","38.66","219.04","0","calca-skinny-feminina-pampa"
"0012505434718","4284","2025-05-20 10:46:32-03","3","8","Entregue","0","4284","922","Calça Feminina Skinny Délavé Pampa","Calça Feminina Skinny Délavé Pampa","2081","4505","208140","40","8","Calça","1","277.7","41.66","236.04","0","calca-feminina-skinny-delave-pampa"
"0012505570815","4285","2025-05-20 12:23:19-03","1","8","Entregue","254.32","4285","531","Chemise Feminina Bridão","Chemise Feminina Bridão","1752","2669","1752GG","GG","46","Mais Vendidos","1","267.7","13.38","254.32","0","chemise-feminina-bridao"
"0012505092136","4286","2025-05-20 13:21:44-03","3","8","Entregue","0","4286","576","Jaqueta Feminina Maxi Ônix","Jaqueta Feminina Max Ônix","1780","2925","1780P","P","46","Mais Vendidos","1","317.7","0","317.7","0","jaqueta-feminina-max-onix"
"0012505490365","4287","2025-05-20 20:27:47-03","1","8","Entregue","287.7","4287","575","Calça Feminina  Boot Cut Corcel","Calça Feminina  Boot Cut Corcel","1779","2919","177936","36","8","Calça","1","287.7","0","287.7","0","calca-feminina-boot-cut-corcel"
"0012505822235","4288","2025-05-20 22:03:19-03","1","8","Entregue","377.5","4288","402","Calça Jeans Skinny Feminina Pompeu ","Calça Jeans Skinny Feminina Pompeu ","1528","2046","152834","34","39","Outlet","1","99.8","0","99.8","0","calca-jeans-skinny-feminina-pompeu"
"0012505822235","4288","2025-05-20 22:03:19-03","1","8","Entregue","377.5","4288","922","Calça Feminina Skinny Délavé Pampa","Calça Feminina Skinny Délavé Pampa","2081","4508","208134","34","8","Calça","1","277.7","0","277.7","0","calca-feminina-skinny-delave-pampa"
"0012505578403","4289","2025-05-21 10:57:43-03","3","8","Entregue","0","4289","763","Chemise Feminina Bridão","Chemise Feminina Bridão","1944","3946","1944M","M","16","Camisete","1","267.7","0","267.7","0","chemise-feminina-bridao-1944"
"0012505030452","4290","2025-05-22 00:24:34-03","1","8","Entregue","508.64","4290","244","Camisete Feminina Gateado","Camisete Feminina Gateado","1498","1245","1498M","M","46","Mais Vendidos","1","247.7","12.38","235.32","0","camisete-feminina-gateado"
"0012505030452","4290","2025-05-22 00:24:34-03","1","8","Entregue","508.64","4290","575","Calça Feminina  Boot Cut Corcel","Calça Feminina  Boot Cut Corcel","1779","2921","177940","40","8","Calça","1","287.7","14.38","273.32","0","calca-feminina-boot-cut-corcel"
"0012505439272","4291","2025-05-22 09:36:07-03","1","8","Entregue","349.13","4291","575","Calça Feminina  Boot Cut Corcel","Calça Feminina  Boot Cut Corcel","1779","2920","177938","38","8","Calça","1","287.7","14.38","273.32","0","calca-feminina-boot-cut-corcel"
"0012505439272","4291","2025-05-22 09:36:07-03","1","8","Entregue","349.13","4291","724","Colete Fronteira","Colete Fronteira","1721MARROM","3768","1721MMARROM","M","39","Outlet","1","79.8","3.99","75.81","0","colete-fronteira-1721marrom"
"0012505574800","4292","2025-05-22 12:48:19-03","1","8","Entregue","258.93","4292","575","Calça Feminina  Boot Cut Corcel","Calça Feminina  Boot Cut Corcel","1779","4300","177934","34","8","Calça","1","287.7","28.77","258.93","0","calca-feminina-boot-cut-corcel"
"0012505078311","4293","2025-05-22 14:57:33-03","3","8","Entregue","0","4293","933","Calça Feminina Boot Cut Dani","Calça Feminina Boot Cut Dani","2092","4557","209242","42","45","Lançamentos","1","287.7","0","287.7","0","calca-feminina-boot-cut-dani"
"0012505078311","4293","2025-05-22 14:57:33-03","3","8","Entregue","0","4293","897","Camisete Feminina Sandra","Camisete Feminina Sandra","2044","4413","2044G","G","16","Camisete","1","297.7","0","297.7","0","camisete-feminina-sandra"
"0012505568137","4294","2025-05-23 13:34:34-03","1","8","Entregue","317.7","4294","576","Jaqueta Feminina Maxi Ônix","Jaqueta Feminina Max Ônix","1780","2926","1780M","M","46","Mais Vendidos","1","317.7","0","317.7","0","jaqueta-feminina-max-onix"
"0012505929435","4295","2025-05-23 17:05:24-03","3","8","Entregue","0","4295","408","Camisa Feminina Amazona","Camisa Feminina Amazona","1636","2087","1636GG","GG","16","Camisete","1","199.8","19.98","179.82","0","camisa-feminina-feminina-amazona"
"0012505596806","4296","2025-05-24 19:52:17-03","1","2","Cancelado","112.97","4296","402","Calça Jeans Skinny Feminina Pompeu ","Calça Jeans Skinny Feminina Pompeu ","1528","2046","152834","34","39","Outlet","1","99.8","4.99","94.81","18.16","calca-jeans-skinny-feminina-pompeu"
"0012505523643","4297","2025-05-24 20:15:18-03","1","8","Entregue","112.97","4297","402","Calça Jeans Skinny Feminina Pompeu ","Calça Jeans Skinny Feminina Pompeu ","1528","2046","152834","34","39","Outlet","1","99.8","4.99","94.81","18.16","calca-jeans-skinny-feminina-pompeu"
"0012505973797","4298","2025-05-26 11:54:53-03","3","8","Entregue","168.93","4298","931","Cinto Country Animal Print (Vaca/Preto)","Cinto Country Animal Print ","2090","4546","2090M","100 cm","45","Lançamentos","1","187.7","18.77","168.93","0","cinto-country-animal-print"
"0012505818916","4299","2025-05-26 15:30:59-03","1","8","Entregue","273.32","4299","697","Calça Skinny Feminina Amazona","Calça Skinny Feminina Amazona","1891","3606","189140","40","8","Calça","1","287.7","14.38","273.32","0","calca-skinny-amazona"
"0012505608891","4300","2025-05-27 09:08:09-03","3","8","Entregue","189.81","4300","665","Vestido Feminino Lavínia","Vestido Feminino Lavínia","1861","3432","1861M","M","39","Outlet","1","199.8","9.99","189.81","0","vestido-feminino-lavinia"
"0012505714823","4301","2025-05-27 13:15:42-03","3","8","Entregue","0","4301","292","Calça Feminina Montaria Alice","Calça Feminina Montaria Alice","1537","1408","1537M","M","46","Mais Vendidos","1","209.9","0","209.9","0","calca-feminina-montaria-alice"
"0012505716821","4302","2025-05-28 14:55:55-03","1","5","Crédito e Cadastro Aprovados","833.1","4302","698","Calça Feminina Boot Cut Amazona","Calça Feminina Boot Cut Amazona","1892","3613","189240","40","8","Calça","1","287.7","0","287.7","0","calca-feminina-boot-cut-amazona"
"0012505716821","4302","2025-05-28 14:55:55-03","1","5","Crédito e Cadastro Aprovados","833.1","4302","871","Bombacha Feminina Linho Black","Bombacha Feminina Linho Black","2050","4324","205040","40","45","Lançamentos","1","297.7","0","297.7","0","bombacha-feminina-linho-black"
"0012505716821","4302","2025-05-28 14:55:55-03","1","5","Crédito e Cadastro Aprovados","833.1","4302","244","Camisete Feminina Gateado","Camisete Feminina Gateado","1498","1245","1498M","M","46","Mais Vendidos","1","247.7","0","247.7","0","camisete-feminina-gateado"
"0012505062497","4303","2025-05-28 16:19:07-03","1","5","Crédito e Cadastro Aprovados","94.38","4303","239","Boné Cabana","Boné Cabana","1468","3821","1468Telha","Telha","28","Bonés","1","79.8","0","79.8","14.58","bone-cabana"
"0012505282694","4304","2025-05-29 10:48:20-03","3","8","Entregue","151.61","4304","938","Lenço Feminino Cabana 67x68","Lenço Feminino Cabana 67x68","2102","4571","2102U","Único","45","Lançamentos","1","79.9","4.19","75.71","0","lenco-feminino-cabana-2102u"
"0012505282694","4304","2025-05-29 10:48:20-03","3","8","Entregue","151.61","4304","935","Lenço Feminino Cabana","Lenço Feminino Cabana","2099","4565","2099U","Único","45","Lançamentos","1","79.9","4","75.9","0","lenco-feminino-cabana-unico"
"0012505189959","4305","2025-05-29 13:35:55-03","3","8","Entregue","0","4305","922","Calça Feminina Skinny Délavé Pampa","Calça Feminina Skinny Délavé Pampa","2081","4506","208138","38","8","Calça","1","277.7","0","277.7","0","calca-feminina-skinny-delave-pampa"
"0012505101294","4306","2025-05-30 07:37:43-03","3","8","Entregue","190","4306","44","Calça Feminina Boot Cut Pandora","Calça Feminina Boot Cut Pandora","1406","75","140638","38","39","Outlet","1","199.9","9.9","190","0","calca-feminina-boot-cut-pandora"
"0012505373705","4307","2025-05-31 00:11:23-03","1","8","Entregue","159.84","4307","665","Vestido Feminino Lavínia","Vestido Feminino Lavínia","1861","3432","1861M","M","39","Outlet","1","199.8","39.96","159.84","0","vestido-feminino-lavinia"
"0012505571283","4308","2025-05-31 21:39:45-03","1","8","Entregue","609.5","4308","665","Vestido Feminino Lavínia","Vestido Feminino Lavínia","1861","3434","1861GG","GG","39","Outlet","1","199.8","0","199.8","0","vestido-feminino-lavinia"
"0012505571283","4308","2025-05-31 21:39:45-03","1","8","Entregue","609.5","4308","694","Jaqueta Feminina Bomber Angélica","Jaqueta Feminina Bomber Angélica","1878","3599","1878GG","GG","39","Outlet","1","199.8","0","199.8","0","jaqueta-feminina-bomber-angelica"
"0012505571283","4308","2025-05-31 21:39:45-03","1","8","Entregue","609.5","4308","292","Calça Feminina Montaria Alice","Calça Feminina Montaria Alice","1537","1409","1537G","G","46","Mais Vendidos","1","209.9","0","209.9","0","calca-feminina-montaria-alice"
"0012506945457","4309","2025-06-02 09:23:03-03","3","8","Entregue","227.54","4309","763","Chemise Feminina Bridão","Chemise Feminina Bridão","1944","3947","1944P","P","16","Camisete","1","267.7","40.16","227.54","0","chemise-feminina-bridao-1944"
"0012506242207","4310","2025-06-03 14:20:17-03","3","8","Entregue","246.22","4310","535","Blusa Feminina Falabella","Blusa Feminina Falabella","1740","2689","1740GG","GG","6","Manga curta","1","147.7","7.38","140.32","19.54","blusa-feminina-falabella"
"0012506242207","4310","2025-06-03 14:20:17-03","3","8","Entregue","246.22","4310","450","Macacão Feminino Jasmine","Macação Feminino Jasmine","1656","2287","1656GG","GG","39","Outlet","1","79.8","3.99","75.81","10.55","macacao-feminino-jasmine"
"0012506411948","4311","2025-06-03 15:41:22-03","3","8","Entregue","455.8","4311","920","Sobretudo Feminino Lize","Sobretudo Feminino Lize","2079","4496","2079P","P","1","Feminino","1","399.9","20","379.9","0","sobretudo-feminino-lize"
"0012506411948","4311","2025-06-03 15:41:22-03","3","8","Entregue","455.8","4311","939","Lenço Feminino Cabana 47x48","Lenço Feminino Cabana 47x48","2103","4573","2103U","Único","45","Lançamentos","1","79.9","4","75.9","0","lenco-feminino-cabana-2103u"
"0012506338777","4312","2025-06-04 13:17:48-03","1","8","Entregue","298.19","4312","937","Lenço Feminino Cabana 67x68","Lenço Feminino Cabana 67x68","2101","4569","2101U","Único","45","Lançamentos","1","79.9","19.98","59.92","0","lenco-feminino-cabana-2101u"
"0012506338777","4312","2025-06-04 13:17:48-03","1","8","Entregue","298.19","4312","934","Casaco Feminino Soft Alongado Ayla","Casaco Feminino Soft Alongado Ayla","3000","4561","3000M","M","45","Lançamentos","1","317.7","79.43","238.27","0","casaco-feminino-soft-alongado-ayla"
"0012506792734","4313","2025-06-04 13:44:29-03","3","8","Entregue","282.82","4313","870","Vestido Feminino Over Bridão ","Vestido Feminino Over Bridão ","2057","4318","2057G","G","39","Outlet","1","297.7","14.88","282.82","0","vestido-feminino-over-bridao"
"0012506565990","4314","2025-06-06 09:52:05-03","3","8","Entregue","0","4314","628","Vestido Feminino Luana","Vestido Feminino Luana","1838","3219","1838GG","GG","39","Outlet","1","217.7","0","217.7","0","vestido-feminino-luana"
"0012506565990","4314","2025-06-06 09:52:05-03","3","8","Entregue","0","4314","732","Casaco Ted Feminino Rose","Casaco Ted Feminino Rose","1915","3805","1915P","P","39","Outlet","1","155.4","0","155.4","0","casaco-ted-feminino-rose"
"0012506565990","4314","2025-06-06 09:52:05-03","3","8","Entregue","0","4314","671","Jaqueta Feminina Bomber Paloma","Jaqueta Feminina Bomber Paloma","1864","3470","1864PROSE","Rose - P","39","Outlet","1","155.4","0","155.4","0","jaqueta-feminina-bomber-paloma"
"0012506691329","4315","2025-06-09 08:29:14-03","3","8","Entregue","0","4315","722","Blusa Feminina Susamar","Blusa Feminina Susamar","1897","3751","1897LARANJAM","Laranja - M","39","Outlet","1","79.8","0","79.8","18.16","blusa-feminina-susamar"
"0012506245425","4316","2025-06-09 09:58:16-03","3","8","Entregue","243.93","4316","845","Camisete Feminina Roseli","Camisete Feminina Roseli","1980","4224","1980P","P","45","Lançamentos","1","267.7","23.77","243.93","0","camisete-feminina-roseli"
"0012506670055","4317","2025-06-09 12:14:11-03","3","8","Entregue","222.93","4317","244","Camisete Feminina Gateado","Camisete Feminina Gateado","1498","1245","1498M","M","46","Mais Vendidos","1","247.7","24.77","222.93","0","camisete-feminina-gateado"
"0012506929660","4318","2025-06-09 15:49:12-03","3","8","Entregue","0","4318","575","Calça Feminina  Boot Cut Corcel","Calça Feminina  Boot Cut Corcel","1779","2921","177940","40","8","Calça","1","287.7","0","287.7","0","calca-feminina-boot-cut-corcel"
"0012506929660","4318","2025-06-09 15:49:12-03","3","8","Entregue","0","4318","298","Camisete Feminina El Paso","Camisete Feminino El Paso","1166","1437","1166M","M","16","Camisete","1","247.7","0","247.7","0","camisete-feminina-el-paso"
"0012506184375","4319","2025-06-10 15:43:09-03","3","8","Entregue","199.41","4319","292","Calça Feminina Montaria Alice","Calça Feminina Montaria Alice","1537","1409","1537G","G","46","Mais Vendidos","1","209.9","10.49","199.41","0","calca-feminina-montaria-alice"
"0012506980960","4320","2025-06-10 15:50:22-03","3","8","Entregue","0","4320","853","Calça Feminina Skinny Júlia","Calça Feminina Skinny Júlia","2048","4260","204844","44","8","Calça","1","257.7","0","257.7","0","calca-feminina-skinny-julia"
"0012506097186","4321","2025-06-10 21:11:32-03","1","8","Entregue","206.82","4321","167","Calça Skinny Feminina Carrossel","Calça Skinny Feminina Carrossel","1151","670","115142","42","8","Calça","1","217.7","10.88","206.82","0","calca-skinny-feminina-carrossel"
"0012506996996","4322","2025-06-11 08:32:29-03","3","8","Entregue","249","4322","922","Calça Feminina Skinny Délavé Pampa","Calça Feminina Skinny Délavé Pampa","2081","4506","208138","38","8","Calça","1","277.7","28.7","249","0","calca-feminina-skinny-delave-pampa"
"0012506887412","4323","2025-06-11 12:06:35-03","3","8","Entregue","0","4323","570","Casaco Feminino Soft Cute","Casaco Feminino soft cute","1756","2895","1756GNEON","Rosa Neon - G","13","Jaqueta","1","257.7","25.77","231.93","0","casaco-feminino-soft-cute-1756"
"0012506887412","4323","2025-06-11 12:06:35-03","3","8","Entregue","0","4323","939","Lenço Feminino Cabana 47x48","Lenço Feminino Cabana 47x48","2103","4573","2103U","Único","45","Lançamentos","1","79.9","7.99","71.91","0","lenco-feminino-cabana-2103u"
"0012506442316","4324","2025-06-11 13:11:02-03","3","8","Entregue","0","4324","936","Lenço Feminino Cabana","Lenço Feminino Cabana","2100","4567","2100U","Único","45","Lançamentos","1","79.9","0","79.9","0","lenco-feminino-cabana"
"0012506937476","4325","2025-06-11 13:16:23-03","1","8","Entregue","420.75","4325","845","Camisete Feminina Roseli","Camisete Feminina Roseli","1980","4221","1980GG","GG","45","Lançamentos","1","267.7","26.77","240.93","0","camisete-feminina-roseli"
"0012506937476","4325","2025-06-11 13:16:23-03","1","8","Entregue","420.75","4325","911","Colar Feminino Choker Cabana","Colar Feminino Choker Cabana","2073","4457","2073U","Único","31","Colar","1","99.9","9.99","89.91","0","colar-feminino-choker-cabana-2073u"
"0012506937476","4325","2025-06-11 13:16:23-03","1","8","Entregue","420.75","4325","831","Pulseira Feminina Bridão Cabana","Pulseira Feminina Bridão Cabana","2012","4181","2012U","Único","45","Lançamentos","1","99.9","9.99","89.91","0","pulseira-feminina-bridao-cabana-unico"
"0012506928523","4326","2025-06-11 21:07:29-03","1","8","Entregue","231.93","4326","168","Calça Jeans Feminina Boot Cut Morgan ","Calça Jeans Feminina Boot Cut Morgan ","1260","674","126036","36","8","Calça","1","257.7","25.77","231.93","0","calca-jeans-feminina-boot-cut-morgan"
"0012506241491","4327","2025-06-12 13:47:51-03","1","8","Entregue","445.4","4327","531","Chemise Feminina Bridão","Chemise Feminina Bridão","1752","2669","1752GG","GG","46","Mais Vendidos","1","267.7","0","267.7","0","chemise-feminina-bridao"
"0012506241491","4327","2025-06-12 13:47:51-03","1","8","Entregue","445.4","4327","706","Cropped  Feminino Gabriella","Cropped Feminino Gabriella","1904","3670","1904G","G","39","Outlet","1","177.7","0","177.7","0","cropped-feminino-gabriella"
"0012506907123","4328","2025-06-12 13:58:25-03","3","8","Entregue","544","4328","939","Lenço Feminino Cabana 47x48","Lenço Feminino Cabana 47x48","2103","4573","2103U","Único","45","Lançamentos","1","79.9","9.27","70.63","0","lenco-feminino-cabana-2103u"
"0012506907123","4328","2025-06-12 13:58:25-03","3","8","Entregue","544","4328","875","Colar Feminino Choker Cabana","Colar Feminino Choker Cabana","2034","4341","2034U","Único","31","Colar","1","99.9","11.56","88.34","0","colar-feminino-choker-cabana-unico-2034U"
"0012506907123","4328","2025-06-12 13:58:25-03","3","8","Entregue","544","4328","918","Cropped Feminino Marina","Cropped Feminino Marina","2077","4483","2077GG","GG","6","Manga curta","1","167.7","19.4","148.3","0","cropped-feminino-marina"
"0012506907123","4328","2025-06-12 13:58:25-03","3","8","Entregue","544","4328","919","Saia Feminina Longa Marina","Saia Feminina Longa Marina","2078","4488","2078GG","GG","9","Saia","1","267.7","30.97","236.73","0","saia-feminina-longa-marina"
"0012506009370","4329","2025-06-13 08:18:00-03","3","8","Entregue","0","4329","942","Casaco Feminino Soft Luma","Casaco Feminino Soft Luma","2096","4581","2096M","M","45","Lançamentos","1","257.7","25.77","231.93","0","casaco-feminino-soft-luma"
"0012506434718","4330","2025-06-13 09:17:38-03","3","8","Entregue","316.44","4330","665","Vestido Feminino Lavínia","Vestido Feminino Lavínia","1861","3433","1861G","G","39","Outlet","1","199.8","23.98","175.82","0","vestido-feminino-lavinia"
"0012506434718","4330","2025-06-13 09:17:38-03","3","8","Entregue","316.44","4330","746","Calça Feminina Cargo Cabana","Calça Feminina Cargo Cabana","1935","3880","1935G","G","39","Outlet","1","159.9","19.28","140.62","0","calca-feminina-cargo-cabana"
"0012506570815","4331","2025-06-13 10:52:57-03","3","8","Entregue","463.7","4331","942","Casaco Feminino Soft Luma","Casaco Feminino Soft Luma","2096","4579","2096GG","GG","45","Lançamentos","1","257.7","25.85","231.85","0","casaco-feminino-soft-luma"
"0012506570815","4331","2025-06-13 10:52:57-03","3","8","Entregue","463.7","4331","570","Casaco Feminino Soft Cute","Casaco Feminino soft cute","1756","3008","1756GBRANCO","Branco - G","13","Jaqueta","1","257.7","25.85","231.85","0","casaco-feminino-soft-cute-1756"
"0012506092136","4332","2025-06-13 15:43:37-03","1","8","Entregue","244.82","4332","729","Calça Feminina Boot Cut Paty","Calça Feminina Boot Cut Paty","1914","3797","191434","34","8","Calça","1","257.7","12.88","244.82","0","calca-feminina-boot-cut-paty"
"0012506490365","4333","2025-06-13 16:41:15-03","1","8","Entregue","535.4","4333","698","Calça Feminina Boot Cut Amazona","Calça Feminina Boot Cut Amazona","1892","3614","189242","42","8","Calça","1","287.7","0","287.7","0","calca-feminina-boot-cut-amazona"
"0012506490365","4333","2025-06-13 16:41:15-03","1","8","Entregue","535.4","4333","297","Camisete Realeza","Camisete Realeza","1524","1433","1524G","G","16","Camisete","1","247.7","0","247.7","0","camisete-realeza"
"0012506822235","4334","2025-06-13 16:53:41-03","1","8","Entregue","895.32","4334","724","Colete Fronteira","Colete Fronteira","1721MARROM","3769","1721GMARROM","G","39","Outlet","1","79.8","7.98","71.82","0","colete-fronteira-1721marrom"
"0012506822235","4334","2025-06-13 16:53:41-03","1","8","Entregue","895.32","4334","675","Camisete Feminina Stella","Camisete Feminina Stella","1866","3504","1866G","G","16","Camisete","1","257.7","25.77","231.93","0","camisete-feminina-stella"
"0012506822235","4334","2025-06-13 16:53:41-03","1","8","Entregue","895.32","4334","454","Kimono Feminino Romantic","Kimono Feminino Romantic","1677","2305","1677MOD2","Romantic","39","Outlet","1","79.8","7.98","71.82","0","kimono-tordilhos-unico-modelo2"
"0012506822235","4334","2025-06-13 16:53:41-03","1","8","Entregue","895.32","4334","831","Pulseira Feminina Bridão Cabana","Pulseira Feminina Bridão Cabana","2012","4181","2012U","Único","45","Lançamentos","1","99.9","9.99","89.91","0","pulseira-feminina-bridao-cabana-unico"
"0012506822235","4334","2025-06-13 16:53:41-03","1","8","Entregue","895.32","4334","793","Colar Feminino Ellos Cabana","Colar Feminino Ellos Cabana","1972","4038","1972U","Único","31","Colar","1","129.9","12.99","116.91","0","colar-feminino-ellos-cabana-1972"
"0012506822235","4334","2025-06-13 16:53:41-03","1","8","Entregue","895.32","4334","438","Vestido Feminino Tropilha","Vestido Feminino Tropilha","1654","2236","1654G","G","46","Mais Vendidos","1","347.7","34.77","312.93","0","vestido-feminino-tropilha"
"0012506578403","4335","2025-06-15 16:10:34-03","1","8","Entregue","257.7","4335","702","Calça Skinny Feminina Pampa","Calça Skinny Feminina Pampa","1903","3641","190340","40","8","Calça","1","257.7","0","257.7","0","calca-skinny-feminina-pampa"
"0012506030452","4336","2025-06-15 17:02:49-03","1","8","Entregue","753.46","4336","729","Calça Feminina Boot Cut Paty","Calça Feminina Boot Cut Paty","1914","3797","191434","34","8","Calça","1","257.7","12.88","244.82","0","calca-feminina-boot-cut-paty"
"0012506030452","4336","2025-06-15 17:02:49-03","1","8","Entregue","753.46","4336","942","Casaco Feminino Soft Luma","Casaco Feminino Soft Luma","2096","4582","2096P","P","45","Lançamentos","1","257.7","12.88","244.82","0","casaco-feminino-soft-luma"
"0012506030452","4336","2025-06-15 17:02:49-03","1","8","Entregue","753.46","4336","922","Calça Feminina Skinny Délavé Pampa","Calça Feminina Skinny Délavé Pampa","2081","4508","208134","34","8","Calça","1","277.7","13.88","263.82","0","calca-feminina-skinny-delave-pampa"
"0012506439272","4337","2025-06-15 19:48:13-03","1","8","Entregue","244.82","4337","942","Casaco Feminino Soft Luma","Casaco Feminino Soft Luma","2096","4579","2096GG","GG","45","Lançamentos","1","257.7","12.88","244.82","0","casaco-feminino-soft-luma"
"0012506574800","4338","2025-06-16 15:16:21-03","3","8","Entregue","0","4338","918","Cropped Feminino Marina","Cropped Feminino Marina","2077","4484","2077G","G","6","Manga curta","1","167.7","0","167.7","0","cropped-feminino-marina"
"0012506574800","4338","2025-06-16 15:16:21-03","3","8","Entregue","0","4338","919","Saia Feminina Longa Marina","Saia Feminina Longa Marina","2078","4489","2078G","G","9","Saia","1","267.7","0","267.7","0","saia-feminina-longa-marina"
"0012506078311","4339","2025-06-16 18:59:35-03","1","8","Entregue","244.82","4339","942","Casaco Feminino Soft Luma","Casaco Feminino Soft Luma","2096","4581","2096M","M","45","Lançamentos","1","257.7","12.88","244.82","0","casaco-feminino-soft-luma"
"0012506568137","4340","2025-06-17 16:05:36-03","3","8","Entregue","0","4340","845","Camisete Feminina Roseli","Camisete Feminina Roseli","1980","4221","1980GG","GG","45","Lançamentos","1","267.7","0","267.7","0","camisete-feminina-roseli"
"0012506568137","4340","2025-06-17 16:05:36-03","3","8","Entregue","0","4340","719","Camisete Feminina Teodora","Camisete Feminina Teodora","1906","3737","1906GG","GG","39","Outlet","1","155.4","0","155.4","0","camisete-feminina-teodora"
"0012506929435","4341","2025-06-19 10:33:40-03","1","8","Entregue","492.66","4341","694","Jaqueta Feminina Bomber Angélica","Jaqueta Feminina Bomber Angélica","1878","3599","1878GG","GG","39","Outlet","1","199.8","19.98","179.82","0","jaqueta-feminina-bomber-angelica"
"0012506929435","4341","2025-06-19 10:33:40-03","1","8","Entregue","492.66","4341","44","Calça Feminina Boot Cut Pandora","Calça Feminina Boot Cut Pandora","1406","77","140642","42","39","Outlet","1","199.9","19.99","179.91","0","calca-feminina-boot-cut-pandora"
"0012506929435","4341","2025-06-19 10:33:40-03","1","8","Entregue","492.66","4341","873","Blusa Feminina Angélica","Blusa Feminina Angélica","2058","4336","2058M","M","45","Lançamentos","1","147.7","14.77","132.93","0","blusa-feminina-angelica"
"0012506596806","4342","2025-06-20 12:03:55-03","1","8","Entregue","231.93","4342","942","Casaco Feminino Soft Luma","Casaco Feminino Soft Luma","2096","4579","2096GG","GG","45","Lançamentos","1","257.7","25.77","231.93","0","casaco-feminino-soft-luma"
"0012506523643","4343","2025-06-21 16:04:04-03","1","2","Cancelado","199.41","4343","292","Calça Feminina Montaria Alice","Calça Feminina Montaria Alice","1537","1410","1537GG","GG","46","Mais Vendidos","1","209.9","10.49","199.41","0","calca-feminina-montaria-alice"
"0012506973797","4344","2025-06-21 16:20:48-03","3","8","Entregue","696.46","4344","763","Chemise Feminina Bridão","Chemise Feminina Bridão","1944","3945","1944G","G","16","Camisete","1","267.7","13.38","254.32","0","chemise-feminina-bridao-1944"
"0012506973797","4344","2025-06-21 16:20:48-03","3","8","Entregue","696.46","4344","244","Camisete Feminina Gateado","Camisete Feminina Gateado","1498","1246","1498G","G","46","Mais Vendidos","1","247.7","12.38","235.32","0","camisete-feminina-gateado"
"0012506973797","4344","2025-06-21 16:20:48-03","3","8","Entregue","696.46","4344","167","Calça Skinny Feminina Carrossel","Calça Skinny Feminina Carrossel","1151","670","115142","42","8","Calça","1","217.7","10.88","206.82","0","calca-skinny-feminina-carrossel"
"0012506818916","4345","2025-06-22 22:25:15-03","1","8","Entregue","1064.7","4345","44","Calça Feminina Boot Cut Pandora","Calça Feminina Boot Cut Pandora","1406","77","140642","42","39","Outlet","1","199.9","0","199.9","0","calca-feminina-boot-cut-pandora"
"0012506818916","4345","2025-06-22 22:25:15-03","1","8","Entregue","1064.7","4345","604","Regata Feminina Amália","Regata Feminina Amália","1802","3092","1802G","G","39","Outlet","1","79.8","0","79.8","0","regata-feminina-amalia"
"0012506818916","4345","2025-06-22 22:25:15-03","1","8","Entregue","1064.7","4345","376","Calça Skinny Feminina Potros","Calça Skinny Feminina  Potros","1527","1910","152742","42","8","Calça","1","227.7","0","227.7","0","calca-skinny-feminina-potros"
"0012506818916","4345","2025-06-22 22:25:15-03","1","8","Entregue","1064.7","4345","955","Casaco Soft Meio Zíper Alana","Casaco Soft Meio Zíper Alana","2112","4611","2112G","G","45","Lançamentos","1","257.7","0","257.7","0","casaco-soft-meio-ziper-alana"
"0012506818916","4345","2025-06-22 22:25:15-03","1","8","Entregue","1064.7","4345","406","Conjunto Feminino  Corta Vento Maya","Conjunto Feminino Corta Vento Maya","1632","2077","1632LILAS","LILAS - GG","39","Outlet","1","99.8","0","99.8","0","bomber-corta-vento-feminino-maya"
"0012506818916","4345","2025-06-22 22:25:15-03","1","8","Entregue","1064.7","4345","694","Jaqueta Feminina Bomber Angélica","Jaqueta Feminina Bomber Angélica","1878","3596","1878P","P","39","Outlet","1","199.8","0","199.8","0","jaqueta-feminina-bomber-angelica"
"0012506608891","4346","2025-06-22 22:46:02-03","1","8","Entregue","287.5","4346","665","Vestido Feminino Lavínia","Vestido Feminino Lavínia","1861","3433","1861G","G","39","Outlet","1","199.8","0","199.8","0","vestido-feminino-lavinia"
"0012506608891","4346","2025-06-22 22:46:02-03","1","8","Entregue","287.5","4346","709","Blusa Feminina Sofhia","Blusa Feminina Sofhia","1874","3688","1874GG","GG","39","Outlet","1","87.7","0","87.7","0","blusa-feminina-sofhia"
"0012506714823","4347","2025-06-23 09:55:47-03","3","8","Entregue","0","4347","763","Chemise Feminina Bridão","Chemise Feminina Bridão","1944","3947","1944P","P","16","Camisete","1","267.7","13.38","254.32","0","chemise-feminina-bridao-1944"
"0012506716821","4348","2025-06-24 10:42:33-03","3","8","Entregue","0","4348","417","Jaqueta Feminina  Beatrix","Jaqueta Feminina Beatrix","1621","2137","1621G","G","39","Outlet","1","99.8","0","99.8","18.16","jaqueta-feminina-breatrix"
"0012506062497","4349","2025-06-24 14:49:17-03","1","8","Entregue","257.7","4349","942","Casaco Feminino Soft Luma","Casaco Feminino Soft Luma","2096","4579","2096GG","GG","45","Lançamentos","1","257.7","0","257.7","0","casaco-feminino-soft-luma"
"0012506282694","4350","2025-06-25 16:20:23-03","3","8","Entregue","0","4350","531","Chemise Feminina Bridão","Chemise Feminina Bridão","1752","2669","1752GG","GG","46","Mais Vendidos","1","267.7","13.38","254.32","0","chemise-feminina-bridao"
"0012506189959","4351","2025-06-27 09:18:25-03","1","7","Transporte","481.86","4351","922","Calça Feminina Skinny Délavé Pampa","Calça Feminina Skinny Délavé Pampa","2081","4504","208142","42","8","Calça","1","277.7","27.77","249.93","0","calca-feminina-skinny-delave-pampa"
"0012506189959","4351","2025-06-27 09:18:25-03","1","7","Transporte","481.86","4351","729","Calça Feminina Boot Cut Paty","Calça Feminina Boot Cut Paty","1914","3793","191442","42","8","Calça","1","257.7","25.77","231.93","0","calca-feminina-boot-cut-paty"
"0012506101294","4352","2025-06-29 10:18:11-03","1","8","Entregue","273.32","4352","698","Calça Feminina Boot Cut Amazona","Calça Feminina Boot Cut Amazona","1892","3612","189238","38","8","Calça","1","287.7","14.38","273.32","0","calca-feminina-boot-cut-amazona"
"0012506373705","4353","2025-06-30 15:50:30-03","3","8","Entregue","180","4353","959","Body Feminino Marina","Body Feminino Marina","2118","4636","2118P","P","45","Lançamentos","1","197.7","17.7","180","0","body-feminino-marina"
"0012507945457","4354","2025-07-01 09:09:43-03","3","8","Entregue","199.9","4354","301","Poncho Feminino Camila","Poncho Feminino Camila","1546","1473","1546UNICO","Único","39","Outlet","1","179.8","0","199.9","0","poncho-feminino-camila"
"0012507242207","4355","2025-07-01 09:44:06-03","1","8","Entregue","279.72","4355","710","Camisete Feminina Priscila","Camisete Feminina Priscila","1907","3692","1907G","G","39","Outlet","1","155.4","15.54","139.86","0","camisete-feminina-priscila"
"0012507242207","4355","2025-07-01 09:44:06-03","1","8","Entregue","279.72","4355","713","Camisete Feminina Flor de Liz","Camisete Feminina Flor de Liz","1908","3718","1908G","G","39","Outlet","1","155.4","15.54","139.86","0","camisete-feminina-flor-de-liz"
"0012507411948","4356","2025-07-01 14:23:54-03","1","8","Entregue","240.93","4356","531","Chemise Feminina Bridão","Chemise Feminina Bridão","1752","2669","1752GG","GG","46","Mais Vendidos","1","267.7","26.77","240.93","0","chemise-feminina-bridao"
"0012507338777","4357","2025-07-01 14:58:31-03","3","8","Entregue","225.82","4357","703","Saia Feminina Courino Cabana","Saia Feminina Courino Cabana","1902","3653","1902GPRETO","Preto - G","39","Outlet","1","237.7","11.88","225.82","0","saia-feminina-courino-cabana"
"0012507792734","4358","2025-07-02 08:54:16-03","1","7","Transporte","231.93","4358","957","Casaco Feminino Soft Maya","Casaco Feminino Soft Maya","2115","4622","2115G","G","45","Lançamentos","1","257.7","25.77","231.93","0","casaco-feminino-soft-maya"
"0012507565990","4359","2025-07-02 11:35:32-03","3","8","Entregue","244.82","4359","853","Calça Feminina Skinny Júlia","Calça Feminina Skinny Júlia","2048","4260","204844","44","8","Calça","1","257.7","12.88","244.82","0","calca-feminina-skinny-julia"
"0012507691329","4360","2025-07-03 13:41:37-03","1","17","Devolvido","615.4","4360","934","Casaco Feminino Soft Alongado Ayla","Casaco Feminino Soft Alongado Ayla","3000","4563","3000GG","GG","45","Lançamentos","1","317.7","0","317.7","0","casaco-feminino-soft-alongado-ayla"
"0012507691329","4360","2025-07-03 13:41:37-03","1","17","Devolvido","615.4","4360","870","Vestido Feminino Over Bridão ","Vestido Feminino Over Bridão ","2057","4318","2057G","G","39","Outlet","1","297.7","0","297.7","0","vestido-feminino-over-bridao"
"0012507245425","4361","2025-07-05 07:51:23-03","1","8","Entregue","244.82","4361","955","Casaco Soft Meio Zíper Alana","Casaco Soft Meio Zíper Alana","2112","4611","2112G","G","45","Lançamentos","1","257.7","12.88","244.82","0","casaco-soft-meio-ziper-alana"
"0012507670055","4362","2025-07-06 09:57:59-03","1","8","Entregue","375.64","4362","316","Body Feminino Realeza","Body Feminino Realeza","1541","1530","1541G","G","45","Lançamentos","1","197.7","9.88","187.82","0","body-feminino-realeza"
"0012507670055","4362","2025-07-06 09:57:59-03","1","8","Entregue","375.64","4362","927","Body Feminino Juliana","Body Feminino Juliana","2086","4530","2086G","G","45","Lançamentos","1","197.7","9.88","187.82","0","body-feminino-juliana"
"0012507929660","4363","2025-07-07 08:18:16-03","1","8","Entregue","339.63","4363","957","Casaco Feminino Soft Maya","Casaco Feminino Soft Maya","2115","4623","2115GG","GG","45","Lançamentos","1","257.7","12.88","244.82","0","casaco-feminino-soft-maya"
"0012507929660","4363","2025-07-07 08:18:16-03","1","8","Entregue","339.63","4363","580","Blusa Feminina Térmica Feminina CB","Blusa Térmica Feminina CB","1782","2947","1782GG","GG","46","Mais Vendidos","1","99.8","4.99","94.81","0","blusa-termica-feminina-cb"
"0012507184375","4364","2025-07-07 10:15:18-03","3","8","Entregue","187.82","4364","961","Body Feminino Núbia ML","Body Feminino Núbia ML","2119","4646","2119P","P","45","Lançamentos","1","197.7","9.88","187.82","0","body-feminino-nubia-ml"
"0012507980960","4365","2025-07-07 18:08:25-03","1","8","Entregue","244.82","4365","957","Casaco Feminino Soft Maya","Casaco Feminino Soft Maya","2115","4623","2115GG","GG","45","Lançamentos","1","257.7","12.88","244.82","0","casaco-feminino-soft-maya"
"0012507097186","4366","2025-07-08 12:05:03-03","3","8","Entregue","153.56","4366","723","Moletom Feminino Helena","Moletom Feminino Helena","1901","3762","1901G","G","39","Outlet","1","135.4","0","135.4","18.16","moletom-feminino-helena"
"0012507996996","4367","2025-07-08 15:48:04-03","3","8","Entregue","0","4367","918","Cropped Feminino Marina","Cropped Feminino Marina","2077","4483","2077GG","GG","6","Manga curta","1","167.7","0","167.7","0","cropped-feminino-marina"
"0012507996996","4367","2025-07-08 15:48:04-03","3","8","Entregue","0","4367","919","Saia Feminina Longa Marina","Saia Feminina Longa Marina","2078","4490","2078M","M","9","Saia","1","267.7","0","267.7","0","saia-feminina-longa-marina"
"0012507887412","4368","2025-07-09 08:34:08-03","3","8","Entregue","273.32","4368","575","Calça Feminina  Boot Cut Corcel","Calça Feminina  Boot Cut Corcel","1779","2919","177936","36","8","Calça","1","287.7","14.38","273.32","0","calca-feminina-boot-cut-corcel"
"0012507442316","4369","2025-07-09 15:13:56-03","3","8","Entregue","273.32","4369","575","Calça Feminina  Boot Cut Corcel","Calça Feminina  Boot Cut Corcel","1779","2923","177944","44","8","Calça","1","287.7","14.38","273.32","0","calca-feminina-boot-cut-corcel"
"0012507937476","4370","2025-07-09 16:12:26-03","1","8","Entregue","231.93","4370","168","Calça Jeans Feminina Boot Cut Morgan ","Calça Jeans Feminina Boot Cut Morgan ","1260","674","126036","36","8","Calça","1","257.7","25.77","231.93","0","calca-jeans-feminina-boot-cut-morgan"
"0012507928523","4371","2025-07-10 00:14:10-03","1","8","Entregue","621.72","4371","955","Casaco Soft Meio Zíper Alana","Casaco Soft Meio Zíper Alana","2112","4612","2112M","M","45","Lançamentos","1","257.7","25.77","231.93","0","casaco-soft-meio-ziper-alana"
"0012507928523","4371","2025-07-10 00:14:10-03","1","8","Entregue","621.72","4371","711","Jaqueta Feminina Softh Cut","Jaqueta Feminina Softh Cut","1888","3699","1888MBRANCO","Branco - M","39","Outlet","1","175.4","17.54","157.86","0","jaqueta-feminina-softh-cut"
"0012507928523","4371","2025-07-10 00:14:10-03","1","8","Entregue","621.72","4371","570","Casaco Feminino Soft Cute","Casaco Feminino soft cute","1756","2899","1756MPRETO","Preto - M","13","Jaqueta","1","257.7","25.77","231.93","0","casaco-feminino-soft-cute-1756"
"0012507241491","4372","2025-07-10 09:49:46-03","1","8","Entregue","244.82","4372","570","Casaco Feminino Soft Cute","Casaco Feminino soft cute","1756","2900","1756GPRETO","Preto - G","13","Jaqueta","1","257.7","12.88","244.82","0","casaco-feminino-soft-cute-1756"
"0012507907123","4373","2025-07-10 10:52:22-03","3","8","Entregue","0","4373","575","Calça Feminina  Boot Cut Corcel","Calça Feminina  Boot Cut Corcel","1779","2922","177942","42","8","Calça","1","287.7","0","287.7","0","calca-feminina-boot-cut-corcel"
"0012507009370","4374","2025-07-11 14:00:13-03","3","8","Entregue","287.7","4374","575","Calça Feminina  Boot Cut Corcel","Calça Feminina  Boot Cut Corcel","1779","2923","177944","44","8","Calça","1","287.7","0","287.7","0","calca-feminina-boot-cut-corcel"
"0012507434718","4375","2025-07-12 21:45:56-03","1","8","Entregue","287.7","4375","575","Calça Feminina  Boot Cut Corcel","Calça Feminina  Boot Cut Corcel","1779","2920","177938","38","8","Calça","1","287.7","0","287.7","0","calca-feminina-boot-cut-corcel"
"0012507570815","4376","2025-07-12 22:29:20-03","1","8","Entregue","297.7","4376","886","Bombacha Feminina Lara","Bombacha Feminina Lara","2028","4369","202836","36","45","Lançamentos","1","297.7","0","297.7","0","bombacha-feminina-lara"
"0012507092136","4377","2025-07-13 22:55:32-03","1","8","Entregue","273.32","4377","575","Calça Feminina  Boot Cut Corcel","Calça Feminina  Boot Cut Corcel","1779","2920","177938","38","8","Calça","1","287.7","14.38","273.32","0","calca-feminina-boot-cut-corcel"
"0012507490365","4378","2025-07-14 08:55:27-03","3","8","Entregue","0","4378","575","Calça Feminina  Boot Cut Corcel","Calça Feminina  Boot Cut Corcel","1779","2920","177938","38","8","Calça","1","287.7","0","287.7","0","calca-feminina-boot-cut-corcel"
"0012507822235","4379","2025-07-14 13:41:35-03","3","8","Entregue","0","4379","575","Calça Feminina  Boot Cut Corcel","Calça Feminina  Boot Cut Corcel","1779","2922","177942","42","8","Calça","1","287.7","36.95","250.75","0","calca-feminina-boot-cut-corcel"
"0012507822235","4379","2025-07-14 13:41:35-03","3","8","Entregue","0","4379","671","Jaqueta Feminina Bomber Paloma","Jaqueta Feminina Bomber Paloma","1864","3473","1864GGROSE","Rose - GG","39","Outlet","1","155.4","19.91","135.49","0","jaqueta-feminina-bomber-paloma"
"0012507822235","4379","2025-07-14 13:41:35-03","3","8","Entregue","0","4379","906","Saia Feminina Manuela","Saia Feminina Manuela","2041","4440","2041M","M","9","Saia","1","167.7","21.48","146.22","0","saia-feminina-manuela"
"0012507822235","4379","2025-07-14 13:41:35-03","3","8","Entregue","0","4379","908","Cropped Feminino Manuela","Cropped Feminino Manuela","2040","4446","2040G","G","6","Manga curta","1","137.7","17.64","120.06","0","cropped-feminino-manuela"
"0012507822235","4379","2025-07-14 13:41:35-03","3","8","Entregue","0","4379","904","Vestido Feminino Manuela","Vestido Feminino Manuela","2042","4433","2042M","M","39","Outlet","1","267.7","34.29","233.41","0","vestido-feminino-manuela"
"0012507822235","4379","2025-07-14 13:41:35-03","3","8","Entregue","0","4379","890","Vestido Moletom Feminino Rafaela","Vestido Moletom Feminino Rafaela","2053","4386","2053M","M","39","Outlet","1","277.7","35.57","242.13","0","vestido-moletom-feminino-rafaela"
"0012507822235","4379","2025-07-14 13:41:35-03","3","8","Entregue","0","4379","585","Body Frísio","Body Frísio","1783","2994","1783G","G","11","Body","1","79.9","10.24","69.66","0","body-frisio"
"0012507822235","4379","2025-07-14 13:41:35-03","3","8","Entregue","0","4379","588","Calça Jeans Feminina Nobreza Cabana","Calça Jeans Feminina Nobreza Cabana","1808","3019","180840","40","8","Calça","1","257.7","33.01","224.69","0","calca-jeans-feminina-nobreza-cabana"
"0012507822235","4379","2025-07-14 13:41:35-03","3","8","Entregue","0","4379","800","Vestido Feminino Helena","Vestido Feminino Helena","1979","4055","1979GG","GG","39","Outlet","1","99.9","12.8","87.1","0","vestido-feminino-helena"
"0012507822235","4379","2025-07-14 13:41:35-03","3","8","Entregue","0","4379","158","Calça Jeans Feminina Boot Cut Cabana","Calça Jeans Feminina Boot Cut Cabana","1186","605","118640","40","46","Mais Vendidos","1","257.7","33.01","224.69","0","calca-jeans-feminina-boot-cut-cabana"
"0012507822235","4379","2025-07-14 13:41:35-03","3","8","Entregue","0","4379","963","Moletom Feminino Cris","Moletom Feminino Cris","2111","4655","2111G","G","45","Lançamentos","1","217.7","27.89","189.81","0","moletom-feminino-cris"
"0012507822235","4379","2025-07-14 13:41:35-03","3","8","Entregue","0","4379","962","Moletom Feminino Beatriz","Moletom Feminino Beatriz","2110","4650","2110G","G","45","Lançamentos","1","217.7","27.89","189.81","0","moletom-feminino-beatriz"
"0012507822235","4379","2025-07-14 13:41:35-03","3","8","Entregue","0","4379","918","Cropped Feminino Marina","Cropped Feminino Marina","2077","4484","2077G","G","6","Manga curta","1","167.7","21.48","146.22","0","cropped-feminino-marina"
"0012507822235","4379","2025-07-14 13:41:35-03","3","8","Entregue","0","4379","919","Saia Feminina Longa Marina","Saia Feminina Longa Marina","2078","4490","2078M","M","9","Saia","1","267.7","34.29","233.41","0","saia-feminina-longa-marina"
"0012507822235","4379","2025-07-14 13:41:35-03","3","8","Entregue","0","4379","732","Casaco Ted Feminino Rose","Casaco Ted Feminino Rose","1915","3807","1915G","G","39","Outlet","1","155.4","19.91","135.49","0","casaco-ted-feminino-rose"
"0012507822235","4379","2025-07-14 13:41:35-03","3","8","Entregue","0","4379","805","Cropped Feminino Modal Lilia","Cropped Feminino Modal Lilia","1989","4081","1989G","G","1","Feminino","1","157.7","20.2","137.5","0","cropped-feminino-modal-lilia"
"0012507822235","4379","2025-07-14 13:41:35-03","3","8","Entregue","0","4379","620","Cropped Feminino Iza ","Cropped Feminino Iza ","1812","3183","1812BRANCOGG","Branco - GG","3","Blusas","1","117.7","15.08","102.62","0","cropped-feminino-iza"
"0012507822235","4379","2025-07-14 13:41:35-03","3","8","Entregue","0","4379","845","Camisete Feminina Roseli","Camisete Feminina Roseli","1980","4222","1980G","G","45","Lançamentos","1","267.7","34.29","233.41","0","camisete-feminina-roseli"
"0012507578403","4380","2025-07-15 14:53:02-03","3","8","Entregue","0","4380","698","Calça Feminina Boot Cut Amazona","Calça Feminina Boot Cut Amazona","1892","3611","189236","36","8","Calça","1","287.7","14.38","273.32","0","calca-feminina-boot-cut-amazona"
"0012507030452","4381","2025-07-15 18:46:50-03","1","8","Entregue","679.45","4381","729","Calça Feminina Boot Cut Paty","Calça Feminina Boot Cut Paty","1914","3792","191444","44","8","Calça","1","257.7","12.88","244.82","0","calca-feminina-boot-cut-paty"
"0012507030452","4381","2025-07-15 18:46:50-03","1","8","Entregue","679.45","4381","570","Casaco Feminino Soft Cute","Casaco Feminino soft cute","1756","2901","1756GGPRETO","Preto - GG","13","Jaqueta","1","257.7","12.88","244.82","0","casaco-feminino-soft-cute-1756"
"0012507030452","4381","2025-07-15 18:46:50-03","1","8","Entregue","679.45","4381","332","Poncho Feminino Campo a Fora","Poncho Feminino Campo a Fora","1565","1618","1565ROSE","Rose","39","Outlet","1","199.8","9.99","189.81","0","poncho-feminino-campo-a-fora"
"0012507439272","4382","2025-07-16 16:24:45-03","1","8","Entregue","257.7","4382","588","Calça Jeans Feminina Nobreza Cabana","Calça Jeans Feminina Nobreza Cabana","1808","3020","180842","42","8","Calça","1","257.7","0","257.7","0","calca-jeans-feminina-nobreza-cabana"
"0012507574800","4383","2025-07-17 12:44:38-03","3","8","Entregue","0","4383","415","Vestido Feminino Over Victorius","Vestido Feminino Over Victorius","1630","2128","1630MARROMGG","Marrom - GG","39","Outlet","1","83.85","0","83.85","0","vestido-feminino-over-victorius"
"0012507574800","4383","2025-07-17 12:44:38-03","3","8","Entregue","0","4383","684","Blusa  Feminina Tropilha","Blusa Feminina Tropilha","1875","3546","1875GG","GG","39","Outlet","1","175.4","0","175.4","0","blusa-feminina-tropilha"
"0012507574800","4383","2025-07-17 12:44:38-03","3","8","Entregue","0","4383","711","Jaqueta Feminina Softh Cut","Jaqueta Feminina Softh Cut","1888","3698","1888GGBRANCO","Branco - GG","39","Outlet","1","175.4","0","175.4","0","jaqueta-feminina-softh-cut"
"0012507078311","4384","2025-07-17 14:35:21-03","3","8","Entregue","187.82","4384","316","Body Feminino Realeza","Body Feminino Realeza","1541","1531","1541GG","GG","45","Lançamentos","1","197.7","9.88","187.82","0","body-feminino-realeza"
"0012507568137","4385","2025-07-17 14:48:40-03","3","8","Entregue","109.9","4385","368","Cropped  Grazi","Cropped  Grazi","1603","1860","1603G","G","39","Outlet","1","99.9","5","94.9","15","cropped-grazi"
"0012507929435","4386","2025-07-18 15:45:09-03","3","8","Entregue","0","4386","575","Calça Feminina  Boot Cut Corcel","Calça Feminina  Boot Cut Corcel","1779","2919","177936","36","8","Calça","1","287.7","0","287.7","0","calca-feminina-boot-cut-corcel"
"0012507596806","4387","2025-07-18 23:51:25-03","1","8","Entregue","303.75","4387","702","Calça Skinny Feminina Pampa","Calça Skinny Feminina Pampa","1903","3641","190340","40","8","Calça","1","257.7","25.77","231.93","0","calca-skinny-feminina-pampa"
"0012507596806","4387","2025-07-18 23:51:25-03","1","8","Entregue","303.75","4387","604","Regata Feminina Amália","Regata Feminina Amália","1802","3092","1802G","G","39","Outlet","1","79.8","7.98","71.82","0","regata-feminina-amalia"
"0012507523643","4388","2025-07-19 14:13:42-03","1","8","Entregue","157.7","4388","586","Body Térmico Feminino Cabana","Body Térmico Feminino Cabana","1785","2998","1785M","M","11","Body","1","157.7","0","157.7","0","body-termico-feminino-cabana"
"0012507973797","4389","2025-07-21 09:52:10-03","3","8","Entregue","244.82","4389","729","Calça Feminina Boot Cut Paty","Calça Feminina Boot Cut Paty","1914","3796","191436","36","8","Calça","1","257.7","12.88","244.82","0","calca-feminina-boot-cut-paty"
"0012507818916","4390","2025-07-21 10:23:18-03","3","8","Entregue","0","4390","575","Calça Feminina  Boot Cut Corcel","Calça Feminina  Boot Cut Corcel","1779","2920","177938","38","8","Calça","1","287.7","0","287.7","0","calca-feminina-boot-cut-corcel"
"0012507608891","4391","2025-07-21 11:33:34-03","3","8","Entregue","0","4391","708","Vestido Feminino Gabriella","Vestido Feminino Gabriella","1900","3682","1900M","M","20","Vestido","1","347.7","0","347.7","0","vestido-feminino-gabriella"
"0012507714823","4392","2025-07-21 14:13:16-03","3","8","Entregue","0","4392","886","Bombacha Feminina Lara","Bombacha Feminina Lara","2028","4369","202836","36","45","Lançamentos","1","297.7","0","297.7","0","bombacha-feminina-lara"
"0012507716821","4393","2025-07-21 16:00:29-03","3","8","Entregue","0","4393","711","Jaqueta Feminina Softh Cut","Jaqueta Feminina Softh Cut","1888","3699","1888MBRANCO","Branco - M","39","Outlet","1","175.4","0","175.4","0","jaqueta-feminina-softh-cut"
"0012507716821","4393","2025-07-21 16:00:29-03","3","8","Entregue","0","4393","575","Calça Feminina  Boot Cut Corcel","Calça Feminina  Boot Cut Corcel","1779","2921","177940","40","8","Calça","1","287.7","0","287.7","0","calca-feminina-boot-cut-corcel"
"0012507062497","4394","2025-07-23 10:23:57-03","1","2","Cancelado","139.86","4394","720","Moletom Feminino Andravida","Moletom Feminino Andravida","1909","3742","1909GG","GG","39","Outlet","1","155.4","15.54","139.86","0","moletom-feminino-andravida"
"0012507282694","4395","2025-07-23 16:12:23-03","3","8","Entregue","244.82","4395","957","Casaco Feminino Soft Maya","Casaco Feminino Soft Maya","2115","4620","2115P","P","45","Lançamentos","1","257.7","12.88","244.82","0","casaco-feminino-soft-maya"
"0012507189959","4396","2025-07-24 07:23:17-03","1","2","Cancelado","371.79","4396","969","Casaco Feminino Soft Danúbia","Casaco Feminino Soft Danúbia","2114","4684","2114M","M","45","Lançamentos","1","257.7","25.77","231.93","0","casaco-feminino-soft-danubia"
"0012507189959","4396","2025-07-24 07:23:17-03","1","2","Cancelado","371.79","4396","671","Jaqueta Feminina Bomber Paloma","Jaqueta Feminina Bomber Paloma","1864","3471","1864MROSE","Rose - M","39","Outlet","1","155.4","15.54","139.86","0","jaqueta-feminina-bomber-paloma"
"0012507101294","4397","2025-07-24 08:11:40-03","1","8","Entregue","453.84","4397","961","Body Feminino Núbia ML","Body Feminino Núbia ML","2119","4646","2119P","P","45","Lançamentos","1","197.7","0","197.7","18.3","body-feminino-nubia-ml"
"0012507101294","4397","2025-07-24 08:11:40-03","1","8","Entregue","453.84","4397","231","Calça Skinny Feminina Linhas Continuas","Calça Skinny Feminina Linhas Continuas","1485","1107","148534","34","8","Calça","1","217.7","0","217.7","20.14","calca-skinny-feminina-linhas-continuas"
"0012507373705","4398","2025-07-24 11:34:38-03","1","8","Entregue","231.93","4398","969","Casaco Feminino Soft Danúbia","Casaco Feminino Soft Danúbia","2114","4683","2114P","P","45","Lançamentos","1","257.7","25.77","231.93","0","casaco-feminino-soft-danubia"
"0012507571283","4399","2025-07-24 16:09:12-03","3","8","Entregue","0","4399","708","Vestido Feminino Gabriella","Vestido Feminino Gabriella","1900","3683","1900G","G","20","Vestido","1","347.7","0","347.7","0","vestido-feminino-gabriella"
"0012507274908","4400","2025-07-24 16:13:44-03","3","8","Entregue","0","4400","963","Moletom Feminino Cris","Moletom Feminino Cris","2111","4656","2111GG","GG","45","Lançamentos","1","217.7","0","217.7","0","moletom-feminino-cris"
"0012507903677","4401","2025-07-24 16:20:19-03","3","8","Entregue","650.6","4401","845","Camisete Feminina Roseli","Camisete Feminina Roseli","1980","4223","1980M","M","45","Lançamentos","1","267.7","0","267.7","0","camisete-feminina-roseli"
"0012507903677","4401","2025-07-24 16:20:19-03","3","8","Entregue","650.6","4401","239","Boné Cabana","Boné Cabana","1468","3821","1468Telha","Telha","28","Bonés","1","79.8","0","79.8","0","bone-cabana"
"0012507903677","4401","2025-07-24 16:20:19-03","3","8","Entregue","650.6","4401","593","Blusa Feminina Horse Cabana","Blusa Feminina Horse Cabana","1797","3041","1797G","G","48","Verão 2024","1","147.7","0","147.7","0","blusa-feminina-horse-cabana"
"0012507903677","4401","2025-07-24 16:20:19-03","3","8","Entregue","650.6","4401","710","Camisete Feminina Priscila","Camisete Feminina Priscila","1907","3691","1907M","M","39","Outlet","1","155.4","0","155.4","0","camisete-feminina-priscila"
"0012507868092","4402","2025-07-25 07:55:53-03","3","8","Entregue","0","4402","830","Pulseira Feminina Cabana","Pulseira Feminina Cabana","2011","4179","2011U","Único","45","Lançamentos","1","99.9","0","99.9","0","pulseira-feminina-cabana-unico"
"0012507411775","4403","2025-07-25 10:15:36-03","1","8","Entregue","235.13","4403","672","Vestido Feminino  Love Horses","Vestido Feminino Love Horses","1865","3482","1865GGPINK","Pink - GG","39","Outlet","1","99.8","4.99","94.81","0","vestido-feminino-love-horses"
"0012507411775","4403","2025-07-25 10:15:36-03","1","8","Entregue","235.13","4403","625","Blusa Feminina Beatriz","Blusa Feminina Beatriz","1840","3204","1840GG","GG","3","Blusas","1","147.7","7.38","140.32","0","blusa-feminina-beatriz"
"0012507129448","4404","2025-07-25 15:32:32-03","3","8","Entregue","155.4","4404","710","Camisete Feminina Priscila","Camisete Feminina Priscila","1907","3693","1907GG","GG","39","Outlet","1","155.4","0","155.4","0","camisete-feminina-priscila"
"0012507589356","4405","2025-07-27 22:58:22-03","1","8","Entregue","544.86","4405","575","Calça Feminina  Boot Cut Corcel","Calça Feminina  Boot Cut Corcel","1779","2919","177936","36","8","Calça","1","287.7","28.77","258.93","0","calca-feminina-boot-cut-corcel"
"0012507589356","4405","2025-07-27 22:58:22-03","1","8","Entregue","544.86","4405","576","Jaqueta Feminina Maxi Ônix","Jaqueta Feminina Max Ônix","1780","2925","1780P","P","46","Mais Vendidos","1","317.7","31.77","285.93","0","jaqueta-feminina-max-onix"
"0012507443739","4406","2025-07-28 11:45:22-03","1","8","Entregue","287.7","4406","575","Calça Feminina  Boot Cut Corcel","Calça Feminina  Boot Cut Corcel","1779","2919","177936","36","8","Calça","1","287.7","0","287.7","0","calca-feminina-boot-cut-corcel"
"0012507952320","4407","2025-07-28 21:03:38-03","1","8","Entregue","257.7","4407","969","Casaco Feminino Soft Danúbia","Casaco Feminino Soft Danúbia","2114","4684","2114M","M","45","Lançamentos","1","257.7","0","257.7","0","casaco-feminino-soft-danubia"
"0012507642008","4408","2025-07-29 00:01:15-03","1","8","Entregue","290.14","4408","575","Calça Feminina  Boot Cut Corcel","Calça Feminina  Boot Cut Corcel","1779","2921","177940","40","8","Calça","1","287.7","28.77","258.93","31.21","calca-feminina-boot-cut-corcel"
"0012507328535","4409","2025-07-29 16:30:12-03","1","8","Entregue","258.93","4409","575","Calça Feminina  Boot Cut Corcel","Calça Feminina  Boot Cut Corcel","1779","2919","177936","36","8","Calça","1","287.7","28.77","258.93","0","calca-feminina-boot-cut-corcel"
"0012507481040","4410","2025-07-29 20:51:24-03","1","2","Cancelado","330.32","4410","438","Vestido Feminino Tropilha","Vestido Feminino Tropilha","1654","2236","1654G","G","46","Mais Vendidos","1","347.7","17.38","330.32","0","vestido-feminino-tropilha"
"0012507143832","4411","2025-07-30 11:14:24-03","3","8","Entregue","147.63","4411","710","Camisete Feminina Priscila","Camisete Feminina Priscila","1907","3691","1907M","M","39","Outlet","1","155.4","7.77","147.63","0","camisete-feminina-priscila"
"0012507818011","4412","2025-07-30 12:37:51-03","1","8","Entregue","368.23","4412","907","Pulseira Feminina Bridão Cabana","Pulseira Feminina Bridão Cabana","2071","4443","2071U","Único","29","Semi-Jóias","1","99.9","4.99","94.91","0","pulseira-feminina-bridao-cabana-2071u"
"0012507818011","4412","2025-07-30 12:37:51-03","1","8","Entregue","368.23","4412","575","Calça Feminina  Boot Cut Corcel","Calça Feminina  Boot Cut Corcel","1779","2922","177942","42","8","Calça","1","287.7","14.38","273.32","0","calca-feminina-boot-cut-corcel"
"0012507604727","4413","2025-07-30 13:39:28-03","1","8","Entregue","93.39","4413","624","Cropped Feminino Mariana","Cropped Feminino Mariana","1811","3196","1811P","P","39","Outlet","1","79.8","3.99","75.81","17.58","cropped-feminino-mariana"
"0012507926019","4414","2025-07-30 14:51:12-03","3","8","Entregue","0","4414","927","Body Feminino Juliana","Body Feminino Juliana","2086","4529","2086M","M","45","Lançamentos","1","197.7","9.88","187.82","0","body-feminino-juliana"
"0012507406761","4415","2025-07-31 12:15:18-03","3","8","Entregue","273.32","4415","575","Calça Feminina  Boot Cut Corcel","Calça Feminina  Boot Cut Corcel","1779","2922","177942","42","8","Calça","1","287.7","14.38","273.32","0","calca-feminina-boot-cut-corcel"
"0012507950533","4416","2025-07-31 20:49:02-03","1","8","Entregue","257.7","4416","969","Casaco Feminino Soft Danúbia","Casaco Feminino Soft Danúbia","2114","4684","2114M","M","45","Lançamentos","1","257.7","0","257.7","0","casaco-feminino-soft-danubia"
"0012508945457","4417","2025-08-01 00:25:12-03","1","8","Entregue","273.32","4417","575","Calça Feminina  Boot Cut Corcel","Calça Feminina  Boot Cut Corcel","1779","2922","177942","42","8","Calça","1","287.7","14.38","273.32","0","calca-feminina-boot-cut-corcel"
"0012508242207","4418","2025-08-01 10:38:17-03","3","8","Entregue","0","4418","570","Casaco Feminino Soft Cute","Casaco Feminino soft cute","1756","2898","1756PPRETO","Preto - P","13","Jaqueta","1","257.7","0","257.7","0","casaco-feminino-soft-cute-1756"
"0012508242207","4418","2025-08-01 10:38:17-03","3","8","Entregue","0","4418","968","Casaco Feminino Soft Clara","Casaco Feminino Soft Clara","2124","4680","2124G","G","45","Lançamentos","1","287.7","0","287.7","0","casaco-feminino-soft-clara"
"0012508411948","4419","2025-08-01 11:33:44-03","1","8","Entregue","231.93","4419","956","Casaco Feminino Soft Laís","Casaco Feminino Soft Laís","2113","4615","2113P","P","45","Lançamentos","1","257.7","25.77","231.93","0","casaco-soft-lais"
"0012508338777","4420","2025-08-01 11:53:06-03","1","8","Entregue","317.7","4420","576","Jaqueta Feminina Maxi Ônix","Jaqueta Feminina Max Ônix","1780","2927","1780G","G","46","Mais Vendidos","1","317.7","0","317.7","0","jaqueta-feminina-max-onix"
"0012508792734","4421","2025-08-01 12:50:03-03","1","8","Entregue","155.4","4421","732","Casaco Ted Feminino Rose","Casaco Ted Feminino Rose","1915","3808","1915GG","GG","39","Outlet","1","155.4","0","155.4","0","casaco-ted-feminino-rose"
"0012508565990","4422","2025-08-01 15:18:27-03","1","8","Entregue","258.93","4422","968","Casaco Feminino Soft Clara","Casaco Feminino Soft Clara","2124","4680","2124G","G","45","Lançamentos","1","287.7","28.77","258.93","0","casaco-feminino-soft-clara"
"0012508691329","4423","2025-08-02 11:29:53-03","1","17","Devolvido","179.82","4423","44","Calça Feminina Boot Cut Pandora","Calça Feminina Boot Cut Pandora","1406","74","140636","36","39","Outlet","1","199.8","19.98","179.82","0","calca-feminina-boot-cut-pandora"
"0012508245425","4424","2025-08-02 21:49:21-03","1","8","Entregue","157.86","4424","711","Jaqueta Feminina Softh Cut","Jaqueta Feminina Softh Cut","1888","3697","1888GBRANCO","Branco - G","39","Outlet","1","175.4","17.54","157.86","0","jaqueta-feminina-softh-cut"
"0012508670055","4425","2025-08-03 08:20:12-03","1","8","Entregue","546.64","4425","968","Casaco Feminino Soft Clara","Casaco Feminino Soft Clara","2124","4679","2124M","M","45","Lançamentos","1","287.7","14.38","273.32","0","casaco-feminino-soft-clara"
"0012508670055","4425","2025-08-03 08:20:12-03","1","8","Entregue","546.64","4425","575","Calça Feminina  Boot Cut Corcel","Calça Feminina  Boot Cut Corcel","1779","2919","177936","36","8","Calça","1","287.7","14.38","273.32","0","calca-feminina-boot-cut-corcel"
"0012508929660","4426","2025-08-03 10:00:00-03","1","8","Entregue","605.4","4426","575","Calça Feminina  Boot Cut Corcel","Calça Feminina  Boot Cut Corcel","1779","2921","177940","40","8","Calça","1","287.7","0","287.7","0","calca-feminina-boot-cut-corcel"
"0012508929660","4426","2025-08-03 10:00:00-03","1","8","Entregue","605.4","4426","576","Jaqueta Feminina Maxi Ônix","Jaqueta Feminina Max Ônix","1780","2927","1780G","G","46","Mais Vendidos","1","317.7","0","317.7","0","jaqueta-feminina-max-onix"
"0012508184375","4427","2025-08-03 11:10:54-03","1","8","Entregue","517.86","4427","968","Casaco Feminino Soft Clara","Casaco Feminino Soft Clara","2124","4679","2124M","M","45","Lançamentos","1","287.7","28.77","258.93","0","casaco-feminino-soft-clara"
"0012508184375","4427","2025-08-03 11:10:54-03","1","8","Entregue","517.86","4427","973","Casaco Feminino Soft Alongado Ayla","Casaco Feminino Soft Alongado Ayla","2097","4699","2097G","G","45","Lançamentos","1","287.7","28.77","258.93","0","casaco-feminino-soft-alongado-ayla-2097"
"0012508980960","4428","2025-08-03 11:28:32-03","1","8","Entregue","244.82","4428","168","Calça Jeans Feminina Boot Cut Morgan ","Calça Jeans Feminina Boot Cut Morgan ","1260","674","126036","36","8","Calça","1","257.7","12.88","244.82","0","calca-jeans-feminina-boot-cut-morgan"
"0012508097186","4429","2025-08-03 21:17:34-03","1","8","Entregue","273.32","4429","968","Casaco Feminino Soft Clara","Casaco Feminino Soft Clara","2124","4681","2124GG","GG","45","Lançamentos","1","287.7","14.38","273.32","0","casaco-feminino-soft-clara"
"0012508996996","4430","2025-08-04 10:50:57-03","1","8","Entregue","235.32","4430","244","Camisete Feminina Gateado","Camisete Feminina Gateado","1498","1244","1498P","P","46","Mais Vendidos","1","247.7","12.38","235.32","0","camisete-feminina-gateado"
"0012508887412","4431","2025-08-04 14:18:11-03","3","8","Entregue","245.98","4431","575","Calça Feminina  Boot Cut Corcel","Calça Feminina  Boot Cut Corcel","1779","2919","177936","36","8","Calça","1","287.7","41.72","245.98","0","calca-feminina-boot-cut-corcel"
"0012508442316","4432","2025-08-06 00:53:55-03","1","8","Entregue","244.82","4432","969","Casaco Feminino Soft Danúbia","Casaco Feminino Soft Danúbia","2114","4685","2114G","G","45","Lançamentos","1","257.7","12.88","244.82","0","casaco-feminino-soft-danubia"
"0012508937476","4433","2025-08-06 07:48:39-03","3","8","Entregue","244.82","4433","969","Casaco Feminino Soft Danúbia","Casaco Feminino Soft Danúbia","2114","4684","2114M","M","45","Lançamentos","1","257.7","12.88","244.82","0","casaco-feminino-soft-danubia"
"0012508928523","4434","2025-08-06 08:06:53-03","3","8","Entregue","0","4434","428","Blusa Feminina By Cabana","Blusa Feminina  By Cabana","1652","2198","1652GG","GG","39","Outlet","1","39.8","0","39.8","14.34","blusa-feminina-by-cabana"
"0012508241491","4435","2025-08-07 09:36:29-03","3","8","Entregue","0","4435","44","Calça Feminina Boot Cut Pandora","Calça Feminina Boot Cut Pandora","1406","78","140644","44","39","Outlet","1","199.8","0","199.8","0","calca-feminina-boot-cut-pandora"
"0012508907123","4436","2025-08-07 10:31:08-03","1","8","Entregue","398.79","4436","968","Casaco Feminino Soft Clara","Casaco Feminino Soft Clara","2124","4679","2124M","M","45","Lançamentos","1","287.7","28.77","258.93","0","casaco-feminino-soft-clara"
"0012508907123","4436","2025-08-07 10:31:08-03","1","8","Entregue","398.79","4436","584","Moletom Feminino Amor Equestre","Moletom Feminino Amor Equestre","1784","2977","1784P","P","39","Outlet","1","155.4","15.54","139.86","0","moletom-feminino-amor-equestre"
"0012508009370","4437","2025-08-07 17:03:39-03","1","8","Entregue","263.82","4437","922","Calça Feminina Skinny Délavé Pampa","Calça Feminina Skinny Délavé Pampa","2081","4506","208138","38","8","Calça","1","277.7","13.88","263.82","0","calca-feminina-skinny-delave-pampa"
"0012508434718","4438","2025-08-08 08:27:42-03","3","8","Entregue","442.14","4438","867","Saia Feminina Melissa","Saia Feminina Melissa","2030","4304","2030M","M","45","Lançamentos","1","277.7","13.88","263.82","0","saia-feminina-melissa"
"0012508434718","4438","2025-08-08 08:27:42-03","3","8","Entregue","442.14","4438","868","Blusa Feminina Melissa","Blusa Feminina Melissa","2031","4309","2031M","M","45","Lançamentos","1","187.7","9.38","178.32","0","blusa-feminina-melissa"
"0012508570815","4439","2025-08-08 10:55:24-03","1","8","Entregue","157.86","4439","684","Blusa  Feminina Tropilha","Blusa Feminina Tropilha","1875","3543","1875P","P","39","Outlet","1","175.4","17.54","157.86","0","blusa-feminina-tropilha"
"0012508092136","4440","2025-08-08 11:55:14-03","3","8","Entregue","235.32","4440","244","Camisete Feminina Gateado","Camisete Feminina Gateado","1498","1246","1498G","G","46","Mais Vendidos","1","247.7","12.38","235.32","0","camisete-feminina-gateado"
"0012508490365","4441","2025-08-08 16:09:07-03","1","8","Entregue","118.97","4441","911","Colar Feminino Choker Cabana","Colar Feminino Choker Cabana","2073","4457","2073U","Único","31","Colar","1","99.9","0","99.9","19.07","colar-feminino-choker-cabana-2073u"
"0012508822235","4442","2025-08-09 10:15:33-03","1","8","Entregue","158.63","4442","834","Colar Feminino Choker Cabana","Colar Feminino Choker Cabana","2015","4187","2015U","Único","45","Lançamentos","1","129.9","0","129.9","28.73","colar-feminino-choker-cabana"
"0012508578403","4443","2025-08-10 10:15:06-03","1","8","Entregue","287.7","4443","575","Calça Feminina  Boot Cut Corcel","Calça Feminina  Boot Cut Corcel","1779","2922","177942","42","8","Calça","1","287.7","0","287.7","0","calca-feminina-boot-cut-corcel"
"0012508030452","4444","2025-08-10 13:38:29-03","1","8","Entregue","330.32","4444","350","Vestido Feminino Querência","Vestido Feminino Querência","1569","1733","1569M","M","46","Mais Vendidos","1","347.7","17.38","330.32","0","vestido-feminino-querencia"
"0012508439272","4445","2025-08-11 23:43:46-03","1","8","Entregue","385.4","4445","970","Body Feminino Gateado","Body Feminino Gateado","2117","4689","2117M","M","45","Lançamentos","1","197.7","0","197.7","0","body-feminino-gateado-2117"
"0012508439272","4445","2025-08-11 23:43:46-03","1","8","Entregue","385.4","4445","484","Body Feminino Victória","Body Feminino Victória","1681","2455","1681M","M","11","Body","1","187.7","0","187.7","0","body-feminino-victoria"
"0012508574800","4446","2025-08-12 13:25:55-03","3","8","Entregue","0","4446","956","Casaco Feminino Soft Laís","Casaco Feminino Soft Laís","2113","4617","2113G","G","45","Lançamentos","1","257.7","0","257.7","0","casaco-soft-lais"
"0012508078311","4447","2025-08-12 13:32:48-03","1","8","Entregue","545.4","4447","158","Calça Jeans Feminina Boot Cut Cabana","Calça Jeans Feminina Boot Cut Cabana","1186","605","118640","40","46","Mais Vendidos","1","257.7","0","257.7","0","calca-jeans-feminina-boot-cut-cabana"
"0012508078311","4447","2025-08-12 13:32:48-03","1","8","Entregue","545.4","4447","575","Calça Feminina  Boot Cut Corcel","Calça Feminina  Boot Cut Corcel","1779","2921","177940","40","8","Calça","1","287.7","0","287.7","0","calca-feminina-boot-cut-corcel"
"0012508568137","4448","2025-08-12 16:19:37-03","3","8","Entregue","0","4448","973","Casaco Feminino Soft Alongado Ayla","Casaco Feminino Soft Alongado Ayla","2097","4699","2097G","G","45","Lançamentos","1","287.7","27.16","260.54","0","casaco-feminino-soft-alongado-ayla-2097"
"0012508568137","4448","2025-08-12 16:19:37-03","3","8","Entregue","0","4448","956","Casaco Feminino Soft Laís","Casaco Feminino Soft Laís","2113","4617","2113G","G","45","Lançamentos","1","257.7","24.17","233.53","0","casaco-soft-lais"
"0012508568137","4448","2025-08-12 16:19:37-03","3","8","Entregue","0","4448","955","Casaco Soft Meio Zíper Alana","Casaco Soft Meio Zíper Alana","2112","4611","2112G","G","45","Lançamentos","1","257.7","24.17","233.53","0","casaco-soft-meio-ziper-alana"
"0012508568137","4448","2025-08-12 16:19:37-03","3","8","Entregue","0","4448","969","Casaco Feminino Soft Danúbia","Casaco Feminino Soft Danúbia","2114","4685","2114G","G","45","Lançamentos","1","257.7","24.17","233.53","0","casaco-feminino-soft-danubia"
"0012508568137","4448","2025-08-12 16:19:37-03","3","8","Entregue","0","4448","942","Casaco Feminino Soft Luma","Casaco Feminino Soft Luma","2096","4580","2096G","G","45","Lançamentos","1","257.7","24.17","233.53","0","casaco-feminino-soft-luma"
"0012508568137","4448","2025-08-12 16:19:37-03","3","8","Entregue","0","4448","976","Casaco Feminino Soft Lize","Casaco Feminino Soft Lize","2128","4715","2128G","G","45","Lançamentos","1","257.7","24.17","233.53","0","casaco-feminino-soft-lize"
"0012508568137","4448","2025-08-12 16:19:37-03","3","8","Entregue","0","4448","732","Casaco Ted Feminino Rose","Casaco Ted Feminino Rose","1915","3806","1915M","M","39","Outlet","1","155.4","14.58","140.82","0","casaco-ted-feminino-rose"
"0012508568137","4448","2025-08-12 16:19:37-03","3","8","Entregue","0","4448","711","Jaqueta Feminina Softh Cut","Jaqueta Feminina Softh Cut","1888","3708","1888GROSA","Rosa Neon - G","39","Outlet","1","175.4","16.45","158.95","0","jaqueta-feminina-softh-cut"
"0012508568137","4448","2025-08-12 16:19:37-03","3","8","Entregue","0","4448","962","Moletom Feminino Beatriz","Moletom Feminino Beatriz","2110","4650","2110G","G","45","Lançamentos","1","217.7","20.42","197.28","0","moletom-feminino-beatriz"
"0012508929435","4449","2025-08-13 07:42:10-03","1","8","Entregue","151.62","4449","604","Regata Feminina Amália","Regata Feminina Amália","1802","3091","1802M","M","39","Outlet","1","79.8","3.99","75.81","0","regata-feminina-amalia"
"0012508929435","4449","2025-08-13 07:42:10-03","1","8","Entregue","151.62","4449","596","T-SHIRT FARROUPILHA","T-SHIRT FARROUPILHA","1794","3056","1794G","G","39","Outlet","1","79.8","3.99","75.81","0","t-shirt-farroupilha"
"0012508596806","4450","2025-08-13 08:02:44-03","1","8","Entregue","467.3","4450","406","Conjunto Feminino  Corta Vento Maya","Conjunto Feminino Corta Vento Maya","1632","2077","1632LILAS","LILAS - GG","39","Outlet","1","99.8","0","99.8","0","bomber-corta-vento-feminino-maya"
"0012508596806","4450","2025-08-13 08:02:44-03","1","8","Entregue","467.3","4450","415","Vestido Feminino Over Victorius","Vestido Feminino Over Victorius","1630","2128","1630MARROMGG","Marrom - GG","39","Outlet","1","99.8","0","99.8","0","vestido-feminino-over-victorius"
"0012508596806","4450","2025-08-13 08:02:44-03","1","8","Entregue","467.3","4450","531","Chemise Feminina Bridão","Chemise Feminina Bridão","1752","2668","1752G","G","46","Mais Vendidos","1","267.7","0","267.7","0","chemise-feminina-bridao"
"0012508523643","4451","2025-08-13 08:20:18-03","1","8","Entregue","368.23","4451","575","Calça Feminina  Boot Cut Corcel","Calça Feminina  Boot Cut Corcel","1779","2920","177938","38","8","Calça","1","287.7","14.38","273.32","0","calca-feminina-boot-cut-corcel"
"0012508523643","4451","2025-08-13 08:20:18-03","1","8","Entregue","368.23","4451","907","Pulseira Feminina Bridão Cabana","Pulseira Feminina Bridão Cabana","2071","4443","2071U","Único","29","Semi-Jóias","1","99.9","4.99","94.91","0","pulseira-feminina-bridao-cabana-2071u"
"0012508973797","4452","2025-08-13 10:49:38-03","1","8","Entregue","258.93","4452","968","Casaco Feminino Soft Clara","Casaco Feminino Soft Clara","2124","4679","2124M","M","45","Lançamentos","1","287.7","28.77","258.93","0","casaco-feminino-soft-clara"
"0012508818916","4453","2025-08-13 14:50:54-03","1","8","Entregue","258.93","4453","575","Calça Feminina  Boot Cut Corcel","Calça Feminina  Boot Cut Corcel","1779","2922","177942","42","8","Calça","1","287.7","28.77","258.93","0","calca-feminina-boot-cut-corcel"
"0012508608891","4454","2025-08-13 22:41:40-03","1","2","Cancelado","258.93","4454","575","Calça Feminina  Boot Cut Corcel","Calça Feminina  Boot Cut Corcel","1779","2922","177942","42","8","Calça","1","287.7","28.77","258.93","0","calca-feminina-boot-cut-corcel"
"0012508714823","4455","2025-08-14 14:14:01-03","1","8","Entregue","545.4","4455","575","Calça Feminina  Boot Cut Corcel","Calça Feminina  Boot Cut Corcel","1779","2922","177942","42","8","Calça","1","287.7","0","287.7","0","calca-feminina-boot-cut-corcel"
"0012508714823","4455","2025-08-14 14:14:01-03","1","8","Entregue","545.4","4455","158","Calça Jeans Feminina Boot Cut Cabana","Calça Jeans Feminina Boot Cut Cabana","1186","606","118642","42","46","Mais Vendidos","1","257.7","0","257.7","0","calca-jeans-feminina-boot-cut-cabana"
"0012508716821","4456","2025-08-15 08:43:24-03","1","8","Entregue","257.7","4456","969","Casaco Feminino Soft Danúbia","Casaco Feminino Soft Danúbia","2114","4685","2114G","G","45","Lançamentos","1","257.7","0","257.7","0","casaco-feminino-soft-danubia"
"0012508062497","4457","2025-08-15 08:47:56-03","1","8","Entregue","231.93","4457","956","Casaco Feminino Soft Laís","Casaco Feminino Soft Laís","2113","4617","2113G","G","45","Lançamentos","1","257.7","25.77","231.93","0","casaco-soft-lais"
"0012508282694","4458","2025-08-15 11:16:27-03","3","8","Entregue","0","4458","576","Jaqueta Feminina Maxi Ônix","Jaqueta Feminina Max Ônix","1780","2926","1780M","M","46","Mais Vendidos","1","317.7","31.77","285.93","0","jaqueta-feminina-max-onix"
"0012508189959","4459","2025-08-15 12:50:51-03","1","8","Entregue","454.86","4459","976","Casaco Feminino Soft Lize","Casaco Feminino Soft Lize","2128","4715","2128G","G","45","Lançamentos","1","257.7","25.77","231.93","0","casaco-feminino-soft-lize"
"0012508189959","4459","2025-08-15 12:50:51-03","1","8","Entregue","454.86","4459","244","Camisete Feminina Gateado","Camisete Feminina Gateado","1498","1246","1498G","G","46","Mais Vendidos","1","247.7","24.77","222.93","0","camisete-feminina-gateado"
"0012508101294","4460","2025-08-15 15:25:41-03","1","8","Entregue","244.82","4460","969","Casaco Feminino Soft Danúbia","Casaco Feminino Soft Danúbia","2114","4684","2114M","M","45","Lançamentos","1","257.7","12.88","244.82","0","casaco-feminino-soft-danubia"
"0012508373705","4461","2025-08-16 09:20:16-03","1","8","Entregue","287.7","4461","575","Calça Feminina  Boot Cut Corcel","Calça Feminina  Boot Cut Corcel","1779","2920","177938","38","8","Calça","1","287.7","0","287.7","0","calca-feminina-boot-cut-corcel"
"0012508571283","4462","2025-08-18 10:17:40-03","3","8","Entregue","297.7","4462","871","Bombacha Feminina Linho Black","Bombacha Feminina Linho Black","2050","4324","205040","40","45","Lançamentos","1","297.7","0","297.7","0","bombacha-feminina-linho-black"
"0012508274908","4463","2025-08-18 10:21:44-03","3","8","Entregue","0","4463","928","Vestido Feminino Tricô Preto","Vestido Feminino Tricô Preto","2087","4533","2087G","G","45","Lançamentos","1","337.7","0","337.7","0","vestido-feminino-trico-preto"
"0012508903677","4464","2025-08-18 10:29:03-03","1","8","Entregue","187.7","4464","868","Blusa Feminina Melissa","Blusa Feminina Melissa","2031","4309","2031M","M","45","Lançamentos","1","187.7","0","187.7","0","blusa-feminina-melissa"
"0012508868092","4465","2025-08-18 10:39:18-03","3","8","Entregue","244.82","4465","976","Casaco Feminino Soft Lize","Casaco Feminino Soft Lize","2128","4715","2128G","G","45","Lançamentos","1","257.7","12.88","244.82","0","casaco-feminino-soft-lize"
"0012508411775","4466","2025-08-18 11:42:16-03","1","8","Entregue","347.7","4466","350","Vestido Feminino Querência","Vestido Feminino Querência","1569","1733","1569M","M","46","Mais Vendidos","1","347.7","0","347.7","0","vestido-feminino-querencia"
"0012508129448","4467","2025-08-18 14:27:38-03","3","8","Entregue","0","4467","158","Calça Jeans Feminina Boot Cut Cabana","Calça Jeans Feminina Boot Cut Cabana","1186","607","118644","44","46","Mais Vendidos","1","257.7","0","257.7","0","calca-jeans-feminina-boot-cut-cabana"
"0012508589356","4468","2025-08-18 19:54:17-03","1","8","Entregue","258.93","4468","575","Calça Feminina  Boot Cut Corcel","Calça Feminina  Boot Cut Corcel","1779","2920","177938","38","8","Calça","1","287.7","28.77","258.93","0","calca-feminina-boot-cut-corcel"
"0012508443739","4469","2025-08-18 21:41:26-03","1","8","Entregue","490.86","4469","158","Calça Jeans Feminina Boot Cut Cabana","Calça Jeans Feminina Boot Cut Cabana","1186","603","118636","36","46","Mais Vendidos","1","257.7","25.77","231.93","0","calca-jeans-feminina-boot-cut-cabana"
"0012508443739","4469","2025-08-18 21:41:26-03","1","8","Entregue","490.86","4469","575","Calça Feminina  Boot Cut Corcel","Calça Feminina  Boot Cut Corcel","1779","2919","177936","36","8","Calça","1","287.7","28.77","258.93","0","calca-feminina-boot-cut-corcel"
"0012508952320","4470","2025-08-19 09:25:54-03","1","8","Entregue","177.93","4470","966","Body Feminino Suzy","Body Feminino Suzy","2123","4669","2123M","M","45","Lançamentos","1","197.7","19.77","177.93","0","boady-feminino-suzy"
"0012508642008","4471","2025-08-19 10:09:31-03","3","8","Entregue","244.82","4471","729","Calça Feminina Boot Cut Paty","Calça Feminina Boot Cut Paty","1914","3796","191436","36","8","Calça","1","257.7","12.88","244.82","0","calca-feminina-boot-cut-paty"
"0012508328535","4472","2025-08-19 11:53:44-03","3","8","Entregue","0","4472","968","Casaco Feminino Soft Clara","Casaco Feminino Soft Clara","2124","4680","2124G","G","45","Lançamentos","1","287.7","0","287.7","0","casaco-feminino-soft-clara"
"0012508481040","4473","2025-08-19 19:50:29-03","1","8","Entregue","273.32","4473","575","Calça Feminina  Boot Cut Corcel","Calça Feminina  Boot Cut Corcel","1779","2920","177938","38","8","Calça","1","287.7","14.38","273.32","0","calca-feminina-boot-cut-corcel"
"0012508143832","4474","2025-08-19 22:19:55-03","1","8","Entregue","490.86","4474","658","Calça Feminina Boot Cut Júlia","Calça Feminina Boot Cut Júlia","1860","3392","186040","40","8","Calça","1","287.7","28.77","258.93","0","calca-feminina-boot-cut-julia"
"0012508143832","4474","2025-08-19 22:19:55-03","1","8","Entregue","490.86","4474","158","Calça Jeans Feminina Boot Cut Cabana","Calça Jeans Feminina Boot Cut Cabana","1186","606","118642","42","46","Mais Vendidos","1","257.7","25.77","231.93","0","calca-jeans-feminina-boot-cut-cabana"
"0012508818011","4475","2025-08-20 13:29:13-03","3","8","Entregue","240","4475","729","Calça Feminina Boot Cut Paty","Calça Feminina Boot Cut Paty","1914","3795","191438","38","8","Calça","1","257.7","17.7","240","0","calca-feminina-boot-cut-paty"
"0012508604727","4476","2025-08-20 18:03:34-03","1","8","Entregue","273.32","4476","973","Casaco Feminino Soft Alongado Ayla","Casaco Feminino Soft Alongado Ayla","2097","4700","2097M","M","45","Lançamentos","1","287.7","14.38","273.32","0","casaco-feminino-soft-alongado-ayla-2097"
"0012508926019","4477","2025-08-21 11:52:59-03","3","8","Entregue","244.82","4477","588","Calça Jeans Feminina Nobreza Cabana","Calça Jeans Feminina Nobreza Cabana","1808","3020","180842","42","8","Calça","1","257.7","12.88","244.82","0","calca-jeans-feminina-nobreza-cabana"
"0012508406761","4478","2025-08-21 13:36:56-03","1","2","Cancelado","257.7","4478","588","Calça Jeans Feminina Nobreza Cabana","Calça Jeans Feminina Nobreza Cabana","1808","3020","180842","42","8","Calça","1","257.7","0","257.7","0","calca-jeans-feminina-nobreza-cabana"
"0012508950533","4479","2025-08-21 18:31:31-03","1","8","Entregue","384.95","4479","624","Cropped Feminino Mariana","Cropped Feminino Mariana","1811","3198","1811G","G","39","Outlet","1","79.8","3.99","75.81","0","cropped-feminino-mariana"
"0012508950533","4479","2025-08-21 18:31:31-03","1","8","Entregue","384.95","4479","758","Regata Modeladora Núbia","Regata Modeladora Núbia","1942","3923","1942G","G","6","Manga curta","1","167.7","8.38","159.32","0","regata-modeladora-nubia"
"0012508950533","4479","2025-08-21 18:31:31-03","1","8","Entregue","384.95","4479","744","Cropped Feminino Núbia","Cropped  Feminino Núbia","1928","3869","1928G","G","6","Manga curta","1","157.7","7.88","149.82","0","cropped-feminino-nubia"
"0012508560438","4480","2025-08-22 10:10:45-03","3","8","Entregue","0","4480","576","Jaqueta Feminina Maxi Ônix","Jaqueta Feminina Max Ônix","1780","2927","1780G","G","46","Mais Vendidos","1","317.7","0","317.7","0","jaqueta-feminina-max-onix"
"0012508168534","4481","2025-08-25 12:50:25-03","3","8","Entregue","159.32","4481","978","Regata Feminina Modeladora Zoe","Regata Feminina Modeladora Zoe","2145","4724","2145M","M","45","Lançamentos","1","167.7","8.38","159.32","0","regata-feminina-modeladora-zoe"
"0012508954519","4482","2025-08-25 14:39:20-03","1","8","Entregue","295.85","4482","575","Calça Feminina  Boot Cut Corcel","Calça Feminina  Boot Cut Corcel","1779","2921","177940","40","8","Calça","1","287.7","14.38","273.32","22.53","calca-feminina-boot-cut-corcel"
"0012508094789","4483","2025-08-25 17:38:01-03","1","8","Entregue","257.7","4483","942","Casaco Feminino Soft Luma","Casaco Feminino Soft Luma","2096","4579","2096GG","GG","45","Lançamentos","1","257.7","0","257.7","0","casaco-feminino-soft-luma"
"0012508338178","4484","2025-08-25 22:04:37-03","1","8","Entregue","273.32","4484","575","Calça Feminina  Boot Cut Corcel","Calça Feminina  Boot Cut Corcel","1779","2919","177936","36","8","Calça","1","287.7","14.38","273.32","0","calca-feminina-boot-cut-corcel"
"0012508829224","4485","2025-08-25 22:32:09-03","1","17","Devolvido","273.32","4485","575","Calça Feminina  Boot Cut Corcel","Calça Feminina  Boot Cut Corcel","1779","2921","177940","40","8","Calça","1","287.7","14.38","273.32","0","calca-feminina-boot-cut-corcel"
"0012508126545","4486","2025-08-26 11:41:01-03","1","8","Entregue","347.7","4486","852","Vestido Feminino Gateado","Vestido Feminino Gateado","2027","4257","2027M","M","46","Mais Vendidos","1","347.7","0","347.7","0","vestido-feminino-gateado"
"0012508252589","4487","2025-08-26 14:10:02-03","3","8","Entregue","244.82","4487","588","Calça Jeans Feminina Nobreza Cabana","Calça Jeans Feminina Nobreza Cabana","1808","3017","180836","36","8","Calça","1","257.7","12.88","244.82","0","calca-jeans-feminina-nobreza-cabana"
"0012508183455","4488","2025-08-26 16:15:04-03","1","2","Cancelado","398.79","4488","575","Calça Feminina  Boot Cut Corcel","Calça Feminina  Boot Cut Corcel","1779","2923","177944","44","8","Calça","1","287.7","28.77","258.93","0","calca-feminina-boot-cut-corcel"
"0012508183455","4488","2025-08-26 16:15:04-03","1","2","Cancelado","398.79","4488","732","Casaco Ted Feminino Rose","Casaco Ted Feminino Rose","1915","3807","1915G","G","39","Outlet","1","155.4","15.54","139.86","0","casaco-ted-feminino-rose"
"0012508337117","4489","2025-08-26 16:23:53-03","3","8","Entregue","378.95","4489","575","Calça Feminina  Boot Cut Corcel","Calça Feminina  Boot Cut Corcel","1779","2923","177944","44","8","Calça","1","287.7","40.84","246.86","0","calca-feminina-boot-cut-corcel"
"0012508337117","4489","2025-08-26 16:23:53-03","3","8","Entregue","378.95","4489","732","Casaco Ted Feminino Rose","Casaco Ted Feminino Rose","1915","3807","1915G","G","39","Outlet","1","155.4","23.31","132.09","0","casaco-ted-feminino-rose"
"0012508361861","4490","2025-08-26 18:35:32-03","1","8","Entregue","168.93","4490","982","Body Feminino Zoe","Body Feminino Zoe","2142","4745","2142G","G","45","Lançamentos","1","187.7","18.77","168.93","0","body-feminino-zoe"
"0012508472146","4491","2025-08-27 00:42:08-03","1","8","Entregue","490.86","4491","942","Casaco Feminino Soft Luma","Casaco Feminino Soft Luma","2096","4581","2096M","M","45","Lançamentos","1","257.7","25.77","231.93","0","casaco-feminino-soft-luma"
"0012508472146","4491","2025-08-27 00:42:08-03","1","8","Entregue","490.86","4491","973","Casaco Feminino Soft Alongado Ayla","Casaco Feminino Soft Alongado Ayla","2097","4700","2097M","M","45","Lançamentos","1","287.7","28.77","258.93","0","casaco-feminino-soft-alongado-ayla-2097"
"0012508373322","4492","2025-08-27 09:25:25-03","3","8","Entregue","0","4492","576","Jaqueta Feminina Maxi Ônix","Jaqueta Feminina Max Ônix","1780","2926","1780M","M","46","Mais Vendidos","1","317.7","0","317.7","0","jaqueta-feminina-max-onix"
"0012508373322","4492","2025-08-27 09:25:25-03","3","8","Entregue","0","4492","982","Body Feminino Zoe","Body Feminino Zoe","2142","4745","2142G","G","45","Lançamentos","1","187.7","0","187.7","0","body-feminino-zoe"
"0012508425218","4493","2025-08-27 09:52:22-03","1","2","Cancelado","625.2","4493","624","Cropped Feminino Mariana","Cropped Feminino Mariana","1811","3198","1811G","G","39","Outlet","1","79.8","0","79.8","0","cropped-feminino-mariana"
"0012508425218","4493","2025-08-27 09:52:22-03","1","2","Cancelado","625.2","4493","729","Calça Feminina Boot Cut Paty","Calça Feminina Boot Cut Paty","1914","3792","191444","44","8","Calça","1","257.7","0","257.7","0","calca-feminina-boot-cut-paty"
"0012508425218","4493","2025-08-27 09:52:22-03","1","2","Cancelado","625.2","4493","968","Casaco Feminino Soft Clara","Casaco Feminino Soft Clara","2124","4679","2124M","M","45","Lançamentos","1","287.7","0","287.7","0","casaco-feminino-soft-clara"
"0012508122622","4494","2025-08-27 11:35:45-03","1","8","Entregue","301.82","4494","576","Jaqueta Feminina Maxi Ônix","Jaqueta Feminina Max Ônix","1780","2927","1780G","G","46","Mais Vendidos","1","317.7","15.88","301.82","0","jaqueta-feminina-max-onix"
"0012508414345","4495","2025-08-27 13:32:39-03","1","8","Entregue","655.2","4495","624","Cropped Feminino Mariana","Cropped Feminino Mariana","1811","3198","1811G","G","39","Outlet","1","79.8","0","79.8","0","cropped-feminino-mariana"
"0012508414345","4495","2025-08-27 13:32:39-03","1","8","Entregue","655.2","4495","968","Casaco Feminino Soft Clara","Casaco Feminino Soft Clara","2124","4680","2124G","G","45","Lançamentos","1","287.7","0","287.7","0","casaco-feminino-soft-clara"
"0012508414345","4495","2025-08-27 13:32:39-03","1","8","Entregue","655.2","4495","575","Calça Feminina  Boot Cut Corcel","Calça Feminina  Boot Cut Corcel","1779","2923","177944","44","8","Calça","1","287.7","0","287.7","0","calca-feminina-boot-cut-corcel"
"0012508566336","4496","2025-08-27 13:39:14-03","1","8","Entregue","257.7","4496","158","Calça Jeans Feminina Boot Cut Cabana","Calça Jeans Feminina Boot Cut Cabana","1186","606","118642","42","46","Mais Vendidos","1","257.7","0","257.7","0","calca-jeans-feminina-boot-cut-cabana"
"0012508796731","4497","2025-08-27 13:49:39-03","1","8","Entregue","615","4497","450","Macacão Feminino Jasmine","Macação Feminino Jasmine","1656","2287","1656GG","GG","39","Outlet","1","79.8","0","79.8","0","macacao-feminino-jasmine"
"0012508796731","4497","2025-08-27 13:49:39-03","1","8","Entregue","615","4497","640","Blusa Feminina Corsel","Blusa Feminina Corsel","1831","3499","1831GG","GG","3","Blusas","1","157.7","0","157.7","0","blusa-feminina-corsel"
"0012508796731","4497","2025-08-27 13:49:39-03","1","8","Entregue","615","4497","580","Blusa Feminina Térmica Feminina CB","Blusa Térmica Feminina CB","1782","2947","1782GG","GG","46","Mais Vendidos","1","99.8","0","99.8","0","blusa-termica-feminina-cb"
"0012508796731","4497","2025-08-27 13:49:39-03","1","8","Entregue","615","4497","894","Vestido Feminino Taís","Vestido Feminino Taís","2052","4398","2052GG","GG","39","Outlet","1","277.7","0","277.7","0","vestido-feminino-tais"
"0012508295475","4498","2025-08-27 18:01:03-03","1","2","Cancelado","258.93","4498","575","Calça Feminina  Boot Cut Corcel","Calça Feminina  Boot Cut Corcel","1779","2919","177936","36","8","Calça","1","287.7","28.77","258.93","0","calca-feminina-boot-cut-corcel"
"0012508658865","4499","2025-08-28 14:38:06-03","3","8","Entregue","0","4499","970","Body Feminino Gateado","Body Feminino Gateado","2117","4688","2117P","P","45","Lançamentos","1","197.7","9.88","187.82","0","body-feminino-gateado-2117"
"0012508658865","4499","2025-08-28 14:38:06-03","3","8","Entregue","0","4499","158","Calça Jeans Feminina Boot Cut Cabana","Calça Jeans Feminina Boot Cut Cabana","1186","602","118634","34","46","Mais Vendidos","1","257.7","12.88","244.82","0","calca-jeans-feminina-boot-cut-cabana"
"0012508658865","4499","2025-08-28 14:38:06-03","3","8","Entregue","0","4499","746","Calça Feminina Cargo Cabana","Calça Feminina Cargo Cabana","1935","3882","1935P","P","39","Outlet","1","159.8","7.99","151.81","0","calca-feminina-cargo-cabana"
"0012508658865","4499","2025-08-28 14:38:06-03","3","8","Entregue","0","4499","292","Calça Feminina Montaria Alice","Calça Feminina Montaria Alice","1537","1407","1537P","P","46","Mais Vendidos","1","209.9","10.49","199.41","0","calca-feminina-montaria-alice"
"0012508538052","4500","2025-08-28 14:44:01-03","1","8","Entregue","97.96","4500","724","Colete Fronteira","Colete Fronteira","1721MARROM","3768","1721MMARROM","M","39","Outlet","1","79.8","0","79.8","18.16","colete-fronteira-1721marrom"
"0012508698660","4501","2025-08-29 00:16:42-03","1","8","Entregue","244.82","4501","729","Calça Feminina Boot Cut Paty","Calça Feminina Boot Cut Paty","1914","3795","191438","38","8","Calça","1","257.7","12.88","244.82","0","calca-feminina-boot-cut-paty"
"0012508874846","4502","2025-08-29 07:54:16-03","3","8","Entregue","0","4502","625","Blusa Feminina Beatriz","Blusa Feminina Beatriz","1840","3204","1840GG","GG","3","Blusas","1","147.7","0","147.7","0","blusa-feminina-beatriz"
"0012508480379","4503","2025-08-29 08:19:22-03","3","8","Entregue","244.82","4503","158","Calça Jeans Feminina Boot Cut Cabana","Calça Jeans Feminina Boot Cut Cabana","1186","604","118638","38","46","Mais Vendidos","1","257.7","12.88","244.82","0","calca-jeans-feminina-boot-cut-cabana"
"0012508352740","4504","2025-08-29 09:59:05-03","3","8","Entregue","0","4504","415","Vestido Feminino Over Victorius","Vestido Feminino Over Victorius","1630","2128","1630MARROMGG","Marrom - GG","39","Outlet","1","99.8","0","99.8","14.7","vestido-feminino-over-victorius"
"0012508974778","4505","2025-08-30 15:32:29-03","1","2","Cancelado","267.7","4505","845","Camisete Feminina Roseli","Camisete Feminina Roseli","1980","4224","1980P","P","45","Lançamentos","1","267.7","0","267.7","0","camisete-feminina-roseli"
"0012508960705","4506","2025-08-30 15:35:04-03","1","8","Entregue","267.7","4506","845","Camisete Feminina Roseli","Camisete Feminina Roseli","1980","4224","1980P","P","45","Lançamentos","1","267.7","0","267.7","0","camisete-feminina-roseli"
"0012509945457","4507","2025-09-01 08:30:03-03","3","8","Entregue","178.32","4507","868","Blusa Feminina Melissa","Blusa Feminina Melissa","2031","4307","2031GG","GG","45","Lançamentos","1","187.7","9.38","178.32","0","blusa-feminina-melissa"
"0012509242207","4508","2025-09-02 11:17:06-03","1","8","Entregue","149.82","4508","586","Body Térmico Feminino Cabana","Body Térmico Feminino Cabana","1785","2998","1785M","M","11","Body","1","157.7","7.88","149.82","0","body-termico-feminino-cabana"
"0012509411948","4509","2025-09-02 12:05:26-03","1","8","Entregue","168.93","4509","982","Body Feminino Zoe","Body Feminino Zoe","2142","4743","2142P","P","45","Lançamentos","1","187.7","18.77","168.93","0","body-feminino-zoe"
"0012509338777","4510","2025-09-02 16:26:04-03","1","8","Entregue","231.93","4510","729","Calça Feminina Boot Cut Paty","Calça Feminina Boot Cut Paty","1914","3796","191436","36","8","Calça","1","257.7","25.77","231.93","0","calca-feminina-boot-cut-paty"
"0012509792734","4511","2025-09-02 17:32:38-03","1","8","Entregue","287.7","4511","575","Calça Feminina  Boot Cut Corcel","Calça Feminina  Boot Cut Corcel","1779","2919","177936","36","8","Calça","1","287.7","0","287.7","0","calca-feminina-boot-cut-corcel"
"0012509565990","4512","2025-09-02 17:44:57-03","1","2","Cancelado","231.93","4512","956","Casaco Feminino Soft Laís","Casaco Feminino Soft Laís","2113","4616","2113M","M","45","Lançamentos","1","257.7","25.77","231.93","0","casaco-soft-lais"
"0012509691329","4513","2025-09-02 19:13:46-03","1","8","Entregue","803.1","4513","588","Calça Jeans Feminina Nobreza Cabana","Calça Jeans Feminina Nobreza Cabana","1808","3020","180842","42","8","Calça","1","257.7","0","257.7","0","calca-jeans-feminina-nobreza-cabana"
"0012509691329","4513","2025-09-02 19:13:46-03","1","8","Entregue","803.1","4513","729","Calça Feminina Boot Cut Paty","Calça Feminina Boot Cut Paty","1914","3793","191442","42","8","Calça","1","257.7","0","257.7","0","calca-feminina-boot-cut-paty"
"0012509691329","4513","2025-09-02 19:13:46-03","1","8","Entregue","803.1","4513","698","Calça Feminina Boot Cut Amazona","Calça Feminina Boot Cut Amazona","1892","3614","189242","42","8","Calça","1","287.7","0","287.7","0","calca-feminina-boot-cut-amazona"
"0012509245425","4514","2025-09-02 21:42:26-03","1","8","Entregue","273.32","4514","575","Calça Feminina  Boot Cut Corcel","Calça Feminina  Boot Cut Corcel","1779","2921","177940","40","8","Calça","1","287.7","14.38","273.32","0","calca-feminina-boot-cut-corcel"
"0012509670055","4515","2025-09-03 06:45:17-03","1","8","Entregue","218.32","4515","891","Colar Feminino Choker Cabana","Colar Feminino Choker Cabana","2064","4389","2064U","Único","31","Colar","1","129.9","6.49","123.41","0","colar-feminino-choker-cabana-unico-2065U"
"0012509670055","4515","2025-09-03 06:45:17-03","1","8","Entregue","218.32","4515","907","Pulseira Feminina Bridão Cabana","Pulseira Feminina Bridão Cabana","2071","4443","2071U","Único","29","Semi-Jóias","1","99.9","4.99","94.91","0","pulseira-feminina-bridao-cabana-2071u"
"0012509929660","4516","2025-09-03 08:59:48-03","3","8","Entregue","330.31","4516","708","Vestido Feminino Gabriella","Vestido Feminino Gabriella","1900","3683","1900G","G","20","Vestido","1","347.7","17.39","330.31","0","vestido-feminino-gabriella"
"0012509184375","4517","2025-09-03 12:42:43-03","1","8","Entregue","287.7","4517","575","Calça Feminina  Boot Cut Corcel","Calça Feminina  Boot Cut Corcel","1779","2923","177944","44","8","Calça","1","287.7","0","287.7","0","calca-feminina-boot-cut-corcel"
"0012509980960","4518","2025-09-03 13:34:52-03","1","8","Entregue","1260.6","4518","911","Colar Feminino Choker Cabana","Colar Feminino Choker Cabana","2073","4457","2073U","Único","31","Colar","1","99.9","0","99.9","0","colar-feminino-choker-cabana-2073u"
"0012509980960","4518","2025-09-03 13:34:52-03","1","8","Entregue","1260.6","4518","316","Body Feminino Realeza","Body Feminino Realeza","1541","1529","1541M","M","45","Lançamentos","1","197.7","0","197.7","0","body-feminino-realeza"
"0012509980960","4518","2025-09-03 13:34:52-03","1","8","Entregue","1260.6","4518","292","Calça Feminina Montaria Alice","Calça Feminina Montaria Alice","1537","1408","1537M","M","46","Mais Vendidos","1","209.9","0","209.9","0","calca-feminina-montaria-alice"
"0012509980960","4518","2025-09-03 13:34:52-03","1","8","Entregue","1260.6","4518","922","Calça Feminina Skinny Délavé Pampa","Calça Feminina Skinny Délavé Pampa","2081","4505","208140","40","8","Calça","1","277.7","0","277.7","0","calca-feminina-skinny-delave-pampa"
"0012509980960","4518","2025-09-03 13:34:52-03","1","8","Entregue","1260.6","4518","853","Calça Feminina Skinny Júlia","Calça Feminina Skinny Júlia","2048","4262","204840","40","8","Calça","1","257.7","0","257.7","0","calca-feminina-skinny-julia"
"0012509980960","4518","2025-09-03 13:34:52-03","1","8","Entregue","1260.6","4518","167","Calça Skinny Feminina Carrossel","Calça Skinny Feminina Carrossel","1151","669","115140","40","8","Calça","1","217.7","0","217.7","0","calca-skinny-feminina-carrossel"
"0012509097186","4519","2025-09-03 13:39:19-03","1","8","Entregue","299.64","4519","625","Blusa Feminina Beatriz","Blusa Feminina Beatriz","1840","3202","1840M","M","3","Blusas","1","147.7","7.38","140.32","0","blusa-feminina-beatriz"
"0012509097186","4519","2025-09-03 13:39:19-03","1","8","Entregue","299.64","4519","978","Regata Feminina Modeladora Zoe","Regata Feminina Modeladora Zoe","2145","4725","2145G","G","45","Lançamentos","1","167.7","8.38","159.32","0","regata-feminina-modeladora-zoe"
"0012509996996","4520","2025-09-03 17:36:12-03","1","8","Entregue","301.82","4520","576","Jaqueta Feminina Maxi Ônix","Jaqueta Feminina Max Ônix","1780","2927","1780G","G","46","Mais Vendidos","1","317.7","15.88","301.82","0","jaqueta-feminina-max-onix"
"0012509887412","4521","2025-09-04 09:22:55-03","1","8","Entregue","257.7","4521","729","Calça Feminina Boot Cut Paty","Calça Feminina Boot Cut Paty","1914","3795","191438","38","8","Calça","1","257.7","0","257.7","0","calca-feminina-boot-cut-paty"
"0012509442316","4522","2025-09-05 10:21:15-03","3","8","Entregue","290","4522","576","Jaqueta Feminina Maxi Ônix","Jaqueta Feminina Max Ônix","1780","2928","1780GG","GG","46","Mais Vendidos","1","317.7","27.7","290","0","jaqueta-feminina-max-onix"
"0012509937476","4523","2025-09-05 13:32:57-03","1","8","Entregue","545.4","4523","158","Calça Jeans Feminina Boot Cut Cabana","Calça Jeans Feminina Boot Cut Cabana","1186","605","118640","40","46","Mais Vendidos","1","257.7","0","257.7","0","calca-jeans-feminina-boot-cut-cabana"
"0012509937476","4523","2025-09-05 13:32:57-03","1","8","Entregue","545.4","4523","698","Calça Feminina Boot Cut Amazona","Calça Feminina Boot Cut Amazona","1892","3614","189242","42","8","Calça","1","287.7","0","287.7","0","calca-feminina-boot-cut-amazona"
"0012509928523","4524","2025-09-05 16:20:03-03","1","8","Entregue","515.4","4524","976","Casaco Feminino Soft Lize","Casaco Feminino Soft Lize","2128","4714","2128M","M","45","Lançamentos","1","257.7","0","257.7","0","casaco-feminino-soft-lize"
"0012509928523","4524","2025-09-05 16:20:03-03","1","8","Entregue","515.4","4524","956","Casaco Feminino Soft Laís","Casaco Feminino Soft Laís","2113","4616","2113M","M","45","Lançamentos","1","257.7","0","257.7","0","casaco-soft-lais"
"0012509241491","4525","2025-09-05 21:44:46-03","1","8","Entregue","231.93","4525","588","Calça Jeans Feminina Nobreza Cabana","Calça Jeans Feminina Nobreza Cabana","1808","3018","180838","38","8","Calça","1","257.7","25.77","231.93","0","calca-jeans-feminina-nobreza-cabana"
"0012509907123","4526","2025-09-06 14:57:51-03","1","7","Transporte","244.82","4526","976","Casaco Feminino Soft Lize","Casaco Feminino Soft Lize","2128","4713","2128P","P","45","Lançamentos","1","257.7","12.88","244.82","0","casaco-feminino-soft-lize"
"0012509009370","4527","2025-09-06 21:04:28-03","1","8","Entregue","139.86","4527","727","Calça Feminina Pezinho Rebeca","Calça Feminina Pezinho Rebeca","1912","3783","1912G","G","39","Outlet","1","155.4","15.54","139.86","0","calca-feminina-pezinho-rebeca"
"0012509434718","4528","2025-09-08 10:34:24-03","1","2","Cancelado","605.4","4528","576","Jaqueta Feminina Maxi Ônix","Jaqueta Feminina Max Ônix","1780","2928","1780GG","GG","46","Mais Vendidos","1","317.7","0","317.7","0","jaqueta-feminina-max-onix"
"0012509434718","4528","2025-09-08 10:34:24-03","1","2","Cancelado","605.4","4528","575","Calça Feminina  Boot Cut Corcel","Calça Feminina  Boot Cut Corcel","1779","2922","177942","42","8","Calça","1","287.7","0","287.7","0","calca-feminina-boot-cut-corcel"
"0012509570815","4529","2025-09-08 10:35:58-03","1","2","Cancelado","605.4","4529","576","Jaqueta Feminina Maxi Ônix","Jaqueta Feminina Max Ônix","1780","2928","1780GG","GG","46","Mais Vendidos","1","317.7","0","317.7","0","jaqueta-feminina-max-onix"
"0012509570815","4529","2025-09-08 10:35:58-03","1","2","Cancelado","605.4","4529","575","Calça Feminina  Boot Cut Corcel","Calça Feminina  Boot Cut Corcel","1779","2922","177942","42","8","Calça","1","287.7","0","287.7","0","calca-feminina-boot-cut-corcel"
"0012509092136","4530","2025-09-08 10:37:58-03","1","8","Entregue","605.4","4530","576","Jaqueta Feminina Maxi Ônix","Jaqueta Feminina Max Ônix","1780","2928","1780GG","GG","46","Mais Vendidos","1","317.7","0","317.7","0","jaqueta-feminina-max-onix"
"0012509092136","4530","2025-09-08 10:37:58-03","1","8","Entregue","605.4","4530","575","Calça Feminina  Boot Cut Corcel","Calça Feminina  Boot Cut Corcel","1779","2922","177942","42","8","Calça","1","287.7","0","287.7","0","calca-feminina-boot-cut-corcel"
"0012509490365","4531","2025-09-08 14:15:42-03","1","8","Entregue","517.86","4531","899","Saia Longa Feminina Sandra","Saia Longa Feminina Sandra","2045","4419","2045M","M","9","Saia","1","277.7","27.77","249.93","0","saia-longa-feminina-sandra"
"0012509490365","4531","2025-09-08 14:15:42-03","1","8","Entregue","517.86","4531","897","Camisete Feminina Sandra","Camisete Feminina Sandra","2044","4413","2044G","G","16","Camisete","1","297.7","29.77","267.93","0","camisete-feminina-sandra"
"0012509822235","4532","2025-09-08 14:17:58-03","3","8","Entregue","0","4532","531","Chemise Feminina Bridão","Chemise Feminina Bridão","1752","2667","1752M","M","46","Mais Vendidos","1","267.7","0","267.7","0","chemise-feminina-bridao"
"0012509822235","4532","2025-09-08 14:17:58-03","3","8","Entregue","0","4532","575","Calça Feminina  Boot Cut Corcel","Calça Feminina  Boot Cut Corcel","1779","2920","177938","38","8","Calça","1","287.7","0","287.7","0","calca-feminina-boot-cut-corcel"
"0012509822235","4532","2025-09-08 14:17:58-03","3","8","Entregue","0","4532","985","T-Shirt Feminina Rodeio","T-Shirt Feminina Rodeio","2138","4754","2138M","M","45","Lançamentos","1","157.7","0","157.7","0","t-shirt-feminina-rodeio"
"0012509578403","4533","2025-09-09 08:00:33-03","1","8","Entregue","107.98","4533","417","Jaqueta Feminina  Beatrix","Jaqueta Feminina Beatrix","1621","2136","1621M","M","39","Outlet","1","99.8","9.98","89.82","18.16","jaqueta-feminina-breatrix"
"0012509030452","4534","2025-09-09 14:26:25-03","1","8","Entregue","157.7","4534","983","Cropped Feminino Zoe","Cropped Feminino Zoe","2143","4750","2143G","G","45","Lançamentos","1","157.7","0","157.7","0","cropped-feminino-zoe"
"0012509439272","4535","2025-09-09 20:10:49-03","1","8","Entregue","187.82","4535","970","Body Feminino Gateado","Body Feminino Gateado","2117","4691","2117GG","GG","45","Lançamentos","1","197.7","9.88","187.82","0","body-feminino-gateado-2117"
"0012509574800","4536","2025-09-10 08:51:31-03","1","8","Entregue","525.3","4536","917","Vestido Feminino Marina","Vestido Feminino Marina","2076","4479","2076GG","GG","20","Vestido","1","267.7","0","267.7","0","vestido-feminino-marina"
"0012509574800","4536","2025-09-10 08:51:31-03","1","8","Entregue","525.3","4536","986","T-Shirt Feminina Diamante","T-Shirt Feminina Diamante","2137","4761","2137GG","GG","45","Lançamentos","1","157.7","0","157.7","0","t-shirt-feminina-diamante"
"0012509574800","4536","2025-09-10 08:51:31-03","1","8","Entregue","525.3","4536","875","Colar Feminino Choker Cabana","Colar Feminino Choker Cabana","2034","4341","2034U","Único","31","Colar","1","99.9","0","99.9","0","colar-feminino-choker-cabana-unico-2034U"
"0012509078311","4537","2025-09-10 12:40:13-03","1","8","Entregue","218.32","4537","911","Colar Feminino Choker Cabana","Colar Feminino Choker Cabana","2073","4457","2073U","Único","31","Colar","1","99.9","4.99","94.91","0","colar-feminino-choker-cabana-2073u"
"0012509078311","4537","2025-09-10 12:40:13-03","1","8","Entregue","218.32","4537","891","Colar Feminino Choker Cabana","Colar Feminino Choker Cabana","2064","4389","2064U","Único","31","Colar","1","129.9","6.49","123.41","0","colar-feminino-choker-cabana-unico-2065U"
"0012509568137","4538","2025-09-10 14:01:06-03","3","8","Entregue","0","4538","575","Calça Feminina  Boot Cut Corcel","Calça Feminina  Boot Cut Corcel","1779","2921","177940","40","8","Calça","1","287.7","0","287.7","59.88","calca-feminina-boot-cut-corcel"
"0012509929435","4539","2025-09-10 15:15:50-03","3","8","Entregue","199.41","4539","292","Calça Feminina Montaria Alice","Calça Feminina Montaria Alice","1537","1408","1537M","M","46","Mais Vendidos","1","209.9","10.49","199.41","0","calca-feminina-montaria-alice"
"0012509596806","4540","2025-09-10 16:17:52-03","1","2","Cancelado","257.7","4540","729","Calça Feminina Boot Cut Paty","Calça Feminina Boot Cut Paty","1914","3797","191434","34","8","Calça","1","257.7","0","257.7","0","calca-feminina-boot-cut-paty"
"0012509523643","4541","2025-09-10 16:19:30-03","1","8","Entregue","257.7","4541","729","Calça Feminina Boot Cut Paty","Calça Feminina Boot Cut Paty","1914","3797","191434","34","8","Calça","1","257.7","0","257.7","0","calca-feminina-boot-cut-paty"
"0012509973797","4542","2025-09-10 17:50:52-03","1","8","Entregue","258.93","4542","575","Calça Feminina  Boot Cut Corcel","Calça Feminina  Boot Cut Corcel","1779","2923","177944","44","8","Calça","1","287.7","28.77","258.93","0","calca-feminina-boot-cut-corcel"
"0012509818916","4543","2025-09-11 10:09:46-03","1","8","Entregue","257.7","4543","158","Calça Jeans Feminina Boot Cut Cabana","Calça Jeans Feminina Boot Cut Cabana","1186","605","118640","40","46","Mais Vendidos","1","257.7","0","257.7","0","calca-jeans-feminina-boot-cut-cabana"
"0012509608891","4544","2025-09-11 10:58:37-03","1","8","Entregue","157.7","4544","987","Blusa Feminina Zoe","Blusa Feminina Zoe","2146","4766","2146GG","GG","45","Lançamentos","1","157.7","0","157.7","0","blusa-feminina-zoe"
"0012509714823","4545","2025-09-11 11:43:50-03","1","8","Entregue","249.93","4545","922","Calça Feminina Skinny Délavé Pampa","Calça Feminina Skinny Délavé Pampa","2081","4507","208136","36","8","Calça","1","277.7","27.77","249.93","0","calca-feminina-skinny-delave-pampa"
"0012509716821","4546","2025-09-11 13:08:07-03","1","8","Entregue","257.7","4546","729","Calça Feminina Boot Cut Paty","Calça Feminina Boot Cut Paty","1914","3793","191442","42","8","Calça","1","257.7","0","257.7","0","calca-feminina-boot-cut-paty"
"0012509062497","4547","2025-09-12 16:03:33-03","1","2","Cancelado","515.4","4547","168","Calça Jeans Feminina Boot Cut Morgan ","Calça Jeans Feminina Boot Cut Morgan ","1260","674","126036","36","8","Calça","1","257.7","0","257.7","0","calca-jeans-feminina-boot-cut-morgan"
"0012509062497","4547","2025-09-12 16:03:33-03","1","2","Cancelado","515.4","4547","570","Casaco Feminino Soft Cute","Casaco Feminino soft cute","1756","2899","1756MPRETO","Preto - M","13","Jaqueta","1","257.7","0","257.7","0","casaco-feminino-soft-cute-1756"
"0012509282694","4548","2025-09-12 16:04:22-03","1","8","Entregue","489.64","4548","168","Calça Jeans Feminina Boot Cut Morgan ","Calça Jeans Feminina Boot Cut Morgan ","1260","674","126036","36","8","Calça","1","257.7","12.88","244.82","0","calca-jeans-feminina-boot-cut-morgan"
"0012509282694","4548","2025-09-12 16:04:22-03","1","8","Entregue","489.64","4548","570","Casaco Feminino Soft Cute","Casaco Feminino soft cute","1756","2899","1756MPRETO","Preto - M","13","Jaqueta","1","257.7","12.88","244.82","0","casaco-feminino-soft-cute-1756"
"0012509189959","4549","2025-09-15 08:21:06-03","3","8","Entregue","0","4549","576","Jaqueta Feminina Maxi Ônix","Jaqueta Feminina Max Ônix","1780","2927","1780G","G","46","Mais Vendidos","1","317.7","0","317.7","0","jaqueta-feminina-max-onix"
"0012509101294","4550","2025-09-15 15:34:10-03","3","8","Entregue","0","4550","663","Vestido Feminino Angélica","Vestido Feminino Angélica","1853","3421","1853P","P","39","Outlet","1","199.8","0","199.8","0","vestido-feminino-angelica"
"0012509373705","4551","2025-09-16 16:08:32-03","1","8","Entregue","199.8","4551","842","Vestido Feminino Mari","Vestido Feminino Mari","2007","4209","2007P","P","39","Outlet","1","199.8","0","199.8","0","vestido-feminino-mari"
"0012509571283","4552","2025-09-17 12:44:46-03","3","8","Entregue","285.93","4552","576","Jaqueta Feminina Maxi Ônix","Jaqueta Feminina Max Ônix","1780","2925","1780P","P","46","Mais Vendidos","1","317.7","31.77","285.93","0","jaqueta-feminina-max-onix"
"0012509274908","4553","2025-09-17 14:35:42-03","3","8","Entregue","0","4553","575","Calça Feminina  Boot Cut Corcel","Calça Feminina  Boot Cut Corcel","1779","2923","177944","44","8","Calça","1","287.7","0","287.7","0","calca-feminina-boot-cut-corcel"
"0012509903677","4554","2025-09-18 12:46:21-03","1","8","Entregue","298.1","4554","853","Calça Feminina Skinny Júlia","Calça Feminina Skinny Júlia","2048","4261","204842","42","8","Calça","1","257.7","12.88","244.82","53.28","calca-feminina-skinny-julia"
"0012509868092","4555","2025-09-18 13:29:46-03","1","8","Entregue","235.32","4555","297","Camisete Realeza","Camisete Realeza","1524","1432","1524M","M","16","Camisete","1","247.7","12.38","235.32","0","camisete-realeza"
"0012509411775","4556","2025-09-18 15:52:34-03","3","8","Entregue","0","4556","158","Calça Jeans Feminina Boot Cut Cabana","Calça Jeans Feminina Boot Cut Cabana","1186","602","118634","34","46","Mais Vendidos","1","257.7","0","257.7","0","calca-jeans-feminina-boot-cut-cabana"
"0012509129448","4557","2025-09-18 16:21:39-03","3","8","Entregue","199.8","4557","846","Vestido Feminino Vanessa ","Vestido Feminino Vanessa ","2008","4228","2008M","M","39","Outlet","1","199.8","0","199.8","0","vestido-feminino-vanessa"
"0012509589356","4558","2025-09-19 10:01:24-03","3","8","Entregue","0","4558","847","Vestido Feminino Suzy","Vestido Feminino Suzy","2023","4234","2023P","P","39","Outlet","1","199.8","44.4","155.4","0","vestido-feminino-suzy"
"0012509443739","4559","2025-09-19 22:19:53-03","1","2","Cancelado","159.32","4559","978","Regata Feminina Modeladora Zoe","Regata Feminina Modeladora Zoe","2145","4726","2145GG","GG","45","Lançamentos","1","167.7","8.38","159.32","0","regata-feminina-modeladora-zoe"
"0012509952320","4560","2025-09-22 16:28:26-03","3","8","Entregue","227.62","4560","672","Vestido Feminino  Love Horses","Vestido Feminino Love Horses","1865","3482","1865GGPINK","Pink - GG","39","Outlet","1","99.8","4.99","94.81","0","vestido-feminino-love-horses"
"0012509952320","4560","2025-09-22 16:28:26-03","3","8","Entregue","227.62","4560","848","Vestido Feminino Victória","Vestido Feminino Victória","2046","4236","2046GG","GG","39","Outlet","1","139.8","6.99","132.81","0","vestido-feminino-victoria"
"0012509642008","4561","2025-09-23 11:42:14-03","3","8","Entregue","59.8","4561","990","Passador de Lenço Bridão Cabana","Passador de Lenço Bridão Cabana","2155","4778","2155U","Único","45","Lançamentos","1","59.8","0","59.8","0","passador-de-lenco-bridao-cabana"
"0012509328535","4562","2025-09-23 12:01:18-03","3","8","Entregue","0","4562","709","Blusa Feminina Sofhia","Blusa Feminina Sofhia","1874","3685","1874P","P","39","Outlet","1","87.7","4.38","83.32","0","blusa-feminina-sofhia"
"0012509328535","4562","2025-09-23 12:01:18-03","3","8","Entregue","0","4562","740","Vestido Feminino Midi Núbia","Vestido Midi Feminino Núbia","1925","3850","1925M","M","39","Outlet","1","199.8","9.99","189.81","0","vestido-feminino-midi-nubia"
"0012509481040","4563","2025-09-23 12:29:03-03","3","8","Entregue","0","4563","938","Lenço Feminino Cabana 67x68","Lenço Feminino Cabana 67x68","2102","4571","2102U","Único","45","Lançamentos","1","79.9","20.1","59.8","0","lenco-feminino-cabana-2102u"
"0012509481040","4563","2025-09-23 12:29:03-03","3","8","Entregue","0","4563","450","Macacão Feminino Jasmine","Macação Feminino Jasmine","1656","2286","1656G","G","39","Outlet","1","79.8","0","79.8","0","macacao-feminino-jasmine"
"0012509481040","4563","2025-09-23 12:29:03-03","3","8","Entregue","0","4563","990","Passador de Lenço Bridão Cabana","Passador de Lenço Bridão Cabana","2155","4778","2155U","Único","45","Lançamentos","1","59.8","0","59.8","0","passador-de-lenco-bridao-cabana"
"0012509481040","4563","2025-09-23 12:29:03-03","3","8","Entregue","0","4563","990","Passador de Lenço Bridão Cabana","Passador de Lenço Bridão Cabana","2155","4778","2155U","Único","45","Lançamentos","1","59.8","0","59.8","0","passador-de-lenco-bridao-cabana"
"0012509143832","4564","2025-09-23 15:47:51-03","1","8","Entregue","517.95","4564","580","Blusa Feminina Térmica Feminina CB","Blusa Térmica Feminina CB","1782","2947","1782GG","GG","46","Mais Vendidos","1","99.8","4.99","94.81","0","blusa-termica-feminina-cb"
"0012509143832","4564","2025-09-23 15:47:51-03","1","8","Entregue","517.95","4564","586","Body Térmico Feminino Cabana","Body Térmico Feminino Cabana","1785","3000","1785GG","GG","11","Body","1","157.7","7.88","149.82","0","body-termico-feminino-cabana"
"0012509143832","4564","2025-09-23 15:47:51-03","1","8","Entregue","517.95","4564","973","Casaco Feminino Soft Alongado Ayla","Casaco Feminino Soft Alongado Ayla","2097","4698","2097GG","GG","45","Lançamentos","1","287.7","14.38","273.32","0","casaco-feminino-soft-alongado-ayla-2097"
"0012509818011","4565","2025-09-24 09:28:06-03","3","8","Entregue","199.8","4565","663","Vestido Feminino Angélica","Vestido Feminino Angélica","1853","3421","1853P","P","39","Outlet","1","199.8","0","199.8","0","vestido-feminino-angelica"
"0012509604727","4566","2025-09-24 10:00:01-03","1","8","Entregue","179.73","4566","759","Colete Feminino Paula","Colete Feminino Paula","1932","3929","1932M","M","39","Outlet","1","119.9","11.99","107.91","0","colete-feminino-paula"
"0012509604727","4566","2025-09-24 10:00:01-03","1","8","Entregue","179.73","4566","556","Regata  Feminina Tropilha","Regata  Feminina Tropilha","1709","2798","1709P","P","39","Outlet","1","79.8","7.98","71.82","0","regata-tropilha"
"0012509926019","4567","2025-09-24 11:01:41-03","1","8","Entregue","702.9","4567","983","Cropped Feminino Zoe","Cropped Feminino Zoe","2143","4751","2143GG","GG","45","Lançamentos","1","157.7","0","157.7","0","cropped-feminino-zoe"
"0012509926019","4567","2025-09-24 11:01:41-03","1","8","Entregue","702.9","4567","724","Colete Fronteira","Colete Fronteira","1721MARROM","3770","1721GGMARROM","GG","39","Outlet","1","79.8","0","79.8","0","colete-fronteira-1721marrom"
"0012509926019","4567","2025-09-24 11:01:41-03","1","8","Entregue","702.9","4567","867","Saia Feminina Melissa","Saia Feminina Melissa","2030","4302","2030GG","GG","45","Lançamentos","1","277.7","0","277.7","0","saia-feminina-melissa"
"0012509926019","4567","2025-09-24 11:01:41-03","1","8","Entregue","702.9","4567","868","Blusa Feminina Melissa","Blusa Feminina Melissa","2031","4307","2031GG","GG","45","Lançamentos","1","187.7","0","187.7","0","blusa-feminina-melissa"
"0012509406761","4568","2025-09-24 11:54:48-03","3","8","Entregue","199.8","4568","641","Vestido Feminino Amanda","Vestido Feminino Amanda","1833","3284","1833M","M","39","Outlet","1","199.8","0","199.8","0","vestido-feminino-amanda"
"0012509950533","4569","2025-09-24 15:37:08-03","3","8","Entregue","70","4569","990","Passador de Lenço Bridão Cabana","Passador de Lenço Bridão Cabana","2155","4778","2155U","Único","45","Lançamentos","1","59.8","7.96","51.84","18.16","passador-de-lenco-bridao-cabana"
"0012509560438","4570","2025-09-24 17:00:12-03","3","2","Cancelado","77.96","4570","990","Passador de Lenço Bridão Cabana","Passador de Lenço Bridão Cabana","2155","4778","2155U","Único","45","Lançamentos","1","59.8","0","59.8","18.16","passador-de-lenco-bridao-cabana"
"0012509168534","4571","2025-09-25 14:46:28-03","3","8","Entregue","0","4571","890","Vestido Moletom Feminino Rafaela","Vestido Moletom Feminino Rafaela","2053","4386","2053M","M","39","Outlet","1","179.8","0","179.8","0","vestido-moletom-feminino-rafaela"
"0012509168534","4571","2025-09-25 14:46:28-03","3","8","Entregue","0","4571","351","Regata Feminina Amanhecer","Regata Feminina Amanhecer","1580","1738","1580M","M","1","Feminino","1","79.8","0","79.8","0","regata-feminina-amanhecer"
"0012509954519","4572","2025-09-26 07:52:16-03","1","8","Entregue","298.1","4572","158","Calça Jeans Feminina Boot Cut Cabana","Calça Jeans Feminina Boot Cut Cabana","1186","606","118642","42","46","Mais Vendidos","1","257.7","12.88","244.82","53.28","calca-jeans-feminina-boot-cut-cabana"
"0012509094789","4573","2025-09-26 12:56:38-03","1","8","Entregue","244.82","4573","168","Calça Jeans Feminina Boot Cut Morgan ","Calça Jeans Feminina Boot Cut Morgan ","1260","676","126040","40","8","Calça","1","257.7","12.88","244.82","0","calca-jeans-feminina-boot-cut-morgan"
"0012509338178","4574","2025-09-26 21:21:57-03","1","8","Entregue","287.7","4574","575","Calça Feminina  Boot Cut Corcel","Calça Feminina  Boot Cut Corcel","1779","2921","177940","40","8","Calça","1","287.7","0","287.7","0","calca-feminina-boot-cut-corcel"
"0012509829224","4575","2025-09-27 17:05:16-03","1","8","Entregue","265.62","4575","687","Top  Feminino Renata","Top Feminino Renata","1884","3558","1884P","P","39","Outlet","1","79.8","3.99","75.81","0","top-renata"
"0012509829224","4575","2025-09-27 17:05:16-03","1","8","Entregue","265.62","4575","632","Vestido Feminino Aline","Vestido Feminino Aline","1803","3236","1803P","P","39","Outlet","1","199.8","9.99","189.81","0","vestido-feminino-aline"
"0012509126545","4576","2025-09-29 15:03:40-03","3","8","Entregue","0","4576","239","Boné Cabana","Boné Cabana","1468","3821","1468Telha","Telha","28","Bonés","1","79.8","0","79.8","0","bone-cabana"
"0012509126545","4576","2025-09-29 15:03:40-03","3","8","Entregue","0","4576","504","Cropped Feminino Realeza","Cropped Feminino Realeza","1712","2546","1712M","M","10","Regata","1","157.7","157.5","0.2","0","cropped-feminino-realeza"
"0012509252589","4577","2025-09-29 15:18:22-03","3","8","Entregue","615.02","4577","658","Calça Feminina Boot Cut Júlia","Calça Feminina Boot Cut Júlia","1860","3393","186042","42","8","Calça","1","287.7","14.38","273.32","0","calca-feminina-boot-cut-julia"
"0012509252589","4577","2025-09-29 15:18:22-03","3","8","Entregue","615.02","4577","217","Pulseira Bridão Cabana","Pulseira Bridão Cabana","2126","1040","212619","19 cm","29","Semi-Jóias","1","99.9","5","94.9","0","pulseira-bridao-cabana"
"0012509252589","4577","2025-09-29 15:18:22-03","3","8","Entregue","615.02","4577","793","Colar Feminino Ellos Cabana","Colar Feminino Ellos Cabana","1972","4038","1972U","Único","31","Colar","1","129.9","6.5","123.4","0","colar-feminino-ellos-cabana-1972"
"0012509252589","4577","2025-09-29 15:18:22-03","3","8","Entregue","615.02","4577","791","Colar Feminino Ellos Cabana","Colar Feminino Ellos Cabana","1970","4034","1970U","Único","31","Colar","1","129.9","6.5","123.4","0","colar-feminino-ellos-cabana-1970"
"0012509183455","4578","2025-09-29 15:27:29-03","3","8","Entregue","273.12","4578","868","Blusa Feminina Melissa","Blusa Feminina Melissa","2031","4307","2031GG","GG","45","Lançamentos","1","187.7","9.39","178.31","0","blusa-feminina-melissa"
"0012509183455","4578","2025-09-29 15:27:29-03","3","8","Entregue","273.12","4578","417","Jaqueta Feminina  Beatrix","Jaqueta Feminina Beatrix","1621","2137","1621G","G","39","Outlet","1","99.8","4.99","94.81","0","jaqueta-feminina-breatrix"
"0012509337117","4579","2025-09-29 19:19:59-03","1","2","Cancelado","189.81","4579","807","Vestido Feminino Realeza ","Vestido Feminino Realeza ","1990","4090","1990GG","GG","39","Outlet","1","199.8","9.99","189.81","0","vestido-feminino-realeza"
"0012509361861","4580","2025-09-30 08:33:35-03","3","8","Entregue","0","4580","576","Jaqueta Feminina Maxi Ônix","Jaqueta Feminina Max Ônix","1780","2925","1780P","P","46","Mais Vendidos","1","317.7","0","317.7","0","jaqueta-feminina-max-onix"
"0012509472146","4581","2025-09-30 10:38:27-03","1","17","Devolvido","562.5","4581","894","Vestido Feminino Taís","Vestido Feminino Taís","2052","4401","20552P","P","39","Outlet","1","179.8","17.98","161.82","0","vestido-feminino-tais"
"0012509472146","4581","2025-09-30 10:38:27-03","1","17","Devolvido","562.5","4581","841","Vestido Feminino Letícia","Vestido Feminino Letícia","1982","4204","1982P","P","39","Outlet","1","155.4","15.54","139.86","0","vestido-feminino-leticia"
"0012509472146","4581","2025-09-30 10:38:27-03","1","17","Devolvido","562.5","4581","887","Colete Feminino Lara","Colete Feminino Lara","2029","4374","2029M","M","45","Lançamentos","1","169.9","16.99","152.91","0","colete-feminino-lara"
"0012509472146","4581","2025-09-30 10:38:27-03","1","17","Devolvido","562.5","4581","809","Colete Feminino Lia","Colete Feminino Lia","1985","4101","1985G","G","39","Outlet","1","119.9","11.99","107.91","0","colete-feminino-lia"
"0012509373322","4582","2025-09-30 16:02:47-03","1","2","Cancelado","325.4","4582","504","Cropped Feminino Realeza","Cropped Feminino Realeza","1712","2546","1712M","M","10","Regata","1","157.7","0","157.7","0","cropped-feminino-realeza"
"0012509373322","4582","2025-09-30 16:02:47-03","1","2","Cancelado","325.4","4582","619","Regata Feminina Modeladora Luna","Regata Feminina Modeladora Luna","1805","3170","1805M","M","48","Verão 2024","1","167.7","0","167.7","0","regata-modeladora-luna"
"0012509425218","4583","2025-09-30 16:05:58-03","1","8","Entregue","325.4","4583","504","Cropped Feminino Realeza","Cropped Feminino Realeza","1712","2546","1712M","M","10","Regata","1","157.7","0","157.7","0","cropped-feminino-realeza"
"0012509425218","4583","2025-09-30 16:05:58-03","1","8","Entregue","325.4","4583","619","Regata Feminina Modeladora Luna","Regata Feminina Modeladora Luna","1805","3170","1805M","M","48","Verão 2024","1","167.7","0","167.7","0","regata-modeladora-luna"
"0012509122622","4584","2025-09-30 19:26:10-03","1","8","Entregue","247.7","4584","244","Camisete Feminina Gateado","Camisete Feminina Gateado","1498","1247","1498GG","GG","46","Mais Vendidos","1","247.7","0","247.7","0","camisete-feminina-gateado"
"0012510945457","4585","2025-10-01 13:47:19-03","3","8","Entregue","0","4585","869","Vestido Feminino Rosana","Vestido Feminino Rosana","2056","4313","2056G","G","20","Vestido","1","347.7","17.38","330.32","0","vestido-feminino-rosana"
"0012510242207","4586","2025-10-01 23:33:30-03","1","8","Entregue","159.32","4586","758","Regata Modeladora Núbia","Regata Modeladora Núbia","1942","3924","1942M","M","6","Manga curta","1","167.7","8.38","159.32","0","regata-modeladora-nubia"
"0012510411948","4587","2025-10-02 07:58:55-03","1","8","Entregue","489.64","4587","168","Calça Jeans Feminina Boot Cut Morgan ","Calça Jeans Feminina Boot Cut Morgan ","1260","677","126042","42","8","Calça","1","257.7","12.88","244.82","0","calca-jeans-feminina-boot-cut-morgan"
"0012510411948","4587","2025-10-02 07:58:55-03","1","8","Entregue","489.64","4587","588","Calça Jeans Feminina Nobreza Cabana","Calça Jeans Feminina Nobreza Cabana","1808","3020","180842","42","8","Calça","1","257.7","12.88","244.82","0","calca-jeans-feminina-nobreza-cabana"
"0012510338777","4588","2025-10-02 14:52:17-03","3","8","Entregue","0","4588","575","Calça Feminina  Boot Cut Corcel","Calça Feminina  Boot Cut Corcel","1779","2919","177936","36","8","Calça","1","287.7","86.31","201.39","0","calca-feminina-boot-cut-corcel"
"0012510338777","4588","2025-10-02 14:52:17-03","3","8","Entregue","0","4588","990","Passador de Lenço Bridão Cabana","Passador de Lenço Bridão Cabana","2155","4778","2155U","Único","45","Lançamentos","1","59.8","17.94","41.86","0","passador-de-lenco-bridao-cabana"
"0012510792734","4589","2025-10-02 15:02:45-03","3","8","Entregue","273.32","4589","575","Calça Feminina  Boot Cut Corcel","Calça Feminina  Boot Cut Corcel","1779","4300","177934","34","8","Calça","1","287.7","14.38","273.32","0","calca-feminina-boot-cut-corcel"
"0012510565990","4590","2025-10-02 16:56:45-03","1","8","Entregue","537.14","4590","922","Calça Feminina Skinny Délavé Pampa","Calça Feminina Skinny Délavé Pampa","2081","4504","208142","42","8","Calça","1","277.7","13.88","263.82","0","calca-feminina-skinny-delave-pampa"
"0012510565990","4590","2025-10-02 16:56:45-03","1","8","Entregue","537.14","4590","575","Calça Feminina  Boot Cut Corcel","Calça Feminina  Boot Cut Corcel","1779","2922","177942","42","8","Calça","1","287.7","14.38","273.32","0","calca-feminina-boot-cut-corcel"
"0012510691329","4591","2025-10-03 08:45:23-03","3","8","Entregue","0","4591","575","Calça Feminina  Boot Cut Corcel","Calça Feminina  Boot Cut Corcel","1779","2921","177940","40","8","Calça","1","287.7","30","257.7","0","calca-feminina-boot-cut-corcel"
"0012510691329","4591","2025-10-03 08:45:23-03","3","8","Entregue","0","4591","575","Calça Feminina  Boot Cut Corcel","Calça Feminina  Boot Cut Corcel","1779","4300","177934","34","8","Calça","1","287.7","0","287.7","0","calca-feminina-boot-cut-corcel"
"0012510245425","4592","2025-10-03 11:58:56-03","3","8","Entregue","273.32","4592","575","Calça Feminina  Boot Cut Corcel","Calça Feminina  Boot Cut Corcel","1779","2921","177940","40","8","Calça","1","287.7","14.38","273.32","0","calca-feminina-boot-cut-corcel"
"0012510670055","4593","2025-10-03 13:31:47-03","3","8","Entregue","563.46","4593","244","Camisete Feminina Gateado","Camisete Feminina Gateado","1498","1245","1498M","M","46","Mais Vendidos","1","247.7","12.38","235.32","0","camisete-feminina-gateado"
"0012510670055","4593","2025-10-03 13:31:47-03","3","8","Entregue","563.46","4593","927","Body Feminino Juliana","Body Feminino Juliana","2086","4529","2086M","M","45","Lançamentos","1","197.7","9.88","187.82","0","body-feminino-juliana"
"0012510670055","4593","2025-10-03 13:31:47-03","3","8","Entregue","563.46","4593","173","Blusa Feminina Neblina","Blusa Feminina Neblina","1127","717","1127M","M","1","Feminino","1","147.7","7.38","140.32","0","blusa-feminina-neblina"
"0012510929660","4594","2025-10-03 15:01:22-03","3","8","Entregue","0","4594","225","T-Shirt Feminina Andaluz","T-Shirt Feminina Andaluz","1086","1073","1086M","M","6","Manga curta","1","147.7","108.85","38.85","0","t-shirt-feminina-andaluz"
"0012510929660","4594","2025-10-03 15:01:22-03","3","8","Entregue","0","4594","983","Cropped Feminino Zoe","Cropped Feminino Zoe","2143","4749","2143M","M","45","Lançamentos","1","157.7","108.85","48.85","0","cropped-feminino-zoe"
"0012510184375","4595","2025-10-03 15:17:22-03","3","8","Entregue","0","4595","575","Calça Feminina  Boot Cut Corcel","Calça Feminina  Boot Cut Corcel","1779","2921","177940","40","8","Calça","1","287.7","0","287.7","0","calca-feminina-boot-cut-corcel"
"0012510980960","4596","2025-10-04 12:15:03-03","1","8","Entregue","337.64","4596","970","Body Feminino Gateado","Body Feminino Gateado","2117","4691","2117GG","GG","45","Lançamentos","1","197.7","9.88","187.82","0","body-feminino-gateado-2117"
"0012510980960","4596","2025-10-04 12:15:03-03","1","8","Entregue","337.64","4596","586","Body Térmico Feminino Cabana","Body Térmico Feminino Cabana","1785","3000","1785GG","GG","11","Body","1","157.7","7.88","149.82","0","body-termico-feminino-cabana"
"0012510097186","4597","2025-10-05 20:49:31-03","1","8","Entregue","257.7","4597","976","Casaco Feminino Soft Lize","Casaco Feminino Soft Lize","2128","4714","2128M","M","45","Lançamentos","1","257.7","0","257.7","0","casaco-feminino-soft-lize"
"0012510996996","4598","2025-10-06 08:57:32-03","3","8","Entregue","258.93","4598","575","Calça Feminina  Boot Cut Corcel","Calça Feminina  Boot Cut Corcel","1779","2922","177942","42","8","Calça","1","287.7","28.77","258.93","0","calca-feminina-boot-cut-corcel"
"0012510887412","4599","2025-10-06 17:19:29-03","3","8","Entregue","139.99","4599","790","Colar Feminino Ellos Cabana","Colar Feminino Ellos Cabana","1969","4032","1969U","Único","31","Colar","1","129.9","6.5","123.4","16.59","colar-feminino-ellos-cabana-unico-1969"
"0012510442316","4600","2025-10-07 08:21:22-03","3","8","Entregue","0","4600","575","Calça Feminina  Boot Cut Corcel","Calça Feminina  Boot Cut Corcel","1779","2920","177938","38","8","Calça","1","287.7","0","287.7","0","calca-feminina-boot-cut-corcel"
"0012510937476","4601","2025-10-07 10:34:31-03","3","8","Entregue","280.64","4601","981","Blusa Feminina Suzy","Blusa Feminina Suzy","2140","4738","2140P","P","1","Feminino","1","147.7","7.38","140.32","0","blusa-feminina-suzy"
"0012510937476","4601","2025-10-07 10:34:31-03","3","8","Entregue","280.64","4601","535","Blusa Feminina Falabella","Blusa Feminina Falabella","1740","2686","1740P","P","6","Manga curta","1","147.7","7.38","140.32","0","blusa-feminina-falabella"
"0012510928523","4602","2025-10-07 10:40:03-03","1","8","Entregue","231.93","4602","168","Calça Jeans Feminina Boot Cut Morgan ","Calça Jeans Feminina Boot Cut Morgan ","1260","673","126034","34","8","Calça","1","257.7","25.77","231.93","0","calca-jeans-feminina-boot-cut-morgan"
"0012510241491","4603","2025-10-07 20:42:37-03","1","7","Transporte","287.7","4603","575","Calça Feminina  Boot Cut Corcel","Calça Feminina  Boot Cut Corcel","1779","2920","177938","38","8","Calça","1","287.7","0","287.7","0","calca-feminina-boot-cut-corcel"
"0012510907123","4604","2025-10-08 09:37:21-03","3","8","Entregue","0","4604","575","Calça Feminina  Boot Cut Corcel","Calça Feminina  Boot Cut Corcel","1779","2920","177938","38","8","Calça","1","287.7","0","287.7","0","calca-feminina-boot-cut-corcel"
"0012510907123","4604","2025-10-08 09:37:21-03","3","8","Entregue","0","4604","986","T-Shirt Feminina Diamante","T-Shirt Feminina Diamante","2137","4758","2137P","P","45","Lançamentos","1","157.7","0","157.7","0","t-shirt-feminina-diamante"
"0012510009370","4605","2025-10-08 13:06:39-03","1","8","Entregue","614.79","4605","908","Cropped Feminino Manuela","Cropped Feminino Manuela","2040","4446","2040G","G","6","Manga curta","1","137.7","13.77","123.93","0","cropped-feminino-manuela"
"0012510009370","4605","2025-10-08 13:06:39-03","1","8","Entregue","614.79","4605","1021","Óculos Cabana Alice","Óculos Cabana Alice","2188","4838","2188U","Único","7","Acessórios","1","287.7","28.77","258.93","0","oculos-cabana-alice"
"0012510009370","4605","2025-10-08 13:06:39-03","1","8","Entregue","614.79","4605","853","Calça Feminina Skinny Júlia","Calça Feminina Skinny Júlia","2048","4260","204844","44","8","Calça","1","257.7","25.77","231.93","0","calca-feminina-skinny-julia"
"0012510434718","4606","2025-10-08 13:21:20-03","3","8","Entregue","225.62","4606","504","Cropped Feminino Realeza","Cropped Feminino Realeza","1712","2546","1712M","M","10","Regata","1","157.7","7.89","149.81","0","cropped-feminino-realeza"
"0012510434718","4606","2025-10-08 13:21:20-03","3","8","Entregue","225.62","4606","688","Top Feminino Alice","Top Feminino Alice","1885","3566","1885GG","GG","39","Outlet","1","79.8","3.99","75.81","0","top-feminino-alice"
"0012510570815","4607","2025-10-08 18:47:14-03","1","8","Entregue","219.05","4607","853","Calça Feminina Skinny Júlia","Calça Feminina Skinny Júlia","2048","4265","204834","34","8","Calça","1","257.7","38.65","219.05","0","calca-feminina-skinny-julia"
"0012510092136","4608","2025-10-09 09:28:59-03","1","7","Transporte","258.93","4608","575","Calça Feminina  Boot Cut Corcel","Calça Feminina  Boot Cut Corcel","1779","2921","177940","40","8","Calça","1","287.7","28.77","258.93","0","calca-feminina-boot-cut-corcel"
"0012510490365","4609","2025-10-10 11:12:50-03","3","8","Entregue","149.82","4609","987","Blusa Feminina Zoe","Blusa Feminina Zoe","2146","4766","2146GG","GG","45","Lançamentos","1","157.7","7.88","149.82","0","blusa-feminina-zoe"
"0012510822235","4610","2025-10-10 22:41:21-03","1","8","Entregue","273.32","4610","575","Calça Feminina  Boot Cut Corcel","Calça Feminina  Boot Cut Corcel","1779","2920","177938","38","8","Calça","1","287.7","14.38","273.32","0","calca-feminina-boot-cut-corcel"
"0012510578403","4611","2025-10-12 18:46:52-03","1","7","Transporte","82.55","4611","990","Passador de Lenço Bridão Cabana","Passador de Lenço Bridão Cabana","2155","4778","2155U","Único","45","Lançamentos","1","59.8","8.97","50.83","31.72","passador-de-lenco-bridao-cabana"
"0012510030452","4612","2025-10-13 09:02:16-03","3","8","Entregue","0","4612","168","Calça Jeans Feminina Boot Cut Morgan ","Calça Jeans Feminina Boot Cut Morgan ","1260","675","126038","38","8","Calça","1","257.7","12.88","244.82","0","calca-jeans-feminina-boot-cut-morgan"
"0012510439272","4613","2025-10-13 12:40:58-03","3","8","Entregue","149.82","4613","1027","T-Shirt Feminina Liz","T-Shirt Feminina Liz","2161","4860","2161M","M","45","Lançamentos","1","157.7","7.88","149.82","0","t-shirt-feminina-liz"
"0012510574800","4614","2025-10-13 16:59:07-03","3","8","Entregue","950","4614","1024","T-Shirt Feminina Bia","T-Shirt Bia","2153","4844","2153P","P","45","Lançamentos","1","157.7","10.65","147.05","0","t-shirt-bia"
"0012510574800","4614","2025-10-13 16:59:07-03","3","8","Entregue","950","4614","1031","Camisete Feminina Núbia","Camisete Feminina Núbia","2094","4879","2094P","P","46","Mais Vendidos","1","247.7","16.65","231.05","0","camisete-feminina-nubia"
"0012510574800","4614","2025-10-13 16:59:07-03","3","8","Entregue","950","4614","748","Regata Feminina Modeladora Realeza","Regata Feminina Modeladora Realeza","1941","3890","1941G","G","6","Manga curta","1","167.7","11.27","156.43","0","regata-feminina-modeladora-realeza"
"0012510574800","4614","2025-10-13 16:59:07-03","3","8","Entregue","950","4614","989","T-Shirt Feminina ônix","T-Shirt Feminina ônix","2136","4775","2136G","G","45","Lançamentos","1","157.7","10.6","147.1","0","t-shirt-feminina-onix"
"0012510574800","4614","2025-10-13 16:59:07-03","3","8","Entregue","950","4614","575","Calça Feminina  Boot Cut Corcel","Calça Feminina  Boot Cut Corcel","1779","2919","177936","36","8","Calça","1","287.7","19.33","268.37","0","calca-feminina-boot-cut-corcel"
"0012510078311","4615","2025-10-14 12:40:52-03","1","8","Entregue","285.93","4615","576","Jaqueta Feminina Maxi Ônix","Jaqueta Feminina Max Ônix","1780","2927","1780G","G","46","Mais Vendidos","1","317.7","31.77","285.93","0","jaqueta-feminina-max-onix"
"0012510568137","4616","2025-10-14 20:37:18-03","1","8","Entregue","306.9","4616","575","Calça Feminina  Boot Cut Corcel","Calça Feminina  Boot Cut Corcel","1779","2921","177940","40","8","Calça","1","287.7","14.38","273.32","33.58","calca-feminina-boot-cut-corcel"
"0012510929435","4617","2025-10-15 09:50:14-03","3","8","Entregue","199.8","4617","641","Vestido Feminino Amanda","Vestido Feminino Amanda","1833","3285","1833G","G","39","Outlet","1","199.8","0","199.8","0","vestido-feminino-amanda"
"0012510596806","4618","2025-10-15 14:57:15-03","1","8","Entregue","141.93","4618","1024","T-Shirt Feminina Bia","T-Shirt Bia","2153","4847","2153GG","GG","45","Lançamentos","1","157.7","15.77","141.93","0","t-shirt-bia"
"0012510523643","4619","2025-10-15 15:07:55-03","3","8","Entregue","273.32","4619","933","Calça Feminina Boot Cut Dani","Calça Feminina Boot Cut Dani","2092","4555","209238","38","45","Lançamentos","1","287.7","14.38","273.32","0","calca-feminina-boot-cut-dani"
"0012510973797","4620","2025-10-16 11:14:22-03","3","8","Entregue","0","4620","168","Calça Jeans Feminina Boot Cut Morgan ","Calça Jeans Feminina Boot Cut Morgan ","1260","676","126040","40","8","Calça","1","257.7","12.88","244.82","0","calca-jeans-feminina-boot-cut-morgan"
"0012510973797","4620","2025-10-16 11:14:22-03","3","8","Entregue","0","4620","588","Calça Jeans Feminina Nobreza Cabana","Calça Jeans Feminina Nobreza Cabana","1808","3019","180840","40","8","Calça","1","257.7","12.88","244.82","0","calca-jeans-feminina-nobreza-cabana"
"0012510818916","4621","2025-10-16 21:38:03-03","1","8","Entregue","505.4","4621","376","Calça Skinny Feminina Potros","Calça Skinny Feminina  Potros","1527","1908","152738","38","8","Calça","1","227.7","0","227.7","0","calca-skinny-feminina-potros"
"0012510818916","4621","2025-10-16 21:38:03-03","1","8","Entregue","505.4","4621","922","Calça Feminina Skinny Délavé Pampa","Calça Feminina Skinny Délavé Pampa","2081","4506","208138","38","8","Calça","1","277.7","0","277.7","0","calca-feminina-skinny-delave-pampa"
"0012510818916","4621","2025-10-16 21:38:03-03","1","8","Entregue","505.4","4621","990","Passador de Lenço Bridão Cabana","Passador de Lenço Bridão Cabana","2155","4778","2155U","Único","45","Lançamentos","1","59.8","0","59.8","0","passador-de-lenco-bridao-cabana"
"0012510608891","4622","2025-10-17 11:20:06-03","3","8","Entregue","257.7","4622","570","Casaco Feminino Soft Cute","Casaco Feminino soft cute","1756","2901","1756GGPRETO","Preto - GG","13","Jaqueta","1","257.7","0","257.7","0","casaco-feminino-soft-cute-1756"
"0012510714823","4623","2025-10-17 16:19:50-03","3","8","Entregue","0","4623","1037","Blusa Courino Cabana Black","Blusa Courino Cabana Black","2141","4906","2141GG","GG","45","Lançamentos","1","187.7","15.4","172.3","0","blusa-courino-cabana-black"
"0012510714823","4623","2025-10-17 16:19:50-03","3","8","Entregue","0","4623","703","Saia Feminina Courino Cabana","Saia Feminina Courino Cabana","1902","3654","1902GGPRETO","Preto - GG","39","Outlet","1","237.7","0","237.7","0","saia-feminina-courino-cabana"
"0012510716821","4624","2025-10-17 21:21:55-03","1","8","Entregue","219.05","4624","168","Calça Jeans Feminina Boot Cut Morgan ","Calça Jeans Feminina Boot Cut Morgan ","1260","677","126042","42","8","Calça","1","257.7","38.65","219.05","0","calca-jeans-feminina-boot-cut-morgan"
"0012510716821","4624","2025-10-17 21:21:55-03","1","8","Entregue","219.05","4624","990","Passador de Lenço Bridão Cabana","Passador de Lenço Bridão Cabana","2155","4778","2155U","Único","45","Lançamentos","1","59.8","0","59.8","0","passador-de-lenco-bridao-cabana"
"0012510062497","4625","2025-10-17 22:22:06-03","1","8","Entregue","197.7","4625","959","Body Feminino Marina","Body Feminino Marina","2118","4635","2118M","M","45","Lançamentos","1","197.7","0","197.7","0","body-feminino-marina"
"0012510282694","4626","2025-10-18 19:14:31-03","1","8","Entregue","616.43","4626","735","Chemise Feminina Leves Galopes","Chemise Feminina Leves Galopes","1917","3823","1917GG","GG","39","Outlet","1","199.8","29.97","169.83","0","chemise-feminina-leves-galopes"
"0012510282694","4626","2025-10-18 19:14:31-03","1","8","Entregue","616.43","4626","531","Chemise Feminina Bridão","Chemise Feminina Bridão","1752","2669","1752GG","GG","46","Mais Vendidos","1","267.7","40.15","227.55","0","chemise-feminina-bridao"
"0012510282694","4626","2025-10-18 19:14:31-03","1","8","Entregue","616.43","4626","675","Camisete Feminina Stella","Camisete Feminina Stella","1866","3505","1866GG","GG","16","Camisete","1","257.7","38.65","219.05","0","camisete-feminina-stella"
"0012510189959","4627","2025-10-18 19:59:55-03","1","8","Entregue","254.32","4627","1029","Camisete Feminina Luz","Camisete Feminina Luz","2158","4870","2158M","M","45","Lançamentos","1","267.7","13.38","254.32","0","camisete-feminina-luz"
"0012510189959","4627","2025-10-18 19:59:55-03","1","8","Entregue","254.32","4627","990","Passador de Lenço Bridão Cabana","Passador de Lenço Bridão Cabana","2155","4778","2155U","Único","45","Lançamentos","1","59.8","0","59.8","0","passador-de-lenco-bridao-cabana"
"0012510101294","4628","2025-10-18 23:31:04-03","1","2","Cancelado","405.4","4628","158","Calça Jeans Feminina Boot Cut Cabana","Calça Jeans Feminina Boot Cut Cabana","1186","604","118638","38","46","Mais Vendidos","1","257.7","0","257.7","0","calca-jeans-feminina-boot-cut-cabana"
"0012510101294","4628","2025-10-18 23:31:04-03","1","2","Cancelado","405.4","4628","602","Blusa Feminina Relíquia","Blusa Feminina Relíquia","1800","3081","1800M","M","48","Verão 2024","1","147.7","0","147.7","0","blusa-feminina-reliquia"
"0012510373705","4629","2025-10-18 23:31:52-03","1","2","Cancelado","405.4","4629","158","Calça Jeans Feminina Boot Cut Cabana","Calça Jeans Feminina Boot Cut Cabana","1186","604","118638","38","46","Mais Vendidos","1","257.7","0","257.7","0","calca-jeans-feminina-boot-cut-cabana"
"0012510373705","4629","2025-10-18 23:31:52-03","1","2","Cancelado","405.4","4629","602","Blusa Feminina Relíquia","Blusa Feminina Relíquia","1800","3081","1800M","M","48","Verão 2024","1","147.7","0","147.7","0","blusa-feminina-reliquia"
"0012510571283","4630","2025-10-18 23:32:41-03","1","2","Cancelado","405.4","4630","158","Calça Jeans Feminina Boot Cut Cabana","Calça Jeans Feminina Boot Cut Cabana","1186","604","118638","38","46","Mais Vendidos","1","257.7","0","257.7","0","calca-jeans-feminina-boot-cut-cabana"
"0012510571283","4630","2025-10-18 23:32:41-03","1","2","Cancelado","405.4","4630","602","Blusa Feminina Relíquia","Blusa Feminina Relíquia","1800","3081","1800M","M","48","Verão 2024","1","147.7","0","147.7","0","blusa-feminina-reliquia"
"0012510274908","4631","2025-10-18 23:36:24-03","1","2","Cancelado","405.4","4631","158","Calça Jeans Feminina Boot Cut Cabana","Calça Jeans Feminina Boot Cut Cabana","1186","604","118638","38","46","Mais Vendidos","1","257.7","0","257.7","0","calca-jeans-feminina-boot-cut-cabana"
"0012510274908","4631","2025-10-18 23:36:24-03","1","2","Cancelado","405.4","4631","602","Blusa Feminina Relíquia","Blusa Feminina Relíquia","1800","3081","1800M","M","48","Verão 2024","1","147.7","0","147.7","0","blusa-feminina-reliquia"
"0012510903677","4632","2025-10-18 23:36:48-03","1","8","Entregue","144.42","4632","680","Colete Feminino Cabana Grazi","Colete Feminino Cabana Grazi","1880","3524","1880M","M","45","Lançamentos","1","169.9","25.48","144.42","0","colete-feminino-cabana-grazi"
"0012510868092","4633","2025-10-19 15:39:42-03","1","8","Entregue","544.86","4633","575","Calça Feminina  Boot Cut Corcel","Calça Feminina  Boot Cut Corcel","1779","2919","177936","36","8","Calça","1","287.7","28.77","258.93","0","calca-feminina-boot-cut-corcel"
"0012510868092","4633","2025-10-19 15:39:42-03","1","8","Entregue","544.86","4633","576","Jaqueta Feminina Maxi Ônix","Jaqueta Feminina Max Ônix","1780","2926","1780M","M","46","Mais Vendidos","1","317.7","31.77","285.93","0","jaqueta-feminina-max-onix"
"0012510868092","4633","2025-10-19 15:39:42-03","1","8","Entregue","544.86","4633","990","Passador de Lenço Bridão Cabana","Passador de Lenço Bridão Cabana","2155","4778","2155U","Único","45","Lançamentos","1","59.8","0","59.8","0","passador-de-lenco-bridao-cabana"
"0012510411775","4634","2025-10-20 10:02:48-03","3","8","Entregue","0","4634","959","Body Feminino Marina","Body Feminino Marina","2118","4635","2118M","M","45","Lançamentos","1","197.7","19.77","177.93","0","body-feminino-marina"
"0012510411775","4634","2025-10-20 10:02:48-03","3","8","Entregue","0","4634","575","Calça Feminina  Boot Cut Corcel","Calça Feminina  Boot Cut Corcel","1779","2920","177938","38","8","Calça","1","287.7","28.77","258.93","0","calca-feminina-boot-cut-corcel"
"0012510129448","4635","2025-10-20 14:40:26-03","3","8","Entregue","0","4635","1027","T-Shirt Feminina Liz","T-Shirt Feminina Liz","2161","4862","2161GG","GG","45","Lançamentos","1","157.7","30","127.7","0","t-shirt-feminina-liz"
"0012510589356","4636","2025-10-21 08:00:38-03","3","8","Entregue","254.32","4636","1029","Camisete Feminina Luz","Camisete Feminina Luz","2158","4871","2158G","G","45","Lançamentos","1","267.7","13.38","254.32","0","camisete-feminina-luz"
"0012510443739","4637","2025-10-21 18:56:40-03","1","8","Entregue","461.65","4637","1031","Camisete Feminina Núbia","Camisete Feminina Núbia","2094","4882","2094GG","GG","46","Mais Vendidos","1","247.7","37.15","210.55","0","camisete-feminina-nubia"
"0012510443739","4637","2025-10-21 18:56:40-03","1","8","Entregue","461.65","4637","602","Blusa Feminina Relíquia","Blusa Feminina Relíquia","1800","3082","1800G","G","48","Verão 2024","1","147.7","22.15","125.55","0","blusa-feminina-reliquia"
"0012510443739","4637","2025-10-21 18:56:40-03","1","8","Entregue","461.65","4637","1028","Blusa Feminina Roberta","Blusa Feminina Roberta","2134","4865","2134M","M","1","Feminino","1","147.7","22.15","125.55","0","blusa-feminina-roberta"
"0012510952320","4638","2025-10-22 10:33:59-03","1","8","Entregue","184.88","4638","990","Passador de Lenço Bridão Cabana","Passador de Lenço Bridão Cabana","2155","4778","2155U","Único","45","Lançamentos","1","59.8","8.97","50.83","0","passador-de-lenco-bridao-cabana"
"0012510952320","4638","2025-10-22 10:33:59-03","1","8","Entregue","184.88","4638","985","T-Shirt Feminina Rodeio","T-Shirt Feminina Rodeio","2138","4755","2138G","G","45","Lançamentos","1","157.7","23.65","134.05","0","t-shirt-feminina-rodeio"
"0012510642008","4639","2025-10-22 13:49:49-03","3","8","Entregue","0","4639","890","Vestido Moletom Feminino Rafaela","Vestido Moletom Feminino Rafaela","2053","4386","2053M","M","39","Outlet","1","179.8","0","179.8","0","vestido-moletom-feminino-rafaela"
"0012510642008","4639","2025-10-22 13:49:49-03","3","8","Entregue","0","4639","575","Calça Feminina  Boot Cut Corcel","Calça Feminina  Boot Cut Corcel","1779","2921","177940","40","8","Calça","1","287.7","0","287.7","0","calca-feminina-boot-cut-corcel"
"0012510328535","4640","2025-10-22 16:09:02-03","3","8","Entregue","149.82","4640","640","Blusa Feminina Corsel","Blusa Feminina Corsel","1831","3499","1831GG","GG","3","Blusas","1","157.7","7.88","149.82","0","blusa-feminina-corsel"
"0012510481040","4641","2025-10-22 16:12:09-03","3","8","Entregue","0","4641","173","Blusa Feminina Neblina","Blusa Feminina Neblina","1127","716","1127G","G","1","Feminino","1","147.7","0","147.7","0","blusa-feminina-neblina"
"0012510481040","4641","2025-10-22 16:12:09-03","3","8","Entregue","0","4641","681","Blusa Feminina Simone","Blusa Feminina Simone","1871","3531","1871GG","GG","39","Outlet","1","175.4","0","175.4","0","blusa-feminina-simone"
"0012510143832","4642","2025-10-23 11:57:51-03","1","8","Entregue","81.36","4642","937","Lenço Feminino Cabana 67x68","Lenço Feminino Cabana 67x68","2101","4569","2101U","Único","45","Lançamentos","1","79.9","11.98","67.92","13.44","lenco-feminino-cabana-2101u"
"0012510818011","4643","2025-10-23 13:52:39-03","3","8","Entregue","91.3","4643","937","Lenço Feminino Cabana 67x68","Lenço Feminino Cabana 67x68","2101","4569","2101U","Único","45","Lançamentos","1","79.9","4","75.9","15.4","lenco-feminino-cabana-2101u"
"0012510604727","4644","2025-10-23 14:12:47-03","1","8","Entregue","653.1","4644","708","Vestido Feminino Gabriella","Vestido Feminino Gabriella","1900","3683","1900G","G","20","Vestido","1","347.7","0","347.7","0","vestido-feminino-gabriella"
"0012510604727","4644","2025-10-23 14:12:47-03","1","8","Entregue","653.1","4644","1025","T-Shirt Feminina Carolina","T-Shirt Feminina Carolina","2154","4851","2154G","G","45","Lançamentos","1","157.7","0","157.7","0","t-shirt-feminina-carolina"
"0012510604727","4644","2025-10-23 14:12:47-03","1","8","Entregue","653.1","4644","988","Cropped Feminino Rose","Cropped Feminino Rose","2144","4770","2144G","G","45","Lançamentos","1","147.7","0","147.7","0","cropped-feminino-rose"
"0012510604727","4644","2025-10-23 14:12:47-03","1","8","Entregue","653.1","4644","990","Passador de Lenço Bridão Cabana","Passador de Lenço Bridão Cabana","2155","4778","2155U","Único","45","Lançamentos","1","59.8","0","59.8","0","passador-de-lenco-bridao-cabana"
"0012510926019","4645","2025-10-23 16:16:54-03","3","8","Entregue","244.72","4645","939","Lenço Feminino Cabana 47x48","Lenço Feminino Cabana 47x48","2103","4573","2103U","Único","45","Lançamentos","1","59.8","2.9","56.9","0","lenco-feminino-cabana-2103u"
"0012510926019","4645","2025-10-23 16:16:54-03","3","8","Entregue","244.72","4645","966","Body Feminino Suzy","Body Feminino Suzy","2123","4670","2123G","G","45","Lançamentos","1","197.7","9.88","187.82","0","boady-feminino-suzy"
"0012510406761","4646","2025-10-24 08:38:02-03","1","8","Entregue","157.28","4646","625","Blusa Feminina Beatriz","Blusa Feminina Beatriz","1840","3204","1840GG","GG","3","Blusas","1","147.7","7.38","140.32","16.96","blusa-feminina-beatriz"
"0012510950533","4647","2025-10-24 13:47:16-03","3","8","Entregue","0","4647","1030","Camisete Feminina Roberta","Camisete Feminina Roberta","2121","4877","2121GG","GG","46","Mais Vendidos","1","247.7","0","247.7","0","camisete-feminina-roberta"
"0012510560438","4648","2025-10-24 13:51:15-03","3","8","Entregue","0","4648","976","Casaco Feminino Soft Lize","Casaco Feminino Soft Lize","2128","4715","2128G","G","45","Lançamentos","1","257.7","12.88","244.82","0","casaco-feminino-soft-lize"
"0012510168534","4649","2025-10-25 09:16:42-03","1","2","Cancelado","199.8","4649","740","Vestido Feminino Midi Núbia","Vestido Midi Feminino Núbia","1925","3848","1925GG","GG","39","Outlet","1","199.8","0","199.8","0","vestido-feminino-midi-nubia"
"0012510954519","4650","2025-10-25 09:19:35-03","1","8","Entregue","199.8","4650","740","Vestido Feminino Midi Núbia","Vestido Midi Feminino Núbia","1925","3848","1925GG","GG","39","Outlet","1","199.8","0","199.8","0","vestido-feminino-midi-nubia"
"0012510094789","4651","2025-10-26 12:08:01-03","1","2","Cancelado","323.55","4651","870","Vestido Feminino Over Bridão ","Vestido Feminino Over Bridão ","2057","4317","2057GG","GG","39","Outlet","1","199.8","19.98","179.82","0","vestido-feminino-over-bridao"
"0012510094789","4651","2025-10-26 12:08:01-03","1","2","Cancelado","323.55","4651","692","Top Feminino Sofia","Top Feminino Sofia","1889","3585","1889G","G","39","Outlet","1","79.8","7.98","71.82","0","top-feminino-sofia"
"0012510094789","4651","2025-10-26 12:08:01-03","1","2","Cancelado","323.55","4651","937","Lenço Feminino Cabana 67x68","Lenço Feminino Cabana 67x68","2101","4569","2101U","Único","45","Lançamentos","1","79.9","7.99","71.91","0","lenco-feminino-cabana-2101u"
"0012510094789","4651","2025-10-26 12:08:01-03","1","2","Cancelado","323.55","4651","990","Passador de Lenço Bridão Cabana","Passador de Lenço Bridão Cabana","2155","4778","2155U","Único","45","Lançamentos","1","59.8","0","59.8","0","passador-de-lenco-bridao-cabana"
"0012510338178","4652","2025-10-27 11:34:09-03","1","2","Cancelado","169.83","4652","767","Vestido Feminino Linho Jaque","Vestido Feminino Linho Jaque","1948","3956","1948G","G","39","Outlet","1","199.8","29.97","169.83","0","vestido-feminino-linho-jaque"
"0012510829224","4653","2025-10-27 12:07:51-03","3","8","Entregue","0","4653","575","Calça Feminina  Boot Cut Corcel","Calça Feminina  Boot Cut Corcel","1779","2923","177944","44","8","Calça","1","287.7","30","257.7","0","calca-feminina-boot-cut-corcel"
"0012510126545","4654","2025-10-27 13:35:18-03","3","8","Entregue","189","4654","641","Vestido Feminino Amanda","Vestido Feminino Amanda","1833","3286","1833GG","GG","39","Outlet","1","199.8","10.8","189","0","vestido-feminino-amanda"
"0012510252589","4655","2025-10-27 13:48:30-03","1","17","Devolvido","244.55","4655","575","Calça Feminina  Boot Cut Corcel","Calça Feminina  Boot Cut Corcel","1779","2922","177942","42","8","Calça","1","287.7","43.15","244.55","0","calca-feminina-boot-cut-corcel"
"0012510183455","4656","2025-10-28 07:26:48-03","1","8","Entregue","1363.35","4656","1025","T-Shirt Feminina Carolina","T-Shirt Feminina Carolina","2154","4852","2154GG","GG","45","Lançamentos","1","157.7","23.65","134.05","0","t-shirt-feminina-carolina"
"0012510183455","4656","2025-10-28 07:26:48-03","1","8","Entregue","1363.35","4656","976","Casaco Feminino Soft Lize","Casaco Feminino Soft Lize","2128","4716","2128GG","GG","45","Lançamentos","1","257.7","38.65","219.05","0","casaco-feminino-soft-lize"
"0012510183455","4656","2025-10-28 07:26:48-03","1","8","Entregue","1363.35","4656","1029","Camisete Feminina Luz","Camisete Feminina Luz","2158","4872","2158GG","GG","45","Lançamentos","1","267.7","40.15","227.55","0","camisete-feminina-luz"
"0012510183455","4656","2025-10-28 07:26:48-03","1","8","Entregue","1363.35","4656","985","T-Shirt Feminina Rodeio","T-Shirt Feminina Rodeio","2138","4756","2138GG","GG","45","Lançamentos","1","157.7","23.65","134.05","0","t-shirt-feminina-rodeio"
"0012510183455","4656","2025-10-28 07:26:48-03","1","8","Entregue","1363.35","4656","968","Casaco Feminino Soft Clara","Casaco Feminino Soft Clara","2124","4681","2124GG","GG","45","Lançamentos","1","287.7","43.15","244.55","0","casaco-feminino-soft-clara"
"0012510183455","4656","2025-10-28 07:26:48-03","1","8","Entregue","1363.35","4656","959","Body Feminino Marina","Body Feminino Marina","2118","4633","2118GG","GG","45","Lançamentos","1","197.7","29.65","168.05","0","body-feminino-marina"
"0012510183455","4656","2025-10-28 07:26:48-03","1","8","Entregue","1363.35","4656","922","Calça Feminina Skinny Délavé Pampa","Calça Feminina Skinny Délavé Pampa","2081","4503","208144","44","8","Calça","1","277.7","41.65","236.05","0","calca-feminina-skinny-delave-pampa"
"0012510183455","4656","2025-10-28 07:26:48-03","1","8","Entregue","1363.35","4656","990","Passador de Lenço Bridão Cabana","Passador de Lenço Bridão Cabana","2155","4778","2155U","Único","45","Lançamentos","1","59.8","0","59.8","0","passador-de-lenco-bridao-cabana"
"0012510337117","4657","2025-10-28 11:34:03-03","1","8","Entregue","273.32","4657","575","Calça Feminina  Boot Cut Corcel","Calça Feminina  Boot Cut Corcel","1779","2922","177942","42","8","Calça","1","287.7","14.38","273.32","0","calca-feminina-boot-cut-corcel"
"0012510361861","4658","2025-10-28 14:56:42-03","3","8","Entregue","189.81","4658","663","Vestido Feminino Angélica","Vestido Feminino Angélica","1853","3422","1853M","M","39","Outlet","1","199.8","9.99","189.81","0","vestido-feminino-angelica"
"0012510472146","4659","2025-10-28 16:45:41-03","3","8","Entregue","0","4659","927","Body Feminino Juliana","Body Feminino Juliana","2086","4528","2086P","P","45","Lançamentos","1","197.7","0","197.7","0","body-feminino-juliana"
"0012510373322","4660","2025-10-28 19:48:33-03","1","8","Entregue","157.7","4660","1044","T-Shirt Feminina Bridão Gabi","T-Shirt Feminina Bridão Gabi","2197","4930","2197G","G","45","Lançamentos","1","157.7","0","157.7","0","t-shirt-feminina-bridao-gabi"
"0012510425218","4661","2025-10-29 10:42:24-03","3","8","Entregue","0","4661","1044","T-Shirt Feminina Bridão Gabi","T-Shirt Feminina Bridão Gabi","2197","4930","2197G","G","45","Lançamentos","1","157.7","0","157.7","0","t-shirt-feminina-bridao-gabi"
"0012510425218","4661","2025-10-29 10:42:24-03","3","8","Entregue","0","4661","1024","T-Shirt Feminina Bia","T-Shirt Bia","2153","4846","2153G","G","45","Lançamentos","1","157.7","0","157.7","0","t-shirt-bia"
"0012510425218","4661","2025-10-29 10:42:24-03","3","8","Entregue","0","4661","1027","T-Shirt Feminina Liz","T-Shirt Feminina Liz","2161","4861","2161G","G","45","Lançamentos","1","157.7","0","157.7","0","t-shirt-feminina-liz"
"0012510425218","4661","2025-10-29 10:42:24-03","3","8","Entregue","0","4661","987","Blusa Feminina Zoe","Blusa Feminina Zoe","2146","4765","2146G","G","45","Lançamentos","1","157.7","0","157.7","0","blusa-feminina-zoe"
"0012510122622","4662","2025-10-29 15:20:55-03","3","8","Entregue","166.63","4662","684","Blusa  Feminina Tropilha","Blusa Feminina Tropilha","1875","3544","1875M","M","39","Outlet","1","175.4","8.77","166.63","0","blusa-feminina-tropilha"
"0012510414345","4663","2025-10-29 16:22:31-03","3","8","Entregue","0","4663","937","Lenço Feminino Cabana 67x68","Lenço Feminino Cabana 67x68","2101","4569","2101U","Único","45","Lançamentos","1","79.9","0","79.9","0","lenco-feminino-cabana-2101u"
"0012510414345","4663","2025-10-29 16:22:31-03","3","8","Entregue","0","4663","938","Lenço Feminino Cabana 67x68","Lenço Feminino Cabana 67x68","2102","4571","2102U","Único","45","Lançamentos","1","79.9","0","79.9","0","lenco-feminino-cabana-2102u"
"0012510414345","4663","2025-10-29 16:22:31-03","3","8","Entregue","0","4663","990","Passador de Lenço Bridão Cabana","Passador de Lenço Bridão Cabana","2155","4778","2155U","Único","45","Lançamentos","1","59.8","0","59.8","0","passador-de-lenco-bridao-cabana"
"0012510566336","4664","2025-10-30 13:53:50-03","3","8","Entregue","0","4664","790","Colar Feminino Ellos Cabana","Colar Feminino Ellos Cabana","1969","4032","1969U","Único","31","Colar","1","129.9","0","129.9","0","colar-feminino-ellos-cabana-unico-1969"
"0012510566336","4664","2025-10-30 13:53:50-03","3","8","Entregue","0","4664","785","Pulseira Feminina Laços Cabana","Pulseira Feminina Laços Cabana","1964","4022","1964U","Único","30","Pulseira","1","99.9","0","99.9","0","pulseira-feminina-lacos-cabana"
"0012510566336","4664","2025-10-30 13:53:50-03","3","8","Entregue","0","4664","965","Jaqueta Cropped Nevada","Jaqueta Cropped Nevada","2122","4665","2122M","M","45","Lançamentos","1","317.7","0","317.7","0","jaqueta-cropped-nevada"
"0012510796731","4665","2025-10-30 15:02:00-03","3","8","Entregue","0","4665","974","Camisete Feminina Amanhecer","Camisete Feminina Amanhecer","2130","4703","2130P","P","45","Lançamentos","1","247.7","12.38","235.32","0","camisete-feminina-amanhecer"
"0012510295475","4666","2025-10-30 15:48:24-03","3","8","Entregue","159.32","4666","748","Regata Feminina Modeladora Realeza","Regata Feminina Modeladora Realeza","1941","3892","1941P","P","6","Manga curta","1","167.7","8.38","159.32","0","regata-feminina-modeladora-realeza"
"0012510658865","4667","2025-10-31 10:58:55-03","1","8","Entregue","575.14","4667","575","Calça Feminina  Boot Cut Corcel","Calça Feminina  Boot Cut Corcel","1779","2921","177940","40","8","Calça","1","287.7","14.38","273.32","0","calca-feminina-boot-cut-corcel"
"0012510658865","4667","2025-10-31 10:58:55-03","1","8","Entregue","575.14","4667","965","Jaqueta Cropped Nevada","Jaqueta Cropped Nevada","2122","4665","2122M","M","45","Lançamentos","1","317.7","15.88","301.82","0","jaqueta-cropped-nevada"
"0012511945457","4668","2025-11-03 10:42:47-03","3","8","Entregue","0","4668","1024","T-Shirt Feminina Bia","T-Shirt Bia","2153","4844","2153P","P","45","Lançamentos","1","157.7","0","157.7","0","t-shirt-bia"
"0012511242207","4669","2025-11-03 16:19:56-03","1","2","Cancelado","244.55","4669","575","Calça Feminina  Boot Cut Corcel","Calça Feminina  Boot Cut Corcel","1779","2921","177940","40","8","Calça","1","287.7","43.15","244.55","0","calca-feminina-boot-cut-corcel"
"0012511411948","4670","2025-11-04 08:11:51-03","1","8","Entregue","244.55","4670","575","Calça Feminina  Boot Cut Corcel","Calça Feminina  Boot Cut Corcel","1779","2920","177938","38","8","Calça","1","287.7","43.15","244.55","0","calca-feminina-boot-cut-corcel"
"0012511338777","4671","2025-11-04 08:24:24-03","1","8","Entregue","178.32","4671","868","Blusa Feminina Melissa","Blusa Feminina Melissa","2031","4309","2031M","M","45","Lançamentos","1","187.7","9.38","178.32","0","blusa-feminina-melissa"
"0012511792734","4672","2025-11-04 11:58:08-03","1","8","Entregue","140.28","4672","1028","Blusa Feminina Roberta","Blusa Feminina Roberta","2134","4867","2134GG","GG","1","Feminino","1","147.7","22.15","125.55","14.73","blusa-feminina-roberta"
"0012511565990","4673","2025-11-04 14:26:14-03","1","2","Cancelado","179.82","4673","807","Vestido Feminino Realeza ","Vestido Feminino Realeza ","1990","4090","1990GG","GG","39","Outlet","1","199.8","19.98","179.82","0","vestido-feminino-realeza"
"0012511691329","4674","2025-11-04 14:28:48-03","1","8","Entregue","179.82","4674","807","Vestido Feminino Realeza ","Vestido Feminino Realeza ","1990","4090","1990GG","GG","39","Outlet","1","199.8","19.98","179.82","0","vestido-feminino-realeza"
"0012511245425","4675","2025-11-04 14:47:14-03","1","8","Entregue","518.14","4675","158","Calça Jeans Feminina Boot Cut Cabana","Calça Jeans Feminina Boot Cut Cabana","1186","604","118638","38","46","Mais Vendidos","1","257.7","12.88","244.82","0","calca-jeans-feminina-boot-cut-cabana"
"0012511245425","4675","2025-11-04 14:47:14-03","1","8","Entregue","518.14","4675","575","Calça Feminina  Boot Cut Corcel","Calça Feminina  Boot Cut Corcel","1779","2920","177938","38","8","Calça","1","287.7","14.38","273.32","0","calca-feminina-boot-cut-corcel"
"0012511670055","4676","2025-11-04 16:32:21-03","3","8","Entregue","0","4676","575","Calça Feminina  Boot Cut Corcel","Calça Feminina  Boot Cut Corcel","1779","2920","177938","38","8","Calça","1","287.7","0","287.7","0","calca-feminina-boot-cut-corcel"
"0012511929660","4677","2025-11-04 18:47:59-03","1","8","Entregue","179.82","4677","632","Vestido Feminino Aline","Vestido Feminino Aline","1803","3237","1803M","M","39","Outlet","1","199.8","19.98","179.82","0","vestido-feminino-aline"
"0012511184375","4678","2025-11-04 22:17:24-03","1","8","Entregue","222.93","4678","244","Camisete Feminina Gateado","Camisete Feminina Gateado","1498","1247","1498GG","GG","46","Mais Vendidos","1","247.7","24.77","222.93","0","camisete-feminina-gateado"
"0012511980960","4679","2025-11-05 08:14:46-03","1","7","Transporte","145.03","4679","937","Lenço Feminino Cabana 67x68","Lenço Feminino Cabana 67x68","2101","4569","2101U","Único","45","Lançamentos","1","79.9","7.99","71.91","11.04","lenco-feminino-cabana-2101u"
"0012511980960","4679","2025-11-05 08:14:46-03","1","7","Transporte","145.03","4679","990","Passador de Lenço Bridão Cabana","Passador de Lenço Bridão Cabana","2155","4778","2155U","Único","45","Lançamentos","1","59.8","5.98","53.82","8.26","passador-de-lenco-bridao-cabana"
"0012511097186","4680","2025-11-05 12:42:18-03","1","8","Entregue","244.55","4680","575","Calça Feminina  Boot Cut Corcel","Calça Feminina  Boot Cut Corcel","1779","2920","177938","38","8","Calça","1","287.7","43.15","244.55","0","calca-feminina-boot-cut-corcel"
"0012511996996","4681","2025-11-05 14:35:25-03","3","8","Entregue","0","4681","853","Calça Feminina Skinny Júlia","Calça Feminina Skinny Júlia","2048","4263","204838","38","8","Calça","1","257.7","0","257.7","0","calca-feminina-skinny-julia"
"0012511887412","4682","2025-11-05 16:39:54-03","1","8","Entregue","355.68","4682","744","Cropped Feminino Núbia","Cropped  Feminino Núbia","1928","3868","1928GG","GG","6","Manga curta","1","157.7","15.77","141.93","0","cropped-feminino-nubia"
"0012511887412","4682","2025-11-05 16:39:54-03","1","8","Entregue","355.68","4682","598","Cropped Feminino Redea Solta","Cropped Feminino Redea Solta","1799","3066","1799G","G","10","Regata","1","157.7","15.77","141.93","0","cropped-feminino-redea-solta"
"0012511887412","4682","2025-11-05 16:39:54-03","1","8","Entregue","355.68","4682","501","Cropped FemininoTexas","Cropped Feminino Texas","1706","2535","1706GG","GG","48","Verão 2024","1","79.8","7.98","71.82","0","cropped-feminino-texas"
"0012511442316","4683","2025-11-06 00:27:34-03","1","8","Entregue","251.46","4683","692","Top Feminino Sofia","Top Feminino Sofia","1889","3584","1889M","M","39","Outlet","1","79.8","7.98","71.82","0","top-feminino-sofia"
"0012511442316","4683","2025-11-06 00:27:34-03","1","8","Entregue","251.46","4683","665","Vestido Feminino Lavínia","Vestido Feminino Lavínia","1861","3433","1861G","G","39","Outlet","1","199.6","19.96","179.64","0","vestido-feminino-lavinia"
"0012511937476","4684","2025-11-06 10:28:17-03","1","2","Cancelado","397.38","4684","513","Calça Jeans Skinny Feminina  Pegaso","Calça Jeans Skinny Feminina Pegaso","1749","2592","174942","42","8","Calça","1","179.8","26.97","152.83","0","calca-jeans-feminina-pegaso"
"0012511937476","4684","2025-11-06 10:28:17-03","1","2","Cancelado","397.38","4684","575","Calça Feminina  Boot Cut Corcel","Calça Feminina  Boot Cut Corcel","1779","2922","177942","42","8","Calça","1","287.7","43.15","244.55","0","calca-feminina-boot-cut-corcel"
"0012511928523","4685","2025-11-07 08:47:58-03","3","8","Entregue","0","4685","602","Blusa Feminina Relíquia","Blusa Feminina Relíquia","1800","3081","1800M","M","48","Verão 2024","1","147.7","0","147.7","0","blusa-feminina-reliquia"
"0012511928523","4685","2025-11-07 08:47:58-03","3","8","Entregue","0","4685","821","Vestido Feminino Serena","Vestido Feminino Serena","1992","4142","1992M","M","39","Outlet","1","179.8","0","179.8","0","vestido-feminino-serena"
"0012511241491","4686","2025-11-07 14:28:33-03","3","8","Entregue","0","4686","575","Calça Feminina  Boot Cut Corcel","Calça Feminina  Boot Cut Corcel","1779","2922","177942","42","8","Calça","1","287.7","0","287.7","0","calca-feminina-boot-cut-corcel"
"0012511907123","4687","2025-11-09 13:07:37-03","1","8","Entregue","755.2","4687","575","Calça Feminina  Boot Cut Corcel","Calça Feminina  Boot Cut Corcel","1779","2919","177936","36","8","Calça","1","287.7","0","287.7","0","calca-feminina-boot-cut-corcel"
"0012511907123","4687","2025-11-09 13:07:37-03","1","8","Entregue","755.2","4687","804","Camisete Feminina Geovanna","Camisete Feminina Geovanna","1988","4078","1988P","P","16","Camisete","1","267.7","0","267.7","0","camisete-feminina-geovanna"
"0012511907123","4687","2025-11-09 13:07:37-03","1","8","Entregue","755.2","4687","632","Vestido Feminino Aline","Vestido Feminino Aline","1803","3236","1803P","P","39","Outlet","1","199.8","0","199.8","0","vestido-feminino-aline"
"0012511009370","4688","2025-11-09 21:13:44-03","1","8","Entregue","258.93","4688","575","Calça Feminina  Boot Cut Corcel","Calça Feminina  Boot Cut Corcel","1779","2919","177936","36","8","Calça","1","287.7","28.77","258.93","0","calca-feminina-boot-cut-corcel"
"0012511434718","4689","2025-11-10 11:12:12-03","3","8","Entregue","244.82","4689","168","Calça Jeans Feminina Boot Cut Morgan ","Calça Jeans Feminina Boot Cut Morgan ","1260","678","126044","44","8","Calça","1","257.7","12.88","244.82","0","calca-jeans-feminina-boot-cut-morgan"
"0012511570815","4690","2025-11-10 12:13:30-03","1","8","Entregue","258.93","4690","575","Calça Feminina  Boot Cut Corcel","Calça Feminina  Boot Cut Corcel","1779","2921","177940","40","8","Calça","1","287.7","28.77","258.93","0","calca-feminina-boot-cut-corcel"
"0012511092136","4691","2025-11-10 14:06:26-03","3","8","Entregue","0","4691","1045","T-Shirt Feminina Bridão Júlia","T-Shirt Feminina Bridão Júlia","2196","4933","2196P","P","45","Lançamentos","1","157.7","0","157.7","0","t-shirt-feminina-bridao-julia"
"0012511092136","4691","2025-11-10 14:06:26-03","3","8","Entregue","0","4691","1024","T-Shirt Feminina Bia","T-Shirt Bia","2153","4844","2153P","P","45","Lançamentos","1","157.7","0","157.7","0","t-shirt-bia"
"0012511490365","4692","2025-11-10 15:16:50-03","3","8","Entregue","0","4692","575","Calça Feminina  Boot Cut Corcel","Calça Feminina  Boot Cut Corcel","1779","2923","177944","44","8","Calça","1","287.7","0","287.7","0","calca-feminina-boot-cut-corcel"
"0012511822235","4693","2025-11-11 20:21:42-03","1","8","Entregue","398.79","4693","727","Calça Feminina Pezinho Rebeca","Calça Feminina Pezinho Rebeca","1912","3784","1912M","M","39","Outlet","1","155.4","15.54","139.86","0","calca-feminina-pezinho-rebeca"
"0012511822235","4693","2025-11-11 20:21:42-03","1","8","Entregue","398.79","4693","575","Calça Feminina  Boot Cut Corcel","Calça Feminina  Boot Cut Corcel","1779","2921","177940","40","8","Calça","1","287.7","28.77","258.93","0","calca-feminina-boot-cut-corcel"
"0012511578403","4694","2025-11-12 10:17:24-03","1","8","Entregue","244.55","4694","575","Calça Feminina  Boot Cut Corcel","Calça Feminina  Boot Cut Corcel","1779","2919","177936","36","8","Calça","1","287.7","43.15","244.55","0","calca-feminina-boot-cut-corcel"
"0012511030452","4695","2025-11-13 08:17:15-03","1","8","Entregue","287.7","4695","575","Calça Feminina  Boot Cut Corcel","Calça Feminina  Boot Cut Corcel","1779","2920","177938","38","8","Calça","1","287.7","0","287.7","0","calca-feminina-boot-cut-corcel"
"0012511439272","4696","2025-11-13 21:44:13-03","1","8","Entregue","605.4","4696","853","Calça Feminina Skinny Júlia","Calça Feminina Skinny Júlia","2048","4260","204844","44","8","Calça","1","257.7","0","257.7","0","calca-feminina-skinny-julia"
"0012511439272","4696","2025-11-13 21:44:13-03","1","8","Entregue","605.4","4696","438","Vestido Feminino Tropilha","Vestido Feminino Tropilha","1654","2236","1654G","G","46","Mais Vendidos","1","347.7","0","347.7","0","vestido-feminino-tropilha"
"0012511574800","4697","2025-11-17 00:27:30-03","1","7","Transporte","1436.22","4697","1050","Óculos Cabana Morgan","Óculos Cabana Morgan","2212","4953","2212U","Único","7","Acessórios","1","287.7","28.77","258.93","0","oculos-cabana-morgan-unico"
"0012511574800","4697","2025-11-17 00:27:30-03","1","7","Transporte","1436.22","4697","1034","Colete Feminino Alfaiataria Adriela","Colete Feminino Alfaiataria Adriela","2191","4889","2191M","M","39","Outlet","1","259.8","25.98","233.82","0","colete-feminino-alfaiataria-adriela"
"0012511574800","4697","2025-11-17 00:27:30-03","1","7","Transporte","1436.22","4697","1037","Blusa Courino Cabana Black","Blusa Courino Cabana Black","2141","4904","2141M","M","45","Lançamentos","1","187.7","18.77","168.93","0","blusa-courino-cabana-black"
"0012511574800","4697","2025-11-17 00:27:30-03","1","7","Transporte","1436.22","4697","978","Regata Feminina Modeladora Zoe","Regata Feminina Modeladora Zoe","2145","4724","2145M","M","45","Lançamentos","1","167.7","16.77","150.93","0","regata-feminina-modeladora-zoe"
"0012511574800","4697","2025-11-17 00:27:30-03","1","7","Transporte","1436.22","4697","758","Regata Modeladora Núbia","Regata Modeladora Núbia","1942","3924","1942M","M","6","Manga curta","1","167.7","16.77","150.93","0","regata-modeladora-nubia"
"0012511574800","4697","2025-11-17 00:27:30-03","1","7","Transporte","1436.22","4697","476","Regata Feminina Neblina","Regata Feminina Neblina","1694","2413","1694-M","M","39","Outlet","1","137.7","13.77","123.93","0","regata-feminina-neblina"
"0012511574800","4697","2025-11-17 00:27:30-03","1","7","Transporte","1436.22","4697","807","Vestido Feminino Realeza ","Vestido Feminino Realeza ","1990","4092","1990M","M","39","Outlet","1","199.8","19.98","179.82","0","vestido-feminino-realeza"
"0012511574800","4697","2025-11-17 00:27:30-03","1","7","Transporte","1436.22","4697","1038","Blusa Courino Cabana Off White","Blusa Courino Cabana Off White","2095","4909","2095M","M","45","Lançamentos","1","187.7","18.77","168.93","0","blusa-courino-cabana-off-white"
"0012511078311","4698","2025-11-17 12:35:27-03","1","8","Entregue","546.64","4698","575","Calça Feminina  Boot Cut Corcel","Calça Feminina  Boot Cut Corcel","1779","2920","177938","38","8","Calça","1","287.7","14.38","273.32","0","calca-feminina-boot-cut-corcel"
"0012511078311","4698","2025-11-17 12:35:27-03","1","8","Entregue","546.64","4698","698","Calça Feminina Boot Cut Amazona","Calça Feminina Boot Cut Amazona","1892","3612","189238","38","8","Calça","1","287.7","14.38","273.32","0","calca-feminina-boot-cut-amazona"
"0012511568137","4699","2025-11-18 07:14:27-03","1","8","Entregue","415.93","4699","960","Body Feminino Roberta","Body Feminino Roberta","2116","4638","2116GG","GG","45","Lançamentos","1","197.7","29.65","168.05","16.57","body-feminino-roberta"
"0012511568137","4699","2025-11-18 07:14:27-03","1","8","Entregue","415.93","4699","139","Camisete Feminino  Potros","Camisete Feminina Potros","1466","512","1466GG","GG","16","Camisete","1","247.7","37.15","210.55","20.76","camisete-feminina-potros"
"0012511929435","4700","2025-11-19 10:35:27-03","3","8","Entregue","0","4700","581","Camisete Feminino Pegasus","Camisete Pegasus","1774","2949","1774P","P","39","Outlet","1","167.7","0","167.7","0","camisete-feminina-pegasus"
"0012511929435","4700","2025-11-19 10:35:27-03","3","8","Entregue","0","4700","735","Chemise Feminina Leves Galopes","Chemise Feminina Leves Galopes","1917","3826","1917P","P","39","Outlet","1","199.8","0","199.8","0","chemise-feminina-leves-galopes"
"0012511596806","4701","2025-11-19 11:36:24-03","1","2","Cancelado","294.93","4701","630","Vestido Feminino Simone","Vestido Simone","1842","3228","1842G","G","20","Vestido","1","327.7","32.77","294.93","0","vestido-feminino-simone"
"0012511523643","4702","2025-11-19 11:37:04-03","1","8","Entregue","294.93","4702","630","Vestido Feminino Simone","Vestido Simone","1842","3228","1842G","G","20","Vestido","1","327.7","32.77","294.93","0","vestido-feminino-simone"
"0012511973797","4703","2025-11-19 21:01:57-03","1","8","Entregue","134.91","4703","454","Kimono Feminino Romantic","Kimono Feminino Romantic","1677","2305","1677MOD2","Romantic","39","Outlet","1","79.8","11.97","67.83","12.07","kimono-tordilhos-unico-modelo2"
"0012511973797","4703","2025-11-19 21:01:57-03","1","8","Entregue","134.91","4703","175","Saia Feminina Estampada Camafeu","Saia Feminina Estampada Camafeu","1200","725","1200P","P","9","Saia","1","54.95","8.25","46.7","8.31","saia-feminina-estampada-camafeu"
"0012511818916","4704","2025-11-20 11:14:49-03","1","8","Entregue","293.94","4704","575","Calça Feminina  Boot Cut Corcel","Calça Feminina  Boot Cut Corcel","1779","2920","177938","38","8","Calça","1","287.7","14.38","273.32","20.62","calca-feminina-boot-cut-corcel"
"0012511608891","4705","2025-11-20 21:24:52-03","1","8","Entregue","298.09","4705","575","Calça Feminina  Boot Cut Corcel","Calça Feminina  Boot Cut Corcel","1779","2922","177942","42","8","Calça","1","287.7","14.38","273.32","24.77","calca-feminina-boot-cut-corcel"
"0012511714823","4706","2025-11-22 06:09:06-03","1","2","Cancelado","273.32","4706","575","Calça Feminina  Boot Cut Corcel","Calça Feminina  Boot Cut Corcel","1779","2922","177942","42","8","Calça","1","287.7","14.38","273.32","0","calca-feminina-boot-cut-corcel"
"0012511716821","4707","2025-11-22 06:10:55-03","1","8","Entregue","244.55","4707","575","Calça Feminina  Boot Cut Corcel","Calça Feminina  Boot Cut Corcel","1779","2922","177942","42","8","Calça","1","287.7","43.15","244.55","0","calca-feminina-boot-cut-corcel"
"0012511062497","4708","2025-11-22 09:20:47-03","1","8","Entregue","317.7","4708","576","Jaqueta Feminina Maxi Ônix","Jaqueta Feminina Max Ônix","1780","2925","1780P","P","46","Mais Vendidos","1","317.7","0","317.7","0","jaqueta-feminina-max-onix"
"0012511282694","4709","2025-11-22 14:59:02-03","1","2","Cancelado","295.85","4709","575","Calça Feminina  Boot Cut Corcel","Calça Feminina  Boot Cut Corcel","1779","2920","177938","38","8","Calça","1","287.7","14.38","273.32","22.53","calca-feminina-boot-cut-corcel"
"0012511189959","4710","2025-11-22 17:00:49-03","1","8","Entregue","273.32","4710","575","Calça Feminina  Boot Cut Corcel","Calça Feminina  Boot Cut Corcel","1779","2919","177936","36","8","Calça","1","287.7","14.38","273.32","0","calca-feminina-boot-cut-corcel"
"0012511101294","4711","2025-11-23 09:03:10-03","1","2","Cancelado","445.4","4711","575","Calça Feminina  Boot Cut Corcel","Calça Feminina  Boot Cut Corcel","1779","2922","177942","42","8","Calça","1","287.7","0","287.7","0","calca-feminina-boot-cut-corcel"
"0012511101294","4711","2025-11-23 09:03:10-03","1","2","Cancelado","445.4","4711","1045","T-Shirt Feminina Bridão Júlia","T-Shirt Feminina Bridão Júlia","2196","4935","2196G","G","45","Lançamentos","1","157.7","0","157.7","0","t-shirt-feminina-bridao-julia"
"0012511373705","4712","2025-11-23 10:55:28-03","1","8","Entregue","244.55","4712","575","Calça Feminina  Boot Cut Corcel","Calça Feminina  Boot Cut Corcel","1779","2920","177938","38","8","Calça","1","287.7","43.15","244.55","0","calca-feminina-boot-cut-corcel"
"0012511571283","4713","2025-11-24 13:38:25-03","1","8","Entregue","244.55","4713","575","Calça Feminina  Boot Cut Corcel","Calça Feminina  Boot Cut Corcel","1779","2920","177938","38","8","Calça","1","287.7","43.15","244.55","0","calca-feminina-boot-cut-corcel"
"0012511274908","4714","2025-11-24 19:17:44-03","1","8","Entregue","178.32","4714","1037","Blusa Courino Cabana Black","Blusa Courino Cabana Black","2141","4905","2141G","G","45","Lançamentos","1","187.7","9.38","178.32","0","blusa-courino-cabana-black"
"0012511903677","4715","2025-11-25 10:08:05-03","1","8","Entregue","472.64","4715","743","Blusa Feminina Núbia","Blusa Feminina Núbia","1927","3866","1927P","P","3","Blusas","1","147.7","29.54","118.16","0","blusa-feminina-nubia"
"0012511903677","4715","2025-11-25 10:08:05-03","1","8","Entregue","472.64","4715","1028","Blusa Feminina Roberta","Blusa Feminina Roberta","2134","4864","2134P","P","1","Feminino","1","147.7","29.54","118.16","0","blusa-feminina-roberta"
"0012511903677","4715","2025-11-25 10:08:05-03","1","8","Entregue","472.64","4715","981","Blusa Feminina Suzy","Blusa Feminina Suzy","2140","4738","2140P","P","1","Feminino","1","147.7","29.54","118.16","0","blusa-feminina-suzy"
"0012511903677","4715","2025-11-25 10:08:05-03","1","8","Entregue","472.64","4715","638","Blusa Feminina Favorita","Blusa Feminina Favorita","1830","3268","1830P","P","3","Blusas","1","147.7","29.54","118.16","0","blusa-feminina-favorita-1830"
"0012511903677","4715","2025-11-25 10:08:05-03","1","8","Entregue","472.64","4715","937","Lenço Feminino Cabana 67x68","Lenço Feminino Cabana 67x68","2101","4569","2101U","Único","45","Lançamentos","1","79.9","0","79.9","0","lenco-feminino-cabana-2101u"
"0012511868092","4716","2025-11-25 14:20:20-03","3","8","Entregue","0","4716","632","Vestido Feminino Aline","Vestido Feminino Aline","1803","3236","1803P","P","39","Outlet","1","199.8","0","199.8","0","vestido-feminino-aline"
"0012511411775","4717","2025-11-26 16:49:57-03","1","8","Entregue","287.7","4717","575","Calça Feminina  Boot Cut Corcel","Calça Feminina  Boot Cut Corcel","1779","2919","177936","36","8","Calça","1","287.7","0","287.7","0","calca-feminina-boot-cut-corcel"
"0012511129448","4718","2025-11-27 09:01:19-03","1","8","Entregue","519.81","4718","1029","Camisete Feminina Luz","Camisete Feminina Luz","2158","4869","2158P","P","45","Lançamentos","1","267.7","66.93","200.77","0","camisete-feminina-luz"
"0012511129448","4718","2025-11-27 09:01:19-03","1","8","Entregue","519.81","4718","658","Calça Feminina Boot Cut Júlia","Calça Feminina Boot Cut Júlia","1860","3392","186040","40","8","Calça","1","287.7","71.93","215.77","0","calca-feminina-boot-cut-julia"
"0012511129448","4718","2025-11-27 09:01:19-03","1","8","Entregue","519.81","4718","801","Regata Feminina Realeza","Regata Feminina Realeza","1981","4062","1981M","M","39","Outlet","1","137.7","34.43","103.27","0","regata-feminina-realeza"
"0012511129448","4718","2025-11-27 09:01:19-03","1","8","Entregue","519.81","4718","937","Lenço Feminino Cabana 67x68","Lenço Feminino Cabana 67x68","2101","4569","2101U","Único","45","Lançamentos","1","79.9","0","79.9","0","lenco-feminino-cabana-2101u"
"0012511589356","4719","2025-11-28 07:40:40-03","1","8","Entregue","481.86","4719","1066","Blusa Amarração Grazi","Blusa Amarração Grazi","2202","4989","2202M","M","45","Lançamentos","1","277.7","27.77","249.93","0","blusa-amarracao-grazi"
"0012511589356","4719","2025-11-28 07:40:40-03","1","8","Entregue","481.86","4719","702","Calça Skinny Feminina Pampa","Calça Skinny Feminina Pampa","1903","3640","190338","38","8","Calça","1","257.7","25.77","231.93","0","calca-skinny-feminina-pampa"
"0012511589356","4719","2025-11-28 07:40:40-03","1","8","Entregue","481.86","4719","937","Lenço Feminino Cabana 67x68","Lenço Feminino Cabana 67x68","2101","4569","2101U","Único","45","Lançamentos","1","79.9","0","79.9","0","lenco-feminino-cabana-2101u"
"0012511443739","4720","2025-11-28 10:59:51-03","1","8","Entregue","273.32","4720","575","Calça Feminina  Boot Cut Corcel","Calça Feminina  Boot Cut Corcel","1779","2920","177938","38","8","Calça","1","287.7","14.38","273.32","0","calca-feminina-boot-cut-corcel"
"0012511952320","4721","2025-11-30 14:20:05-03","1","8","Entregue","784.62","4721","575","Calça Feminina  Boot Cut Corcel","Calça Feminina  Boot Cut Corcel","1779","2919","177936","36","8","Calça","1","287.7","43.16","244.54","0","calca-feminina-boot-cut-corcel"
"0012511952320","4721","2025-11-30 14:20:05-03","1","8","Entregue","784.62","4721","698","Calça Feminina Boot Cut Amazona","Calça Feminina Boot Cut Amazona","1892","3611","189236","36","8","Calça","1","287.7","43.16","244.54","0","calca-feminina-boot-cut-amazona"
"0012511952320","4721","2025-11-30 14:20:05-03","1","8","Entregue","784.62","4721","943","Vestido Feminino Emanuely","Vestido Feminino Emanuely","2201","4586","2201M","M","45","Lançamentos","1","347.7","52.16","295.54","0","vestido-feminino-emanuely"
"0012511952320","4721","2025-11-30 14:20:05-03","1","8","Entregue","784.62","4721","990","Passador de Lenço Bridão Cabana","Passador de Lenço Bridão Cabana","2155","4778","2155U","Único","45","Lançamentos","1","59.8","0","59.8","0","passador-de-lenco-bridao-cabana"
"0012512945457","4722","2025-12-01 23:52:24-03","1","8","Entregue","288.61","4722","575","Calça Feminina  Boot Cut Corcel","Calça Feminina  Boot Cut Corcel","1779","2919","177936","36","8","Calça","1","287.7","28.77","258.93","29.68","calca-feminina-boot-cut-corcel"
"0012512242207","4723","2025-12-02 09:52:08-03","3","8","Entregue","0","4723","575","Calça Feminina  Boot Cut Corcel","Calça Feminina  Boot Cut Corcel","1779","2920","177938","38","8","Calça","1","287.7","0","287.7","0","calca-feminina-boot-cut-corcel"
"0012512411948","4724","2025-12-02 10:45:13-03","3","8","Entregue","0","4724","748","Regata Feminina Modeladora Realeza","Regata Feminina Modeladora Realeza","1941","3891","1941M","M","6","Manga curta","1","167.7","0","167.7","0","regata-feminina-modeladora-realeza"
"0012512338777","4725","2025-12-02 13:17:52-03","1","8","Entregue","438.1","4725","853","Calça Feminina Skinny Júlia","Calça Feminina Skinny Júlia","2048","4262","204840","40","8","Calça","1","257.7","38.65","219.05","0","calca-feminina-skinny-julia"
"0012512338777","4725","2025-12-02 13:17:52-03","1","8","Entregue","438.1","4725","588","Calça Jeans Feminina Nobreza Cabana","Calça Jeans Feminina Nobreza Cabana","1808","3019","180840","40","8","Calça","1","257.7","38.65","219.05","0","calca-jeans-feminina-nobreza-cabana"
"0012512792734","4726","2025-12-02 15:43:47-03","3","8","Entregue","0","4726","804","Camisete Feminina Geovanna","Camisete Feminina Geovanna","1988","4075","1988GG","GG","16","Camisete","1","267.7","0","267.7","0","camisete-feminina-geovanna"
"0012512792734","4726","2025-12-02 15:43:47-03","3","8","Entregue","0","4726","729","Calça Feminina Boot Cut Paty","Calça Feminina Boot Cut Paty","1914","3792","191444","44","8","Calça","1","257.7","0","257.7","0","calca-feminina-boot-cut-paty"
"0012512565990","4727","2025-12-02 23:07:58-03","1","8","Entregue","258.93","4727","575","Calça Feminina  Boot Cut Corcel","Calça Feminina  Boot Cut Corcel","1779","2922","177942","42","8","Calça","1","287.7","28.77","258.93","0","calca-feminina-boot-cut-corcel"
"0012512691329","4728","2025-12-03 13:18:37-03","3","8","Entregue","270","4728","1055","Calça Feminina Boot Cut Mônica","Calça Feminina Boot Cut Mônica","2207","4961","220744","44","45","Lançamentos","1","287.7","17.7","270","0","calca-feminina-boot-cut-monica"
"0012512245425","4729","2025-12-03 15:38:20-03","1","8","Entregue","164.56","4729","425","Blusa Feminina  Campo Primavera Canelada","Blusa Feminina Campo Primavera Canelada","1658","2176","1658G","G","39","Outlet","1","99.8","24.95","74.85","0","blusa-feminina-campo-primavera-canelada"
"0012512245425","4729","2025-12-03 15:38:20-03","1","8","Entregue","164.56","4729","552","Short Maya","Short Maya","1730","2780","1730GPINK","G - Pink","39","Outlet","1","39.9","9.97","29.93","0","short-maya"
"0012512245425","4729","2025-12-03 15:38:20-03","1","8","Entregue","164.56","4729","552","Short Maya","Short Maya","1730","2781","1730GLILAS","G - LILAS","39","Outlet","1","39.9","9.97","29.93","0","short-maya"
"0012512245425","4729","2025-12-03 15:38:20-03","1","8","Entregue","164.56","4729","428","Blusa Feminina By Cabana","Blusa Feminina  By Cabana","1652","2196","1652M","M","39","Outlet","1","39.8","9.95","29.85","0","blusa-feminina-by-cabana"
"0012512670055","4730","2025-12-03 21:31:28-03","1","8","Entregue","244.55","4730","575","Calça Feminina  Boot Cut Corcel","Calça Feminina  Boot Cut Corcel","1779","2920","177938","38","8","Calça","1","287.7","43.15","244.55","0","calca-feminina-boot-cut-corcel"
"0012512929660","4731","2025-12-03 22:38:40-03","1","8","Entregue","438.1","4731","1075","Calça Boot Cut Feminina Emanuely","Calça Boot Cut Feminina Emanuely","2227","5047","222738","38","45","Lançamentos","1","257.7","38.65","219.05","0","calca-boot-cut-feminina-emanuely"
"0012512929660","4731","2025-12-03 22:38:40-03","1","8","Entregue","438.1","4731","168","Calça Jeans Feminina Boot Cut Morgan ","Calça Jeans Feminina Boot Cut Morgan ","1260","675","126038","38","8","Calça","1","257.7","38.65","219.05","0","calca-jeans-feminina-boot-cut-morgan"
"0012512184375","4732","2025-12-03 22:45:42-03","1","8","Entregue","684.77","4732","575","Calça Feminina  Boot Cut Corcel","Calça Feminina  Boot Cut Corcel","1779","2921","177940","40","8","Calça","1","287.7","71.92","215.78","0","calca-feminina-boot-cut-corcel"
"0012512184375","4732","2025-12-03 22:45:42-03","1","8","Entregue","684.77","4732","292","Calça Feminina Montaria Alice","Calça Feminina Montaria Alice","1537","1408","1537M","M","46","Mais Vendidos","1","209.9","52.47","157.43","0","calca-feminina-montaria-alice"
"0012512184375","4732","2025-12-03 22:45:42-03","1","8","Entregue","684.77","4732","168","Calça Jeans Feminina Boot Cut Morgan ","Calça Jeans Feminina Boot Cut Morgan ","1260","675","126038","38","8","Calça","1","257.7","64.42","193.28","0","calca-jeans-feminina-boot-cut-morgan"
"0012512184375","4732","2025-12-03 22:45:42-03","1","8","Entregue","684.77","4732","985","T-Shirt Feminina Rodeio","T-Shirt Feminina Rodeio","2138","4754","2138M","M","45","Lançamentos","1","157.7","39.42","118.28","0","t-shirt-feminina-rodeio"
"0012512980960","4733","2025-12-03 22:47:54-03","1","8","Entregue","244.55","4733","575","Calça Feminina  Boot Cut Corcel","Calça Feminina  Boot Cut Corcel","1779","4300","177934","34","8","Calça","1","287.7","43.15","244.55","0","calca-feminina-boot-cut-corcel"
"0012512097186","4734","2025-12-05 11:29:04-03","3","8","Entregue","0","4734","575","Calça Feminina  Boot Cut Corcel","Calça Feminina  Boot Cut Corcel","1779","2919","177936","36","8","Calça","1","287.7","14.38","273.32","0","calca-feminina-boot-cut-corcel"
"0012512996996","4735","2025-12-08 11:10:55-03","3","8","Entregue","0","4735","602","Blusa Feminina Relíquia","Blusa Feminina Relíquia","1800","3083","1800GG","GG","48","Verão 2024","1","147.7","14.77","132.93","0","blusa-feminina-reliquia"
"0012512996996","4735","2025-12-08 11:10:55-03","3","8","Entregue","0","4735","575","Calça Feminina  Boot Cut Corcel","Calça Feminina  Boot Cut Corcel","1779","2923","177944","44","8","Calça","1","287.7","28.77","258.93","0","calca-feminina-boot-cut-corcel"
"0012512996996","4735","2025-12-08 11:10:55-03","3","8","Entregue","0","4735","1024","T-Shirt Feminina Bia","T-Shirt Bia","2153","4847","2153GG","GG","45","Lançamentos","1","157.7","15.77","141.93","0","t-shirt-bia"
"0012512887412","4736","2025-12-08 14:35:48-03","3","8","Entregue","0","4736","575","Calça Feminina  Boot Cut Corcel","Calça Feminina  Boot Cut Corcel","1779","2921","177940","40","8","Calça","1","287.7","43.16","244.54","0","calca-feminina-boot-cut-corcel"
"0012512442316","4737","2025-12-09 14:26:13-03","3","8","Entregue","157.7","4737","1025","T-Shirt Feminina Carolina","T-Shirt Feminina Carolina","2154","4851","2154G","G","45","Lançamentos","1","157.7","0","157.7","0","t-shirt-feminina-carolina"
"0012512937476","4738","2025-12-09 16:59:54-03","1","8","Entregue","278.16","4738","1070","Vestido Feminino Cristina","Vestido Feminino Cristina","2223","5009","2223GG","GG","45","Lançamentos","1","347.7","69.54","278.16","0","vestido-cristina"
"0012512928523","4739","2025-12-09 21:39:21-03","1","8","Entregue","169.83","4739","847","Vestido Feminino Suzy","Vestido Feminino Suzy","2023","4232","2023G","G","39","Outlet","1","199.8","29.97","169.83","0","vestido-feminino-suzy"
"0012512241491","4740","2025-12-10 16:01:06-03","1","8","Entregue","258.93","4740","575","Calça Feminina  Boot Cut Corcel","Calça Feminina  Boot Cut Corcel","1779","2921","177940","40","8","Calça","1","287.7","28.77","258.93","0","calca-feminina-boot-cut-corcel"
"0012512907123","4741","2025-12-10 18:28:29-03","1","8","Entregue","305.63","4741","1063","Vestido Feminino Sophia","Vestido Feminino Sophia","2209","4979","2209M","M","45","Lançamentos","1","347.7","86.92","260.78","0","vestido-feminino-sophia"
"0012512907123","4741","2025-12-10 18:28:29-03","1","8","Entregue","305.63","4741","990","Passador de Lenço Bridão Cabana","Passador de Lenço Bridão Cabana","2155","4778","2155U","Único","45","Lançamentos","1","59.8","14.95","44.85","0","passador-de-lenco-bridao-cabana"
"0012512907123","4741","2025-12-10 18:28:29-03","1","8","Entregue","305.63","4741","937","Lenço Feminino Cabana 67x68","Lenço Feminino Cabana 67x68","2101","4569","2101U","Único","45","Lançamentos","1","79.9","0","79.9","0","lenco-feminino-cabana-2101u"
"0012512009370","4742","2025-12-10 22:49:17-03","1","8","Entregue","463.6","4742","853","Calça Feminina Skinny Júlia","Calça Feminina Skinny Júlia","2048","4263","204838","38","8","Calça","1","257.7","38.65","219.05","0","calca-feminina-skinny-julia"
"0012512009370","4742","2025-12-10 22:49:17-03","1","8","Entregue","463.6","4742","575","Calça Feminina  Boot Cut Corcel","Calça Feminina  Boot Cut Corcel","1779","2920","177938","38","8","Calça","1","287.7","43.15","244.55","0","calca-feminina-boot-cut-corcel"
"0012512009370","4742","2025-12-10 22:49:17-03","1","8","Entregue","463.6","4742","937","Lenço Feminino Cabana 67x68","Lenço Feminino Cabana 67x68","2101","4569","2101U","Único","45","Lançamentos","1","79.9","0","79.9","0","lenco-feminino-cabana-2101u"
"0012512434718","4743","2025-12-11 22:00:55-03","1","8","Entregue","273.32","4743","575","Calça Feminina  Boot Cut Corcel","Calça Feminina  Boot Cut Corcel","1779","2922","177942","42","8","Calça","1","287.7","14.38","273.32","0","calca-feminina-boot-cut-corcel"
"0012512570815","4744","2025-12-12 11:15:05-03","3","8","Entregue","278.16","4744","1070","Vestido Feminino Cristina","Vestido Feminino Cristina","2223","5012","2223P","P","45","Lançamentos","1","347.7","69.54","278.16","0","vestido-cristina"
"0012512092136","4745","2025-12-12 17:00:20-03","1","8","Entregue","312.93","4745","1070","Vestido Feminino Cristina","Vestido Feminino Cristina","2223","5010","2223G","G","45","Lançamentos","1","347.7","34.77","312.93","0","vestido-cristina"
"0012512490365","4746","2025-12-12 20:05:42-03","1","8","Entregue","244.82","4746","853","Calça Feminina Skinny Júlia","Calça Feminina Skinny Júlia","2048","4264","204836","36","8","Calça","1","257.7","12.88","244.82","0","calca-feminina-skinny-julia"
"0012512822235","4747","2025-12-13 19:43:28-03","1","2","Cancelado","263.82","4747","1066","Blusa Amarração Grazi","Blusa Amarração Grazi","2202","4989","2202M","M","45","Lançamentos","1","277.7","13.88","263.82","0","blusa-amarracao-grazi"
"0012512578403","4748","2025-12-15 17:32:26-03","1","8","Entregue","436.86","4748","575","Calça Feminina  Boot Cut Corcel","Calça Feminina  Boot Cut Corcel","1779","2921","177940","40","8","Calça","1","287.7","28.77","258.93","0","calca-feminina-boot-cut-corcel"
"0012512578403","4748","2025-12-15 17:32:26-03","1","8","Entregue","436.86","4748","960","Body Feminino Roberta","Body Feminino Roberta","2116","4638","2116GG","GG","45","Lançamentos","1","197.7","19.77","177.93","0","body-feminino-roberta"
"0012512030452","4749","2025-12-15 19:27:01-03","1","2","Cancelado","303.75","4749","631","Top Feminino Ana","Top Feminino Ana","1836","3233","1836G","G","3","Blusas","1","79.8","7.98","71.82","0","top-feminino-ana"
"0012512030452","4749","2025-12-15 19:27:01-03","1","2","Cancelado","303.75","4749","588","Calça Jeans Feminina Nobreza Cabana","Calça Jeans Feminina Nobreza Cabana","1808","3020","180842","42","8","Calça","1","257.7","25.77","231.93","0","calca-jeans-feminina-nobreza-cabana"
"0012512439272","4750","2025-12-16 08:45:33-03","1","8","Entregue","303.75","4750","631","Top Feminino Ana","Top Feminino Ana","1836","3233","1836G","G","3","Blusas","1","79.8","7.98","71.82","0","top-feminino-ana"
"0012512439272","4750","2025-12-16 08:45:33-03","1","8","Entregue","303.75","4750","588","Calça Jeans Feminina Nobreza Cabana","Calça Jeans Feminina Nobreza Cabana","1808","3020","180842","42","8","Calça","1","257.7","25.77","231.93","0","calca-jeans-feminina-nobreza-cabana"
"0012512574800","4751","2025-12-17 08:42:19-03","3","8","Entregue","297.28","4751","1070","Vestido Feminino Cristina","Vestido Feminino Cristina","2223","5009","2223GG","GG","45","Lançamentos","1","347.7","50.42","297.28","0","vestido-cristina"
"0012512078311","4752","2025-12-17 10:23:17-03","1","7","Transporte","139.86","4752","824","Vestido Feminino Fátima","Vestido Feminino Fátima","2003","4158","2003P","P","39","Outlet","1","155.4","15.54","139.86","0","vestido-feminino-fatima"
"0012512568137","4753","2025-12-17 13:11:49-03","3","8","Entregue","189.81","4753","807","Vestido Feminino Realeza ","Vestido Feminino Realeza ","1990","4092","1990M","M","39","Outlet","1","199.8","9.99","189.81","0","vestido-feminino-realeza"
"0012512929435","4754","2025-12-18 19:34:39-03","1","8","Entregue","288.61","4754","575","Calça Feminina  Boot Cut Corcel","Calça Feminina  Boot Cut Corcel","1779","2920","177938","38","8","Calça","1","287.7","28.77","258.93","29.68","calca-feminina-boot-cut-corcel"
"0012512596806","4755","2025-12-19 06:43:38-03","1","8","Entregue","273.32","4755","575","Calça Feminina  Boot Cut Corcel","Calça Feminina  Boot Cut Corcel","1779","2919","177936","36","8","Calça","1","287.7","14.38","273.32","0","calca-feminina-boot-cut-corcel"
"0012512523643","4756","2025-12-19 21:40:46-03","1","8","Entregue","244.55","4756","1048","Óculos Cabana Roberta","Óculos Cabana Roberta","2210","4949","2210U","Único","7","Acessórios","1","287.7","43.15","244.55","0","oculos-cabana-roberta-unico"
"0012512973797","4757","2025-12-21 23:19:53-03","1","8","Entregue","219.05","4757","853","Calça Feminina Skinny Júlia","Calça Feminina Skinny Júlia","2048","4265","204834","34","8","Calça","1","257.7","38.65","219.05","0","calca-feminina-skinny-julia"
"0012512818916","4758","2025-12-22 12:55:20-03","1","8","Entregue","244.55","4758","575","Calça Feminina  Boot Cut Corcel","Calça Feminina  Boot Cut Corcel","1779","2923","177944","44","8","Calça","1","287.7","43.15","244.55","0","calca-feminina-boot-cut-corcel"
"0012512608891","4759","2025-12-24 20:42:23-03","1","8","Entregue","258.93","4759","575","Calça Feminina  Boot Cut Corcel","Calça Feminina  Boot Cut Corcel","1779","2921","177940","40","8","Calça","1","287.7","28.77","258.93","0","calca-feminina-boot-cut-corcel"
"0012512714823","4760","2025-12-24 22:10:11-03","1","8","Entregue","302.1","4760","978","Regata Feminina Modeladora Zoe","Regata Feminina Modeladora Zoe","2145","4726","2145GG","GG","45","Lançamentos","1","167.7","25.15","142.55","0","regata-feminina-modeladora-zoe"
"0012512714823","4760","2025-12-24 22:10:11-03","1","8","Entregue","302.1","4760","795","Body Feminino Núbia","Body Feminino Núbia","1974","4042","1974GG","GG","11","Body","1","187.7","28.15","159.55","0","body-feminino-nubia"
"0012512716821","4761","2025-12-31 20:27:15-03","1","8","Entregue","150.73","4761","602","Blusa Feminina Relíquia","Blusa Feminina Relíquia","1800","3081","1800M","M","48","Verão 2024","1","147.7","14.77","132.93","17.8","blusa-feminina-reliquia"
"0012601945457","4762","2026-01-01 01:50:59-03","1","8","Entregue","258.93","4762","575","Calça Feminina  Boot Cut Corcel","Calça Feminina  Boot Cut Corcel","1779","2922","177942","42","8","Calça","1","287.7","28.77","258.93","0","calca-feminina-boot-cut-corcel"
"0012601242207","4763","2026-01-03 15:37:19-03","1","8","Entregue","141.01","4763","990","Passador de Lenço Bridão Cabana","Passador de Lenço Bridão Cabana","2155","4778","2155U","Único","45","Lançamentos","1","59.8","5.98","53.82","6.55","passador-de-lenco-bridao-cabana"
"0012601242207","4763","2026-01-03 15:37:19-03","1","8","Entregue","141.01","4763","937","Lenço Feminino Cabana 67x68","Lenço Feminino Cabana 67x68","2101","4569","2101U","Único","45","Lançamentos","1","79.9","7.99","71.91","8.73","lenco-feminino-cabana-2101u"
"0012601411948","4764","2026-01-04 18:43:28-03","1","2","Cancelado","273.32","4764","575","Calça Feminina  Boot Cut Corcel","Calça Feminina  Boot Cut Corcel","1779","2919","177936","36","8","Calça","1","287.7","14.38","273.32","0","calca-feminina-boot-cut-corcel"
"0012601338777","4765","2026-01-05 14:57:36-03","3","8","Entregue","273.32","4765","575","Calça Feminina  Boot Cut Corcel","Calça Feminina  Boot Cut Corcel","1779","4300","177934","34","8","Calça","1","287.7","14.38","273.32","0","calca-feminina-boot-cut-corcel"
"0012601792734","4766","2026-01-05 16:20:08-03","3","8","Entregue","0","4766","847","Vestido Feminino Suzy","Vestido Feminino Suzy","2023","4233","2023M","M","39","Outlet","1","199.8","29.97","169.83","0","vestido-feminino-suzy"
"0012601565990","4767","2026-01-05 16:54:06-03","3","8","Entregue","167.7","4767","758","Regata Modeladora Núbia","Regata Modeladora Núbia","1942","3924","1942M","M","6","Manga curta","1","167.7","0","167.7","0","regata-modeladora-nubia"
"0012601691329","4768","2026-01-05 20:59:52-03","1","8","Entregue","517.86","4768","1013","Óculos Cabana Larissa","Óculos Cabana Larissa","2181","4823","2181U","Único","7","Acessórios","1","287.7","28.77","258.93","0","oculos-cabana-larissa"
"0012601691329","4768","2026-01-05 20:59:52-03","1","8","Entregue","517.86","4768","995","Óculos Cabana Jaque","Óculos Cabana Jaque","2165","4788","2165U","Único","7","Acessórios","1","287.7","28.77","258.93","0","oculos-cabana-jaque"
"0012601245425","4769","2026-01-06 08:32:52-03","3","8","Entregue","379.62","4769","735","Chemise Feminina Leves Galopes","Chemise Feminina Leves Galopes","1917","3824","1917G","G","39","Outlet","1","199.8","9.99","189.81","0","chemise-feminina-leves-galopes"
"0012601245425","4769","2026-01-06 08:32:52-03","3","8","Entregue","379.62","4769","740","Vestido Feminino Midi Núbia","Vestido Midi Feminino Núbia","1925","3849","1925G","G","39","Outlet","1","199.8","9.99","189.81","0","vestido-feminino-midi-nubia"
"0012601670055","4770","2026-01-06 10:44:25-03","3","8","Entregue","546.64","4770","575","Calça Feminina  Boot Cut Corcel","Calça Feminina  Boot Cut Corcel","1779","2920","177938","38","8","Calça","1","287.7","14.38","273.32","0","calca-feminina-boot-cut-corcel"
"0012601670055","4770","2026-01-06 10:44:25-03","3","8","Entregue","546.64","4770","1082","Calça Feminina Boot Cut Bridão","Calça Feminina Boot Cut Bridão","2149","5085","214938","38","45","Lançamentos","1","287.7","14.38","273.32","0","calca-feminina-boot-cut-bridao"
"0012601929660","4771","2026-01-06 11:34:29-03","3","8","Entregue","339.2","4771","937","Lenço Feminino Cabana 67x68","Lenço Feminino Cabana 67x68","2101","4569","2101U","Único","45","Lançamentos","1","79.9","0","79.9","0","lenco-feminino-cabana-2101u"
"0012601929660","4771","2026-01-06 11:34:29-03","3","8","Entregue","339.2","4771","937","Lenço Feminino Cabana 67x68","Lenço Feminino Cabana 67x68","2101","4569","2101U","Único","45","Lançamentos","1","79.9","0","79.9","0","lenco-feminino-cabana-2101u"
"0012601929660","4771","2026-01-06 11:34:29-03","3","8","Entregue","339.2","4771","990","Passador de Lenço Bridão Cabana","Passador de Lenço Bridão Cabana","2155","4778","2155U","Único","45","Lançamentos","1","59.8","0","59.8","0","passador-de-lenco-bridao-cabana"
"0012601929660","4771","2026-01-06 11:34:29-03","3","8","Entregue","339.2","4771","990","Passador de Lenço Bridão Cabana","Passador de Lenço Bridão Cabana","2155","4778","2155U","Único","45","Lançamentos","1","59.8","0","59.8","0","passador-de-lenco-bridao-cabana"
"0012601929660","4771","2026-01-06 11:34:29-03","3","8","Entregue","339.2","4771","990","Passador de Lenço Bridão Cabana","Passador de Lenço Bridão Cabana","2155","4778","2155U","Único","45","Lançamentos","1","59.8","0","59.8","0","passador-de-lenco-bridao-cabana"
"0012601184375","4772","2026-01-06 12:10:00-03","3","8","Entregue","0","4772","853","Calça Feminina Skinny Júlia","Calça Feminina Skinny Júlia","2048","4265","204834","34","8","Calça","1","257.7","38.66","219.04","0","calca-feminina-skinny-julia"
"0012601980960","4773","2026-01-06 12:35:20-03","1","8","Entregue","149.82","4773","1077","Blusa Feminina Grazi","Blusa Feminina Grazi","2231","5057","2231G","G","45","Lançamentos","1","157.7","7.88","149.82","0","blusa-feminina-grazi"
"0012601097186","4774","2026-01-06 14:48:56-03","3","7","Transporte","0","4774","1050","Óculos Cabana Morgan","Óculos Cabana Morgan","2212","4953","2212U","Único","7","Acessórios","1","287.7","0","287.7","0","oculos-cabana-morgan-unico"
"0012601097186","4774","2026-01-06 14:48:56-03","3","7","Transporte","0","4774","1034","Colete Feminino Alfaiataria Adriela","Colete Feminino Alfaiataria Adriela","2191","4889","2191M","M","39","Outlet","1","259.8","0","259.8","0","colete-feminino-alfaiataria-adriela"
"0012601097186","4774","2026-01-06 14:48:56-03","3","7","Transporte","0","4774","1037","Blusa Courino Cabana Black","Blusa Courino Cabana Black","2141","4904","2141M","M","45","Lançamentos","1","187.7","0","187.7","0","blusa-courino-cabana-black"
"0012601097186","4774","2026-01-06 14:48:56-03","3","7","Transporte","0","4774","978","Regata Feminina Modeladora Zoe","Regata Feminina Modeladora Zoe","2145","4724","2145M","M","45","Lançamentos","1","167.7","0","167.7","0","regata-feminina-modeladora-zoe"
"0012601097186","4774","2026-01-06 14:48:56-03","3","7","Transporte","0","4774","758","Regata Modeladora Núbia","Regata Modeladora Núbia","1942","3924","1942M","M","6","Manga curta","1","167.7","0","167.7","0","regata-modeladora-nubia"
"0012601097186","4774","2026-01-06 14:48:56-03","3","7","Transporte","0","4774","476","Regata Feminina Neblina","Regata Feminina Neblina","1694","2413","1694-M","M","39","Outlet","1","137.7","0","137.7","0","regata-feminina-neblina"
"0012601097186","4774","2026-01-06 14:48:56-03","3","7","Transporte","0","4774","807","Vestido Feminino Realeza ","Vestido Feminino Realeza ","1990","4092","1990M","M","39","Outlet","1","199.8","0","199.8","0","vestido-feminino-realeza"
"0012601097186","4774","2026-01-06 14:48:56-03","3","7","Transporte","0","4774","1038","Blusa Courino Cabana Off White","Blusa Courino Cabana Off White","2095","4909","2095M","M","45","Lançamentos","1","187.7","0","187.7","0","blusa-courino-cabana-off-white"
"0012601996996","4775","2026-01-07 09:47:43-03","1","8","Entregue","257.7","4775","168","Calça Jeans Feminina Boot Cut Morgan ","Calça Jeans Feminina Boot Cut Morgan ","1260","675","126038","38","8","Calça","1","257.7","0","257.7","0","calca-jeans-feminina-boot-cut-morgan"
"0012601887412","4776","2026-01-08 16:35:08-03","1","2","Cancelado","157.7","4776","1045","T-Shirt Feminina Bridão Júlia","T-Shirt Feminina Bridão Júlia","2196","4935","2196G","G","45","Lançamentos","1","157.7","0","157.7","0","t-shirt-feminina-bridao-julia"
"0012601442316","4777","2026-01-08 23:19:23-03","1","8","Entregue","244.55","4777","575","Calça Feminina  Boot Cut Corcel","Calça Feminina  Boot Cut Corcel","1779","2920","177938","38","8","Calça","1","287.7","43.15","244.55","0","calca-feminina-boot-cut-corcel"
"0012601937476","4778","2026-01-09 00:00:41-03","1","8","Entregue","517.86","4778","575","Calça Feminina  Boot Cut Corcel","Calça Feminina  Boot Cut Corcel","1779","2922","177942","42","8","Calça","1","287.7","28.77","258.93","0","calca-feminina-boot-cut-corcel"
"0012601937476","4778","2026-01-09 00:00:41-03","1","8","Entregue","517.86","4778","1082","Calça Feminina Boot Cut Bridão","Calça Feminina Boot Cut Bridão","2149","5083","214942","42","45","Lançamentos","1","287.7","28.77","258.93","0","calca-feminina-boot-cut-bridao"
"0012601928523","4779","2026-01-09 16:00:53-03","3","8","Entregue","0","4779","758","Regata Modeladora Núbia","Regata Modeladora Núbia","1942","3924","1942M","M","6","Manga curta","1","167.7","0","167.7","0","regata-modeladora-nubia"
"0012601928523","4779","2026-01-09 16:00:53-03","3","8","Entregue","0","4779","1072","Blusa Feminina Amarração Olivia","Blusa Feminina Amarração Olivia","2224","5034","2224M","M","45","Lançamentos","1","277.7","0","277.7","0","blusa-feminina-amarracao-laura"
"0012601928523","4779","2026-01-09 16:00:53-03","3","8","Entregue","0","4779","575","Calça Feminina  Boot Cut Corcel","Calça Feminina  Boot Cut Corcel","1779","2920","177938","38","8","Calça","1","287.7","0","287.7","0","calca-feminina-boot-cut-corcel"
"0012601928523","4779","2026-01-09 16:00:53-03","3","8","Entregue","0","4779","1085","T-Shirt Feminina Alice","T-Shirt Feminina Alice","2239","5101","2239M","M","45","Lançamentos","1","157.7","0","157.7","0","t-shirt-feminina-alice"
"0012601241491","4780","2026-01-11 20:31:20-03","1","8","Entregue","397.38","4780","890","Vestido Moletom Feminino Rafaela","Vestido Moletom Feminino Rafaela","2053","4384","2053GG","GG","39","Outlet","1","179.8","26.97","152.83","0","vestido-moletom-feminino-rafaela"
"0012601241491","4780","2026-01-11 20:31:20-03","1","8","Entregue","397.38","4780","575","Calça Feminina  Boot Cut Corcel","Calça Feminina  Boot Cut Corcel","1779","2923","177944","44","8","Calça","1","287.7","43.15","244.55","0","calca-feminina-boot-cut-corcel"
"0012601907123","4781","2026-01-12 09:25:08-03","3","8","Entregue","0","4781","1076","Blusa Feminina Emanuely","Blusa Feminina Emanuely","2230","5053","2230M","M","45","Lançamentos","1","157.7","0","157.7","0","blusa-feminina-emanuely"
"0012601009370","4782","2026-01-12 09:29:19-03","2","8","Entregue","79.9","4782","990","Passador de Lenço Bridão Cabana","Passador de Lenço Bridão Cabana","2155","4778","2155U","Único","45","Lançamentos","1","79.9","0","79.9","0","passador-de-lenco-bridao-cabana"
"0012601434718","4783","2026-01-12 16:23:19-03","1","8","Entregue","141.93","4783","1044","T-Shirt Feminina Bridão Gabi","T-Shirt Feminina Bridão Gabi","2197","4929","2197M","M","45","Lançamentos","1","157.7","15.77","141.93","0","t-shirt-feminina-bridao-gabi"
"0012601570815","4784","2026-01-14 07:39:49-03","1","7","Transporte","187.82","4784","820","Vestido Feminino Lia","Vestido Feminino Lia","1991","4135","1991GG","GG","45","Lançamentos","1","197.7","9.88","187.82","0","vestido-feminino-lia"
"0012601092136","4785","2026-01-14 08:37:58-03","3","8","Entregue","0","4785","1022","Óculos Cabana Duda","Óculos Cabana Duda","2189","4840","2189U","Único","7","Acessórios","1","287.7","0","287.7","0","oculos-cabana-duda"
"0012601490365","4786","2026-01-14 15:02:14-03","3","7","Transporte","0","4786","1034","Colete Feminino Alfaiataria Adriela","Colete Feminino Alfaiataria Adriela","2191","4890","2191G","G","39","Outlet","1","259.8","0","259.8","0","colete-feminino-alfaiataria-adriela"
"0012601490365","4786","2026-01-14 15:02:14-03","3","7","Transporte","0","4786","476","Regata Feminina Neblina","Regata Feminina Neblina","1694","2412","1694-P","P","39","Outlet","1","137.7","0","137.7","0","regata-feminina-neblina"
"0012601490365","4786","2026-01-14 15:02:14-03","3","7","Transporte","0","4786","807","Vestido Feminino Realeza ","Vestido Feminino Realeza ","1990","4093","1990P","P","39","Outlet","1","199.8","0","199.8","0","vestido-feminino-realeza"
"0012601490365","4786","2026-01-14 15:02:14-03","3","7","Transporte","0","4786","1076","Blusa Feminina Emanuely","Blusa Feminina Emanuely","2230","5054","2230P","P","45","Lançamentos","1","157.7","0","157.7","0","blusa-feminina-emanuely"
"0012601490365","4786","2026-01-14 15:02:14-03","3","7","Transporte","0","4786","1077","Blusa Feminina Grazi","Blusa Feminina Grazi","2231","5059","2231P","P","45","Lançamentos","1","157.7","0","157.7","0","blusa-feminina-grazi"
"0012601822235","4787","2026-01-14 16:46:18-03","3","8","Entregue","299.64","4787","1092","T-Shirt Feminina Valentina","T-Shirt Feminina Valentina","2245","5133","2245GG","GG","45","Lançamentos","1","157.7","7.88","149.82","0","t-shirt-feminina-valentina"
"0012601822235","4787","2026-01-14 16:46:18-03","3","8","Entregue","299.64","4787","1083","T-Shirt Feminina Sophia","T-Shirt Feminina Sophia","2238","5089","2238GG","GG","45","Lançamentos","1","157.7","7.88","149.82","0","t-shirt-feminina-sophia"
"0012601578403","4788","2026-01-14 21:28:51-03","1","8","Entregue","357.75","4788","820","Vestido Feminino Lia","Vestido Feminino Lia","1991","4135","1991GG","GG","45","Lançamentos","1","197.7","19.77","177.93","0","vestido-feminino-lia"
"0012601578403","4788","2026-01-14 21:28:51-03","1","8","Entregue","357.75","4788","663","Vestido Feminino Angélica","Vestido Feminino Angélica","1853","3424","1853GG","GG","39","Outlet","1","199.8","19.98","179.82","0","vestido-feminino-angelica"
"0012601030452","4789","2026-01-15 11:36:41-03","1","8","Entregue","134.91","4789","1087","Vestido/Camisola Feminina Cabana","Vestido/ Camisola Feminina Cabana","2147","5110","2147G","G","1","Feminino","1","149.9","14.99","134.91","0","vestido-/-camisola-feminina-cabana"
"0012601439272","4790","2026-01-15 14:43:03-03","3","8","Entregue","187.82","4790","820","Vestido Feminino Lia","Vestido Feminino Lia","1991","4136","1991G","G","45","Lançamentos","1","197.7","9.88","187.82","0","vestido-feminino-lia"
"0012601574800","4791","2026-01-16 10:43:32-03","1","8","Entregue","297.7","4791","1086","Vestido Feminio Eliane","Vestido Feminio Eliane","2241","5107","2241P","P","45","Lançamentos","1","297.7","0","297.7","0","vestido-feminio-eliane"
"0012601078311","4792","2026-01-16 15:53:49-03","3","8","Entregue","0","4792","1091","T-Shirt Feminina Brenda","T-Shirt Feminina Brenda","2243","5128","2243GG","GG","45","Lançamentos","1","157.7","0","157.7","0","t-shirt-feminina-brenda-2243"
"0012601078311","4792","2026-01-16 15:53:49-03","3","8","Entregue","0","4792","575","Calça Feminina  Boot Cut Corcel","Calça Feminina  Boot Cut Corcel","1779","2923","177944","44","8","Calça","1","287.7","0","287.7","0","calca-feminina-boot-cut-corcel"
"0012601568137","4793","2026-01-16 16:38:47-03","3","8","Entregue","0","4793","1030","Camisete Feminina Roberta","Camisete Feminina Roberta","2121","4876","2121G","G","46","Mais Vendidos","1","247.7","26.77","220.93","0","camisete-feminina-roberta"
"0012601568137","4793","2026-01-16 16:38:47-03","3","8","Entregue","0","4793","575","Calça Feminina  Boot Cut Corcel","Calça Feminina  Boot Cut Corcel","1779","2923","177944","44","8","Calça","1","287.7","0","287.7","0","calca-feminina-boot-cut-corcel"
"0012601929435","4794","2026-01-16 16:55:47-03","1","8","Entregue","134.91","4794","1087","Vestido/Camisola Feminina Cabana","Vestido/ Camisola Feminina Cabana","2147","5110","2147G","G","1","Feminino","1","149.9","14.99","134.91","0","vestido-/-camisola-feminina-cabana"
"0012601596806","4795","2026-01-19 09:05:24-03","3","8","Entregue","0","4795","575","Calça Feminina  Boot Cut Corcel","Calça Feminina  Boot Cut Corcel","1779","2920","177938","38","8","Calça","1","287.7","0","287.7","0","calca-feminina-boot-cut-corcel"
"0012601596806","4795","2026-01-19 09:05:24-03","3","8","Entregue","0","4795","960","Body Feminino Roberta","Body Feminino Roberta","2116","4639","2116G","G","45","Lançamentos","1","197.7","0","197.7","0","body-feminino-roberta"
"0012601523643","4796","2026-01-19 09:15:18-03","3","8","Entregue","0","4796","168","Calça Jeans Feminina Boot Cut Morgan ","Calça Jeans Feminina Boot Cut Morgan ","1260","676","126040","40","8","Calça","1","257.7","0","257.7","0","calca-jeans-feminina-boot-cut-morgan"
"0012601973797","4797","2026-01-19 12:01:10-03","1","2","Cancelado","695.4","4797","1063","Vestido Feminino Sophia","Vestido Feminino Sophia","2209","4977","2209GG","GG","45","Lançamentos","1","347.7","0","347.7","0","vestido-feminino-sophia"
"0012601973797","4797","2026-01-19 12:01:10-03","1","2","Cancelado","695.4","4797","943","Vestido Feminino Emanuely","Vestido Feminino Emanuely","2201","4584","2201GG","GG","45","Lançamentos","1","347.7","0","347.7","0","vestido-feminino-emanuely"
"0012601818916","4798","2026-01-19 12:02:30-03","1","8","Entregue","695.4","4798","1063","Vestido Feminino Sophia","Vestido Feminino Sophia","2209","4977","2209GG","GG","45","Lançamentos","1","347.7","0","347.7","0","vestido-feminino-sophia"
"0012601818916","4798","2026-01-19 12:02:30-03","1","8","Entregue","695.4","4798","943","Vestido Feminino Emanuely","Vestido Feminino Emanuely","2201","4584","2201GG","GG","45","Lançamentos","1","347.7","0","347.7","0","vestido-feminino-emanuely"
"0012601608891","4799","2026-01-20 09:36:13-03","3","8","Entregue","149.9","4799","1087","Vestido/Camisola Feminina Cabana","Vestido/ Camisola Feminina Cabana","2147","5109","2147GG","GG","1","Feminino","1","149.9","0","149.9","0","vestido-/-camisola-feminina-cabana"
"0012601714823","4800","2026-01-21 10:56:41-03","3","8","Entregue","237.21","4800","1087","Vestido/Camisola Feminina Cabana","Vestido/ Camisola Feminina Cabana","2147","5109","2147GG","GG","1","Feminino","1","149.9","7.59","142.31","0","vestido-/-camisola-feminina-cabana"
"0012601714823","4800","2026-01-21 10:56:41-03","3","8","Entregue","237.21","4800","1088","Camisola Cabana Kids","Camisola Cabana Kids","2148","5116","214806","6","1","Feminino","1","99.9","5","94.9","0","camisola-cabana-kids"
"0012601716821","4801","2026-01-22 14:04:33-03","3","8","Entregue","142.4","4801","1087","Vestido/Camisola Feminina Cabana","Vestido/ Camisola Feminina Cabana","2147","5111","2147M","M","1","Feminino","1","149.9","7.5","142.4","0","vestido-/-camisola-feminina-cabana"
"0012601062497","4802","2026-01-22 21:57:57-03","1","8","Entregue","258.93","4802","575","Calça Feminina  Boot Cut Corcel","Calça Feminina  Boot Cut Corcel","1779","2922","177942","42","8","Calça","1","287.7","28.77","258.93","0","calca-feminina-boot-cut-corcel"
"0012601282694","4803","2026-01-23 01:30:35-03","1","8","Entregue","316.34","4803","575","Calça Feminina  Boot Cut Corcel","Calça Feminina  Boot Cut Corcel","1779","2921","177940","40","8","Calça","1","287.7","0","287.7","28.64","calca-feminina-boot-cut-corcel"
"0012601189959","4804","2026-01-23 09:15:06-03","3","8","Entregue","396.72","4804","575","Calça Feminina  Boot Cut Corcel","Calça Feminina  Boot Cut Corcel","1779","2921","177940","40","8","Calça","1","287.7","14.38","273.32","0","calca-feminina-boot-cut-corcel"
"0012601189959","4804","2026-01-23 09:15:06-03","3","8","Entregue","396.72","4804","793","Colar Feminino Ellos Cabana","Colar Feminino Ellos Cabana","1972","4038","1972U","Único","31","Colar","1","129.9","6.5","123.4","0","colar-feminino-ellos-cabana-1972"
"0012601101294","4805","2026-01-23 09:29:55-03","1","8","Entregue","510.13","4805","575","Calça Feminina  Boot Cut Corcel","Calça Feminina  Boot Cut Corcel","1779","2920","177938","38","8","Calça","1","287.7","43.15","244.55","19.7","calca-feminina-boot-cut-corcel"
"0012601101294","4805","2026-01-23 09:29:55-03","1","8","Entregue","510.13","4805","531","Chemise Feminina Bridão","Chemise Feminina Bridão","1752","2666","1752P","P","46","Mais Vendidos","1","267.7","40.15","227.55","18.33","chemise-feminina-bridao"
"0012601373705","4806","2026-01-23 13:57:21-03","3","8","Entregue","0","4806","631","Top Feminino Ana","Top Feminino Ana","1836","3232","1836M","M","3","Blusas","1","79.8","7.98","71.82","14.38","top-feminino-ana"
"0012601571283","4807","2026-01-23 14:43:21-03","3","8","Entregue","169.6","4807","983","Cropped Feminino Zoe","Cropped Feminino Zoe","2143","4751","2143GG","GG","45","Lançamentos","1","157.7","7.88","149.82","19.78","cropped-feminino-zoe"
"0012601274908","4808","2026-01-25 12:20:46-03","1","8","Entregue","258.93","4808","575","Calça Feminina  Boot Cut Corcel","Calça Feminina  Boot Cut Corcel","1779","2921","177940","40","8","Calça","1","287.7","28.77","258.93","0","calca-feminina-boot-cut-corcel"
"0012601903677","4809","2026-01-25 20:15:12-03","1","2","Cancelado","718.4","4809","841","Vestido Feminino Letícia","Vestido Feminino Letícia","1982","4204","1982P","P","39","Outlet","1","155.4","0","155.4","0","vestido-feminino-leticia"
"0012601903677","4809","2026-01-25 20:15:12-03","1","2","Cancelado","718.4","4809","825","Vestido Feminino Modal Lia Pantone","Vestido Feminino Modal Lia Pantone","2002","4162","2002M","M","39","Outlet","1","155.4","0","155.4","0","vestido-feminino-modal-lia-pantone"
"0012601903677","4809","2026-01-25 20:15:12-03","1","2","Cancelado","718.4","4809","809","Colete Feminino Lia","Colete Feminino Lia","1985","4102","1985M","M","39","Outlet","1","119.9","0","119.9","0","colete-feminino-lia"
"0012601903677","4809","2026-01-25 20:15:12-03","1","2","Cancelado","718.4","4809","575","Calça Feminina  Boot Cut Corcel","Calça Feminina  Boot Cut Corcel","1779","2920","177938","38","8","Calça","1","287.7","0","287.7","0","calca-feminina-boot-cut-corcel"
"0012601868092","4810","2026-01-25 20:17:05-03","1","8","Entregue","718.4","4810","841","Vestido Feminino Letícia","Vestido Feminino Letícia","1982","4204","1982P","P","39","Outlet","1","155.4","0","155.4","0","vestido-feminino-leticia"
"0012601868092","4810","2026-01-25 20:17:05-03","1","8","Entregue","718.4","4810","825","Vestido Feminino Modal Lia Pantone","Vestido Feminino Modal Lia Pantone","2002","4162","2002M","M","39","Outlet","1","155.4","0","155.4","0","vestido-feminino-modal-lia-pantone"
"0012601868092","4810","2026-01-25 20:17:05-03","1","8","Entregue","718.4","4810","809","Colete Feminino Lia","Colete Feminino Lia","1985","4102","1985M","M","39","Outlet","1","119.9","0","119.9","0","colete-feminino-lia"
"0012601868092","4810","2026-01-25 20:17:05-03","1","8","Entregue","718.4","4810","575","Calça Feminina  Boot Cut Corcel","Calça Feminina  Boot Cut Corcel","1779","2920","177938","38","8","Calça","1","287.7","0","287.7","0","calca-feminina-boot-cut-corcel"
"0012601411775","4811","2026-01-26 10:40:44-03","3","8","Entregue","0","4811","733","Bombacha Feminina Linho Marrom","Bombacha Feminina Linho Marrom","1922","3813","192238","38","8","Calça","1","297.7","0","297.7","0","bombacha-feminina-linho-marrom"
"0012601411775","4811","2026-01-26 10:40:44-03","3","8","Entregue","0","4811","734","Colete Feminino Linho Marrom","Colete Feminino Linho Marrom","1923","3819","1923M","M","18","Colete","1","169.9","0","169.9","0","colete-feminino-linho-marrom"
"0012601129448","4812","2026-01-26 15:31:45-03","1","2","Cancelado","273.32","4812","575","Calça Feminina  Boot Cut Corcel","Calça Feminina  Boot Cut Corcel","1779","2919","177936","36","8","Calça","1","287.7","14.38","273.32","0","calca-feminina-boot-cut-corcel"
"0012601589356","4813","2026-01-26 15:34:17-03","1","2","Cancelado","273.32","4813","575","Calça Feminina  Boot Cut Corcel","Calça Feminina  Boot Cut Corcel","1779","2919","177936","36","8","Calça","1","287.7","14.38","273.32","0","calca-feminina-boot-cut-corcel"
"0012601443739","4814","2026-01-26 17:21:26-03","1","8","Entregue","244.55","4814","575","Calça Feminina  Boot Cut Corcel","Calça Feminina  Boot Cut Corcel","1779","2922","177942","42","8","Calça","1","287.7","43.15","244.55","0","calca-feminina-boot-cut-corcel"
"0012601952320","4815","2026-01-26 20:06:58-03","1","8","Entregue","803.1","4815","943","Vestido Feminino Emanuely","Vestido Feminino Emanuely","2201","4585","2201G","G","45","Lançamentos","1","347.7","0","347.7","0","vestido-feminino-emanuely"
"0012601952320","4815","2026-01-26 20:06:58-03","1","8","Entregue","803.1","4815","1082","Calça Feminina Boot Cut Bridão","Calça Feminina Boot Cut Bridão","2149","5082","214944","44","45","Lançamentos","1","287.7","0","287.7","0","calca-feminina-boot-cut-bridao"
"0012601952320","4815","2026-01-26 20:06:58-03","1","8","Entregue","803.1","4815","978","Regata Feminina Modeladora Zoe","Regata Feminina Modeladora Zoe","2145","4726","2145GG","GG","45","Lançamentos","1","167.7","0","167.7","0","regata-feminina-modeladora-zoe"
"0012601642008","4816","2026-01-27 11:30:30-03","3","8","Entregue","0","4816","1063","Vestido Feminino Sophia","Vestido Feminino Sophia","2209","4977","2209GG","GG","45","Lançamentos","1","347.7","0","347.7","0","vestido-feminino-sophia"
"0012601642008","4816","2026-01-27 11:30:30-03","3","8","Entregue","0","4816","943","Vestido Feminino Emanuely","Vestido Feminino Emanuely","2201","4584","2201GG","GG","45","Lançamentos","1","347.7","0","347.7","0","vestido-feminino-emanuely"
"0012601328535","4817","2026-01-27 13:35:16-03","3","8","Entregue","0","4817","576","Jaqueta Feminina Maxi Ônix","Jaqueta Feminina Max Ônix","1780","2925","1780P","P","46","Mais Vendidos","1","317.7","0","317.7","0","jaqueta-feminina-max-onix"
"0012601481040","4818","2026-01-27 15:30:02-03","3","8","Entregue","0","4818","575","Calça Feminina  Boot Cut Corcel","Calça Feminina  Boot Cut Corcel","1779","2919","177936","36","8","Calça","1","287.7","0","287.7","0","calca-feminina-boot-cut-corcel"
"0012601481040","4818","2026-01-27 15:30:02-03","3","8","Entregue","0","4818","1084","T-Shirt Feminina Laura ","T-Shirt Feminina Laura ","2240","5097","2240P","P","45","Lançamentos","1","157.7","0","157.7","0","t-shirt-feminina-laura"
"0012601143832","4819","2026-01-29 10:05:17-03","3","8","Entregue","0","4819","1087","Vestido/Camisola Feminina Cabana","Vestido/ Camisola Feminina Cabana","2147","5109","2147GG","GG","1","Feminino","1","149.9","0","149.9","0","vestido-/-camisola-feminina-cabana"
"0012601818011","4820","2026-01-29 15:00:04-03","1","8","Entregue","454.86","4820","1086","Vestido Feminio Eliane","Vestido Feminio Eliane","2241","5104","2241GG","GG","45","Lançamentos","1","347.7","34.77","312.93","0","vestido-feminio-eliane"
"0012601818011","4820","2026-01-29 15:00:04-03","1","8","Entregue","454.86","4820","1092","T-Shirt Feminina Valentina","T-Shirt Feminina Valentina","2245","5133","2245GG","GG","45","Lançamentos","1","157.7","15.77","141.93","0","t-shirt-feminina-valentina"
"0012601604727","4821","2026-01-30 12:48:39-03","1","8","Entregue","273.32","4821","575","Calça Feminina  Boot Cut Corcel","Calça Feminina  Boot Cut Corcel","1779","2921","177940","40","8","Calça","1","287.7","14.38","273.32","0","calca-feminina-boot-cut-corcel"
"0012601926019","4822","2026-01-31 11:06:55-03","1","8","Entregue","1178.3","4822","1045","T-Shirt Feminina Bridão Júlia","T-Shirt Feminina Bridão Júlia","2196","4935","2196G","G","45","Lançamentos","1","157.7","0","157.7","0","t-shirt-feminina-bridao-julia"
"0012601926019","4822","2026-01-31 11:06:55-03","1","8","Entregue","1178.3","4822","1076","Blusa Feminina Emanuely","Blusa Feminina Emanuely","2230","5052","2230G","G","45","Lançamentos","1","157.7","0","157.7","0","blusa-feminina-emanuely"
"0012601926019","4822","2026-01-31 11:06:55-03","1","8","Entregue","1178.3","4822","575","Calça Feminina  Boot Cut Corcel","Calça Feminina  Boot Cut Corcel","1779","2923","177944","44","8","Calça","1","287.7","0","287.7","0","calca-feminina-boot-cut-corcel"
"0012601926019","4822","2026-01-31 11:06:55-03","1","8","Entregue","1178.3","4822","981","Blusa Feminina Suzy","Blusa Feminina Suzy","2140","4740","2140G","G","1","Feminino","1","147.7","0","147.7","0","blusa-feminina-suzy"
"0012601926019","4822","2026-01-31 11:06:55-03","1","8","Entregue","1178.3","4822","970","Body Feminino Gateado","Body Feminino Gateado","2117","4690","2117G","G","45","Lançamentos","1","197.7","0","197.7","0","body-feminino-gateado-2117"
"0012601926019","4822","2026-01-31 11:06:55-03","1","8","Entregue","1178.3","4822","788","Colar Feminino Ellos Cabana","Colar Feminino Ellos Cabana","1967","4028","1967U","Único","31","Colar","1","129.9","0","129.9","0","colar-feminino-ellos-cabana-1967"
"0012601926019","4822","2026-01-31 11:06:55-03","1","8","Entregue","1178.3","4822","785","Pulseira Feminina Laços Cabana","Pulseira Feminina Laços Cabana","1964","4022","1964U","Único","30","Pulseira","1","99.9","0","99.9","0","pulseira-feminina-lacos-cabana"
"0012601406761","4823","2026-01-31 20:41:17-03","1","8","Entregue","102.68","4823","786","Pulseira Feminina Laços Cabana ","Pulseira Feminina Laços Cabana ","1965","4024","1965U","Único","30","Pulseira","1","99.9","14.98","84.92","17.76","pulseira-feminina-lacos-cabana-1965"
"0012602945457","4824","2026-02-01 15:28:38-03","1","8","Entregue","587.4","4824","575","Calça Feminina  Boot Cut Corcel","Calça Feminina  Boot Cut Corcel","1779","2923","177944","44","8","Calça","1","287.7","0","287.7","0","calca-feminina-boot-cut-corcel"
"0012602945457","4824","2026-02-01 15:28:38-03","1","8","Entregue","587.4","4824","911","Colar Feminino Choker Cabana","Colar Feminino Choker Cabana","2073","4457","2073U","Único","31","Colar","1","99.9","0","99.9","0","colar-feminino-choker-cabana-2073u"
"0012602945457","4824","2026-02-01 15:28:38-03","1","8","Entregue","587.4","4824","907","Pulseira Feminina Bridão Cabana","Pulseira Feminina Bridão Cabana","2071","4443","2071U","Único","29","Semi-Jóias","1","99.9","0","99.9","0","pulseira-feminina-bridao-cabana-2071u"
"0012602945457","4824","2026-02-01 15:28:38-03","1","8","Entregue","587.4","4824","875","Colar Feminino Choker Cabana","Colar Feminino Choker Cabana","2034","4341","2034U","Único","31","Colar","1","99.9","0","99.9","0","colar-feminino-choker-cabana-unico-2034U"
"0012602242207","4825","2026-02-03 20:42:47-03","1","8","Entregue","517.5","4825","1034","Colete Feminino Alfaiataria Adriela","Colete Feminino Alfaiataria Adriela","2191","4888","2191P","P","39","Outlet","1","259.8","0","259.8","0","colete-feminino-alfaiataria-adriela"
"0012602242207","4825","2026-02-03 20:42:47-03","1","8","Entregue","517.5","4825","853","Calça Feminina Skinny Júlia","Calça Feminina Skinny Júlia","2048","4262","204840","40","8","Calça","1","257.7","0","257.7","0","calca-feminina-skinny-julia"
"0012602411948","4826","2026-02-04 13:39:32-03","1","8","Entregue","575.4","4826","1055","Calça Feminina Boot Cut Mônica","Calça Feminina Boot Cut Mônica","2207","4966","220734","34","45","Lançamentos","1","287.7","0","287.7","0","calca-feminina-boot-cut-monica"
"0012602411948","4826","2026-02-04 13:39:32-03","1","8","Entregue","575.4","4826","575","Calça Feminina  Boot Cut Corcel","Calça Feminina  Boot Cut Corcel","1779","4300","177934","34","8","Calça","1","287.7","0","287.7","0","calca-feminina-boot-cut-corcel"
"0012602338777","4827","2026-02-05 15:11:04-03","3","8","Entregue","0","4827","602","Blusa Feminina Relíquia","Blusa Feminina Relíquia","1800","3082","1800G","G","48","Verão 2024","1","147.7","0","147.7","0","blusa-feminina-reliquia"
"0012602792734","4828","2026-02-05 22:19:33-03","1","8","Entregue","299.64","4828","1076","Blusa Feminina Emanuely","Blusa Feminina Emanuely","2230","5053","2230M","M","45","Lançamentos","1","157.7","7.88","149.82","0","blusa-feminina-emanuely"
"0012602792734","4828","2026-02-05 22:19:33-03","1","8","Entregue","299.64","4828","504","Cropped Feminino Realeza","Cropped Feminino Realeza","1712","2546","1712M","M","10","Regata","1","157.7","7.88","149.82","0","cropped-feminino-realeza"
"0012602565990","4829","2026-02-06 13:54:12-03","3","8","Entregue","540.3","4829","1095","Vestido Feminino Babado Alice","Vestido Feminino Babado Alice","2236","5153","2236G","G","45","Lançamentos","1","347.7","102.86","244.84","0","vestido-feminino-babado-alice"
"0012602565990","4829","2026-02-06 13:54:12-03","3","8","Entregue","540.3","4829","619","Regata Feminina Modeladora Luna","Regata Feminina Modeladora Luna","1805","3170","1805M","M","48","Verão 2024","1","167.7","25.16","142.54","0","regata-modeladora-luna"
"0012602565990","4829","2026-02-06 13:54:12-03","3","8","Entregue","540.3","4829","1069","Blusa Feminina Babado Núbia","Blusa Feminina Babado Núbia","2204","5006","2204M","M","45","Lançamentos","1","179.9","26.98","152.92","0","blusa-feminina-babado-nubia"
"0012602691329","4830","2026-02-06 19:34:16-03","1","8","Entregue","447.3","4830","631","Top Feminino Ana","Top Feminino Ana","1836","3233","1836G","G","3","Blusas","1","79.8","0","79.8","0","top-feminino-ana"
"0012602691329","4830","2026-02-06 19:34:16-03","1","8","Entregue","447.3","4830","575","Calça Feminina  Boot Cut Corcel","Calça Feminina  Boot Cut Corcel","1779","2921","177940","40","8","Calça","1","287.7","0","287.7","0","calca-feminina-boot-cut-corcel"
"0012602691329","4830","2026-02-06 19:34:16-03","1","8","Entregue","447.3","4830","688","Top Feminino Alice","Top Feminino Alice","1885","3566","1885GG","GG","39","Outlet","1","79.8","0","79.8","0","top-feminino-alice"
"0012602245425","4831","2026-02-07 15:28:20-03","1","8","Entregue","273.32","4831","575","Calça Feminina  Boot Cut Corcel","Calça Feminina  Boot Cut Corcel","1779","2921","177940","40","8","Calça","1","287.7","14.38","273.32","0","calca-feminina-boot-cut-corcel"
"0012602670055","4832","2026-02-08 22:23:28-03","1","8","Entregue","258.93","4832","575","Calça Feminina  Boot Cut Corcel","Calça Feminina  Boot Cut Corcel","1779","2921","177940","40","8","Calça","1","287.7","28.77","258.93","0","calca-feminina-boot-cut-corcel"
"0012602929660","4833","2026-02-09 08:16:16-03","1","8","Entregue","410.65","4833","978","Regata Feminina Modeladora Zoe","Regata Feminina Modeladora Zoe","2145","4726","2145GG","GG","45","Lançamentos","1","167.7","25.15","142.55","0","regata-feminina-modeladora-zoe"
"0012602929660","4833","2026-02-09 08:16:16-03","1","8","Entregue","410.65","4833","1026","T-Shirt Feminina Cavalgada","T-Shirt Cavalgada","2160","4857","2160GG","GG","45","Lançamentos","1","157.7","23.65","134.05","0","t-shirt-cavalgada"
"0012602929660","4833","2026-02-09 08:16:16-03","1","8","Entregue","410.65","4833","1089","T-Shirt Feminina Andreza","T-Shirt Feminina Andreza","2242","5118","2242GG","GG","45","Lançamentos","1","157.7","23.65","134.05","0","t-shirt-feminina-andreza"
"0012602184375","4834","2026-02-09 11:42:05-03","1","8","Entregue","254.32","4834","919","Saia Feminina Longa Marina","Saia Feminina Longa Marina","2078","4488","2078GG","GG","9","Saia","1","267.7","13.38","254.32","0","saia-feminina-longa-marina"
"0012602980960","4835","2026-02-10 16:10:32-03","1","8","Entregue","489.1","4835","575","Calça Feminina  Boot Cut Corcel","Calça Feminina  Boot Cut Corcel","1779","2922","177942","42","8","Calça","1","287.7","43.15","244.55","0","calca-feminina-boot-cut-corcel"
"0012602980960","4835","2026-02-10 16:10:32-03","1","8","Entregue","489.1","4835","575","Calça Feminina  Boot Cut Corcel","Calça Feminina  Boot Cut Corcel","1779","2923","177944","44","8","Calça","1","287.7","43.15","244.55","0","calca-feminina-boot-cut-corcel"
"0012602097186","4836","2026-02-11 08:43:27-03","3","8","Entregue","0","4836","1082","Calça Feminina Boot Cut Bridão","Calça Feminina Boot Cut Bridão","2149","5082","214944","44","45","Lançamentos","1","287.7","0","287.7","0","calca-feminina-boot-cut-bridao"
"0012602996996","4837","2026-02-11 14:52:02-03","1","8","Entregue","267.93","4837","897","Camisete Feminina Sandra","Camisete Feminina Sandra","2044","4411","2044P","P","16","Camisete","1","297.7","29.77","267.93","0","camisete-feminina-sandra"
"0012602887412","4838","2026-02-12 15:09:05-03","1","8","Entregue","347.7","4838","708","Vestido Feminino Gabriella","Vestido Feminino Gabriella","1900","3681","1900P","P","20","Vestido","1","347.7","0","347.7","0","vestido-feminino-gabriella"
"0012602442316","4839","2026-02-13 09:37:09-03","1","8","Entregue","258.93","4839","575","Calça Feminina  Boot Cut Corcel","Calça Feminina  Boot Cut Corcel","1779","2919","177936","36","8","Calça","1","287.7","28.77","258.93","0","calca-feminina-boot-cut-corcel"
"0012602937476","4840","2026-02-13 13:15:33-03","3","5","Crédito e Cadastro Aprovados","0","4840","985","T-Shirt Feminina Rodeio","T-Shirt Feminina Rodeio","2138","4755","2138G","G","45","Lançamentos","1","157.7","0","157.7","0","t-shirt-feminina-rodeio"
"0012602928523","4841","2026-02-13 14:25:36-03","1","8","Entregue","388.97","4841","1072","Blusa Feminina Amarração Olivia","Blusa Feminina Amarração Olivia","2224","5034","2224M","M","45","Lançamentos","1","277.7","41.65","236.05","0","blusa-feminina-amarracao-laura"
"0012602928523","4841","2026-02-13 14:25:36-03","1","8","Entregue","388.97","4841","1069","Blusa Feminina Babado Núbia","Blusa Feminina Babado Núbia","2204","5006","2204M","M","45","Lançamentos","1","179.9","26.98","152.92","0","blusa-feminina-babado-nubia"
"0012602241491","4842","2026-02-15 09:01:08-03","1","8","Entregue","320.63","4842","853","Calça Feminina Skinny Júlia","Calça Feminina Skinny Júlia","2048","4262","204840","40","8","Calça","1","257.7","12.88","244.82","0","calca-feminina-skinny-julia"
"0012602241491","4842","2026-02-15 09:01:08-03","1","8","Entregue","320.63","4842","604","Regata Feminina Amália","Regata Feminina Amália","1802","3090","1802P","P","39","Outlet","1","79.8","3.99","75.81","0","regata-feminina-amalia"
"0012602907123","4843","2026-02-16 09:56:12-03","1","8","Entregue","134.05","4843","1035","Cropped Feminino Rebeca","Cropped Feminino Rebeca","2129","4896","2129GG","GG","45","Lançamentos","1","157.7","23.65","134.05","0","cropped-feminino-rebeca"
"0012602009370","4844","2026-02-16 10:40:21-03","1","8","Entregue","330.32","4844","1095","Vestido Feminino Babado Alice","Vestido Feminino Babado Alice","2236","5152","2236GG","GG","45","Lançamentos","1","347.7","17.38","330.32","0","vestido-feminino-babado-alice"
"0012602434718","4845","2026-02-16 16:02:58-03","1","7","Transporte","244.55","4845","575","Calça Feminina  Boot Cut Corcel","Calça Feminina  Boot Cut Corcel","1779","4300","177934","34","8","Calça","1","287.7","43.15","244.55","0","calca-feminina-boot-cut-corcel"
"0012602570815","4846","2026-02-17 09:54:52-03","3","8","Entregue","330.31","4846","350","Vestido Feminino Querência","Vestido Feminino Querência","1569","1734","1569G","G","46","Mais Vendidos","1","347.7","17.39","330.31","0","vestido-feminino-querencia"
"0012602092136","4847","2026-02-17 10:51:26-03","1","8","Entregue","258.93","4847","575","Calça Feminina  Boot Cut Corcel","Calça Feminina  Boot Cut Corcel","1779","2920","177938","38","8","Calça","1","287.7","28.77","258.93","0","calca-feminina-boot-cut-corcel"
"0012602490365","4848","2026-02-17 13:29:57-03","3","8","Entregue","0","4848","1095","Vestido Feminino Babado Alice","Vestido Feminino Babado Alice","2236","5153","2236G","G","45","Lançamentos","1","347.7","0","347.7","0","vestido-feminino-babado-alice"
"0012602822235","4849","2026-02-17 13:34:46-03","1","2","Cancelado","273.32","4849","575","Calça Feminina  Boot Cut Corcel","Calça Feminina  Boot Cut Corcel","1779","2920","177938","38","8","Calça","1","287.7","14.38","273.32","0","calca-feminina-boot-cut-corcel"
"0012602578403","4850","2026-02-18 10:14:16-03","1","8","Entregue","134.05","4850","1085","T-Shirt Feminina Alice","T-Shirt Feminina Alice","2239","5101","2239M","M","45","Lançamentos","1","157.7","23.65","134.05","0","t-shirt-feminina-alice"
"0012602030452","4851","2026-02-18 11:15:51-03","3","8","Entregue","0","4851","993","Óculos Cabana Sandra","Óculos Cabana Sandra","2163","4784","2163U","Único","7","Acessórios","1","287.7","0","287.7","0","oculos-cabana-sandra"
"0012602439272","4852","2026-02-18 12:22:03-03","1","8","Entregue","106.56","4852","786","Pulseira Feminina Laços Cabana ","Pulseira Feminina Laços Cabana ","1965","4024","1965U","Único","30","Pulseira","1","99.9","9.99","89.91","16.65","pulseira-feminina-lacos-cabana-1965"
"0012602574800","4853","2026-02-18 15:46:50-03","3","8","Entregue","349.23","4853","1077","Blusa Feminina Grazi","Blusa Feminina Grazi","2231","5056","2231GG","GG","45","Lançamentos","1","157.7","7.88","149.82","0","blusa-feminina-grazi"
"0012602574800","4853","2026-02-18 15:46:50-03","3","8","Entregue","349.23","4853","1106","Calça Feminina Montaria Andreza","Calça Montaria Andreza","2252","5211","2252GG","GG","45","Lançamentos","1","209.9","10.49","199.41","0","calca-montaria-andreza"
"0012602078311","4854","2026-02-19 16:56:34-03","1","8","Entregue","244.55","4854","575","Calça Feminina  Boot Cut Corcel","Calça Feminina  Boot Cut Corcel","1779","2923","177944","44","8","Calça","1","287.7","43.15","244.55","0","calca-feminina-boot-cut-corcel"
"0012602568137","4855","2026-02-20 11:51:26-03","3","8","Entregue","0","4855","758","Regata Modeladora Núbia","Regata Modeladora Núbia","1942","3924","1942M","M","6","Manga curta","1","167.7","0","167.7","0","regata-modeladora-nubia"
"0012602568137","4855","2026-02-20 11:51:26-03","3","8","Entregue","0","4855","1117","Cinto Feminino Country Rodeio","Cinto Feminino Country Rodeio","2265","5268","2265U","Único","45","Lançamentos","1","189.9","0","189.9","0","cinto-feminino-country-rodeio-unico"
"0012602929435","4856","2026-02-20 15:16:35-03","1","8","Entregue","347.7","4856","350","Vestido Feminino Querência","Vestido Feminino Querência","1569","1734","1569G","G","46","Mais Vendidos","1","347.7","0","347.7","0","vestido-feminino-querencia"
"0012602596806","4857","2026-02-20 17:47:28-03","1","8","Entregue","463.6","4857","575","Calça Feminina  Boot Cut Corcel","Calça Feminina  Boot Cut Corcel","1779","2922","177942","42","8","Calça","1","287.7","43.15","244.55","0","calca-feminina-boot-cut-corcel"
"0012602596806","4857","2026-02-20 17:47:28-03","1","8","Entregue","463.6","4857","158","Calça Jeans Feminina Boot Cut Cabana","Calça Jeans Feminina Boot Cut Cabana","1186","606","118642","42","46","Mais Vendidos","1","257.7","38.65","219.05","0","calca-jeans-feminina-boot-cut-cabana"
"0012602523643","4858","2026-02-20 18:19:48-03","1","8","Entregue","244.55","4858","575","Calça Feminina  Boot Cut Corcel","Calça Feminina  Boot Cut Corcel","1779","2920","177938","38","8","Calça","1","287.7","43.15","244.55","0","calca-feminina-boot-cut-corcel"
"0012602973797","4859","2026-02-20 18:42:36-03","1","2","Cancelado","347.7","4859","943","Vestido Feminino Emanuely","Vestido Feminino Emanuely","2201","4586","2201M","M","45","Lançamentos","1","347.7","0","347.7","0","vestido-feminino-emanuely"
"0012602818916","4860","2026-02-20 18:43:08-03","1","2","Cancelado","347.7","4860","943","Vestido Feminino Emanuely","Vestido Feminino Emanuely","2201","4586","2201M","M","45","Lançamentos","1","347.7","0","347.7","0","vestido-feminino-emanuely"
"0012602608891","4861","2026-02-20 18:44:05-03","1","2","Cancelado","347.7","4861","943","Vestido Feminino Emanuely","Vestido Feminino Emanuely","2201","4586","2201M","M","45","Lançamentos","1","347.7","0","347.7","0","vestido-feminino-emanuely"
"0012602714823","4862","2026-02-22 12:32:30-03","1","8","Entregue","244.55","4862","575","Calça Feminina  Boot Cut Corcel","Calça Feminina  Boot Cut Corcel","1779","2920","177938","38","8","Calça","1","287.7","43.15","244.55","0","calca-feminina-boot-cut-corcel"
"0012602716821","4863","2026-02-23 07:52:58-03","1","8","Entregue","404.1","4863","575","Calça Feminina  Boot Cut Corcel","Calça Feminina  Boot Cut Corcel","1779","2921","177940","40","8","Calça","1","287.7","43.15","244.55","0","calca-feminina-boot-cut-corcel"
"0012602716821","4863","2026-02-23 07:52:58-03","1","8","Entregue","404.1","4863","1037","Blusa Courino Cabana Black","Blusa Courino Cabana Black","2141","4905","2141G","G","45","Lançamentos","1","187.7","28.15","159.55","0","blusa-courino-cabana-black"
"0012602062497","4864","2026-02-23 10:28:09-03","3","8","Entregue","0","4864","1082","Calça Feminina Boot Cut Bridão","Calça Feminina Boot Cut Bridão","2149","5087","214934","34","45","Lançamentos","1","287.7","0","287.7","0","calca-feminina-boot-cut-bridao"
"0012602062497","4864","2026-02-23 10:28:09-03","3","8","Entregue","0","4864","575","Calça Feminina  Boot Cut Corcel","Calça Feminina  Boot Cut Corcel","1779","4300","177934","34","8","Calça","1","287.7","0","287.7","0","calca-feminina-boot-cut-corcel"
"0012602282694","4865","2026-02-23 13:22:47-03","3","8","Entregue","0","4865","868","Blusa Feminina Melissa","Blusa Feminina Melissa","2031","4307","2031GG","GG","45","Lançamentos","1","187.7","0","187.7","0","blusa-feminina-melissa"
"0012602282694","4865","2026-02-23 13:22:47-03","3","8","Entregue","0","4865","1105","Calça Feminia Wide Leg Cabana Leo","Calça Feminia Wide Leg Cabana Leo","2200","5205","220042","42","45","Lançamentos","1","287.7","0","287.7","0","calca-feminia-wide-leg-cabana-leo"
"0012602189959","4866","2026-02-23 13:26:45-03","1","8","Entregue","139.86","4866","825","Vestido Feminino Modal Lia Pantone","Vestido Feminino Modal Lia Pantone","2002","4163","2002P","P","39","Outlet","1","155.4","15.54","139.86","0","vestido-feminino-modal-lia-pantone"
"0012602101294","4867","2026-02-23 14:16:51-03","1","8","Entregue","258.93","4867","575","Calça Feminina  Boot Cut Corcel","Calça Feminina  Boot Cut Corcel","1779","2920","177938","38","8","Calça","1","287.7","28.77","258.93","0","calca-feminina-boot-cut-corcel"
"0012602373705","4868","2026-02-24 08:50:21-03","1","8","Entregue","857.7","4868","922","Calça Feminina Skinny Délavé Pampa","Calça Feminina Skinny Délavé Pampa","2081","4507","208136","36","8","Calça","1","277.7","27.77","249.93","0","calca-feminina-skinny-delave-pampa"
"0012602373705","4868","2026-02-24 08:50:21-03","1","8","Entregue","857.7","4868","575","Calça Feminina  Boot Cut Corcel","Calça Feminina  Boot Cut Corcel","1779","2919","177936","36","8","Calça","1","287.7","28.77","258.93","0","calca-feminina-boot-cut-corcel"
"0012602373705","4868","2026-02-24 08:50:21-03","1","8","Entregue","857.7","4868","784","Pulseira Feminina Laços Cabana","Pulseira Feminina Laços Cabana","1963","4020","1963U","Único","30","Pulseira","1","99.9","9.99","89.91","0","pulseira-feminina-lacos-cabana-1963"
"0012602373705","4868","2026-02-24 08:50:21-03","1","8","Entregue","857.7","4868","968","Casaco Feminino Soft Clara","Casaco Feminino Soft Clara","2124","4678","2124P","P","45","Lançamentos","1","287.7","28.77","258.93","0","casaco-feminino-soft-clara"
"0012602571283","4869","2026-02-25 08:53:47-03","1","8","Entregue","189.81","4869","44","Calça Feminina Boot Cut Pandora","Calça Feminina Boot Cut Pandora","1406","76","140640","40","39","Outlet","1","199.8","9.99","189.81","0","calca-feminina-boot-cut-pandora"
"0012602274908","4870","2026-02-25 09:07:37-03","3","8","Entregue","0","4870","1104","Camisa Midi Feminina Cabana","Camisa Midi Feminina Cabana","2264","5200","2264G","G","45","Lançamentos","1","267.7","0","267.7","0","camisa-midi-feminina-cabana"
"0012602903677","4871","2026-02-25 11:05:23-03","1","2","Cancelado","347.7","4871","943","Vestido Feminino Emanuely","Vestido Feminino Emanuely","2201","4586","2201M","M","45","Lançamentos","1","347.7","0","347.7","0","vestido-feminino-emanuely"
"0012602868092","4872","2026-02-25 11:33:23-03","1","8","Entregue","267.93","4872","897","Camisete Feminina Sandra","Camisete Feminina Sandra","2044","4411","2044P","P","16","Camisete","1","297.7","29.77","267.93","0","camisete-feminina-sandra"
"0012602411775","4873","2026-02-25 21:46:04-03","1","2","Cancelado","273.32","4873","575","Calça Feminina  Boot Cut Corcel","Calça Feminina  Boot Cut Corcel","1779","2922","177942","42","8","Calça","1","287.7","14.38","273.32","0","calca-feminina-boot-cut-corcel"
"0012602129448","4874","2026-02-26 14:04:38-03","3","8","Entregue","0","4874","575","Calça Feminina  Boot Cut Corcel","Calça Feminina  Boot Cut Corcel","1779","2922","177942","42","8","Calça","1","287.7","28.77","258.93","0","calca-feminina-boot-cut-corcel"
"0012602589356","4875","2026-02-26 14:49:17-03","3","8","Entregue","147.63","4875","671","Jaqueta Feminina Bomber Paloma","Jaqueta Feminina Bomber Paloma","1864","3473","1864GGROSE","Rose - GG","39","Outlet","1","155.4","7.77","147.63","0","jaqueta-feminina-bomber-paloma"
"0012602443739","4876","2026-02-26 16:57:59-03","3","8","Entregue","0","4876","575","Calça Feminina  Boot Cut Corcel","Calça Feminina  Boot Cut Corcel","1779","2919","177936","36","8","Calça","1","287.7","0","287.7","0","calca-feminina-boot-cut-corcel"
"0012602952320","4877","2026-02-26 17:37:13-03","1","8","Entregue","287.7","4877","933","Calça Feminina Boot Cut Dani","Calça Feminina Boot Cut Dani","2092","4557","209242","42","45","Lançamentos","1","287.7","0","287.7","0","calca-feminina-boot-cut-dani"
"0012602642008","4878","2026-02-27 13:12:41-03","1","2","Cancelado","257.7","4878","729","Calça Feminina Boot Cut Paty","Calça Feminina Boot Cut Paty","1914","3795","191438","38","8","Calça","1","257.7","0","257.7","0","calca-feminina-boot-cut-paty"
"0012602328535","4879","2026-02-27 13:16:01-03","1","8","Entregue","257.7","4879","729","Calça Feminina Boot Cut Paty","Calça Feminina Boot Cut Paty","1914","3795","191438","38","8","Calça","1","257.7","0","257.7","0","calca-feminina-boot-cut-paty"
"0012602481040","4880","2026-02-28 13:12:39-03","1","8","Entregue","285.93","4880","576","Jaqueta Feminina Maxi Ônix","Jaqueta Feminina Max Ônix","1780","2927","1780G","G","46","Mais Vendidos","1","317.7","31.77","285.93","0","jaqueta-feminina-max-onix"
"0012602143832","4881","2026-02-28 14:59:40-03","1","2","Cancelado","347.7","4881","943","Vestido Feminino Emanuely","Vestido Feminino Emanuely","2201","4586","2201M","M","45","Lançamentos","1","347.7","0","347.7","0","vestido-feminino-emanuely"
"0012602818011","4882","2026-02-28 18:54:04-03","1","8","Entregue","235.32","4882","1062","Camisete Feminina Zoe","Camisete Feminina Zoe","2199","4975","2199P","P","45","Lançamentos","1","247.7","12.38","235.32","0","camisete-feminina-zoe"
"0012603945457","4883","2026-03-02 09:40:59-03","1","8","Entregue","327.6","4883","1100","Body Feminino Emanuely","Body Feminino Emanuely","2258","5181","2258P","P","45","Lançamentos","1","187.7","28.15","159.55","0","body-feminino-emanuely"
"0012603945457","4883","2026-03-02 09:40:59-03","1","8","Entregue","327.6","4883","316","Body Feminino Realeza","Body Feminino Realeza","1541","1528","1541P","P","45","Lançamentos","1","197.7","29.65","168.05","0","body-feminino-realeza"
"0012603242207","4884","2026-03-02 15:36:31-03","3","8","Entregue","180.41","4884","1117","Cinto Feminino Country Rodeio","Cinto Feminino Country Rodeio","2265","5268","2265U","Único","45","Lançamentos","1","189.9","9.49","180.41","0","cinto-feminino-country-rodeio-unico"
"0012603411948","4885","2026-03-02 21:28:07-03","1","8","Entregue","187.7","4885","1099","Body Feminino Rose","Body Feminino Rose","2255","5174","2255GG","GG","45","Lançamentos","1","187.7","0","187.7","0","body-feminino-rose"
"0012603338777","4886","2026-03-03 16:24:16-03","1","8","Entregue","244.55","4886","575","Calça Feminina  Boot Cut Corcel","Calça Feminina  Boot Cut Corcel","1779","2921","177940","40","8","Calça","1","287.7","43.15","244.55","0","calca-feminina-boot-cut-corcel"
"0012603792734","4887","2026-03-03 19:54:00-03","1","8","Entregue","273.32","4887","575","Calça Feminina  Boot Cut Corcel","Calça Feminina  Boot Cut Corcel","1779","2921","177940","40","8","Calça","1","287.7","14.38","273.32","0","calca-feminina-boot-cut-corcel"
"0012603565990","4888","2026-03-04 14:39:02-03","1","8","Entregue","312.93","4888","1063","Vestido Feminino Sophia","Vestido Feminino Sophia","2209","4985","2209P","P","45","Lançamentos","1","347.7","34.77","312.93","0","vestido-feminino-sophia"
"0012603691329","4889","2026-03-05 09:45:58-03","3","8","Entregue","0","4889","1072","Blusa Feminina Amarração Olivia","Blusa Feminina Amarração Olivia","2224","5033","2224G","G","45","Lançamentos","1","277.7","13.88","263.82","11.2","blusa-feminina-amarracao-laura"
"0012603691329","4889","2026-03-05 09:45:58-03","3","8","Entregue","0","4889","960","Body Feminino Roberta","Body Feminino Roberta","2116","4639","2116G","G","45","Lançamentos","1","197.7","9.88","187.82","7.98","body-feminino-roberta"
"0012603691329","4889","2026-03-05 09:45:58-03","3","8","Entregue","0","4889","922","Calça Feminina Skinny Délavé Pampa","Calça Feminina Skinny Délavé Pampa","2081","4503","208144","44","8","Calça","1","277.7","13.88","263.82","11.19","calca-feminina-skinny-delave-pampa"
"0012603245425","4890","2026-03-05 13:41:50-03","1","8","Entregue","219.05","4890","1075","Calça Boot Cut Feminina Emanuely","Calça Boot Cut Feminina Emanuely","2227","5047","222738","38","45","Lançamentos","1","257.7","38.65","219.05","0","calca-boot-cut-feminina-emanuely"
"0012603670055","4891","2026-03-07 15:36:52-03","1","8","Entregue","573.1","4891","976","Casaco Feminino Soft Lize","Casaco Feminino Soft Lize","2128","4714","2128M","M","45","Lançamentos","1","257.7","0","257.7","0","casaco-feminino-soft-lize"
"0012603670055","4891","2026-03-07 15:36:52-03","1","8","Entregue","573.1","4891","1026","T-Shirt Feminina Cavalgada","T-Shirt Cavalgada","2160","4855","2160M","M","45","Lançamentos","1","157.7","0","157.7","0","t-shirt-cavalgada"
"0012603670055","4891","2026-03-07 15:36:52-03","1","8","Entregue","573.1","4891","1085","T-Shirt Feminina Alice","T-Shirt Feminina Alice","2239","5100","2239G","G","45","Lançamentos","1","157.7","0","157.7","0","t-shirt-feminina-alice"
"0012603929660","4892","2026-03-08 10:58:40-03","1","8","Entregue","202.05","4892","703","Saia Feminina Courino Cabana","Saia Feminina Courino Cabana","1902","3649","1902GGMARROM","Marrom - GG","39","Outlet","1","237.7","35.65","202.05","0","saia-feminina-courino-cabana"
"0012603184375","4893","2026-03-09 11:19:53-03","3","8","Entregue","0","4893","698","Calça Feminina Boot Cut Amazona","Calça Feminina Boot Cut Amazona","1892","3613","189240","40","8","Calça","1","287.7","0","287.7","0","calca-feminina-boot-cut-amazona"
"0012603184375","4893","2026-03-09 11:19:53-03","3","8","Entregue","0","4893","1082","Calça Feminina Boot Cut Bridão","Calça Feminina Boot Cut Bridão","2149","5084","214940","40","45","Lançamentos","1","287.7","0","287.7","0","calca-feminina-boot-cut-bridao"
"0012603980960","4894","2026-03-09 13:40:44-03","1","8","Entregue","273.32","4894","575","Calça Feminina  Boot Cut Corcel","Calça Feminina  Boot Cut Corcel","1779","2923","177944","44","8","Calça","1","287.7","14.38","273.32","0","calca-feminina-boot-cut-corcel"
"0012603097186","4895","2026-03-09 15:19:32-03","1","8","Entregue","386.9","4895","158","Calça Jeans Feminina Boot Cut Cabana","Calça Jeans Feminina Boot Cut Cabana","1186","603","118636","36","46","Mais Vendidos","1","257.7","25.77","231.93","25.31","calca-jeans-feminina-boot-cut-cabana"
"0012603097186","4895","2026-03-09 15:19:32-03","1","8","Entregue","386.9","4895","790","Colar Feminino Ellos Cabana","Colar Feminino Ellos Cabana","1969","4032","1969U","Único","31","Colar","1","129.9","12.99","116.91","12.75","colar-feminino-ellos-cabana-unico-1969"
"0012603996996","4896","2026-03-09 20:37:40-03","1","8","Entregue","395.4","4896","966","Body Feminino Suzy","Body Feminino Suzy","2123","4671","2123GG","GG","45","Lançamentos","1","197.7","0","197.7","0","boady-feminino-suzy"
"0012603996996","4896","2026-03-09 20:37:40-03","1","8","Entregue","395.4","4896","961","Body Feminino Núbia ML","Body Feminino Núbia ML","2119","4643","2119GG","GG","45","Lançamentos","1","197.7","0","197.7","0","body-feminino-nubia-ml"
"0012603887412","4897","2026-03-10 10:03:54-03","1","8","Entregue","231.93","4897","729","Calça Feminina Boot Cut Paty","Calça Feminina Boot Cut Paty","1914","3794","191440","40","8","Calça","1","257.7","25.77","231.93","0","calca-feminina-boot-cut-paty"
"0012603442316","4898","2026-03-11 11:41:43-03","1","8","Entregue","312.93","4898","1095","Vestido Feminino Babado Alice","Vestido Feminino Babado Alice","2236","5152","2236GG","GG","45","Lançamentos","1","347.7","34.77","312.93","0","vestido-feminino-babado-alice"
"0012603937476","4899","2026-03-11 17:02:14-03","1","8","Entregue","295.55","4899","438","Vestido Feminino Tropilha","Vestido Feminino Tropilha","1654","2234","1654P","P","46","Mais Vendidos","1","347.7","52.15","295.55","0","vestido-feminino-tropilha"
"0012603928523","4900","2026-03-12 07:14:55-03","1","2","Cancelado","312.93","4900","1095","Vestido Feminino Babado Alice","Vestido Feminino Babado Alice","2236","5154","2236M","M","45","Lançamentos","1","347.7","34.77","312.93","0","vestido-feminino-babado-alice"
"0012603241491","4901","2026-03-12 07:16:12-03","1","8","Entregue","312.93","4901","1095","Vestido Feminino Babado Alice","Vestido Feminino Babado Alice","2236","5154","2236M","M","45","Lançamentos","1","347.7","34.77","312.93","0","vestido-feminino-babado-alice"
"0012603907123","4902","2026-03-13 09:20:37-03","3","8","Entregue","0","4902","575","Calça Feminina  Boot Cut Corcel","Calça Feminina  Boot Cut Corcel","1779","2920","177938","38","8","Calça","1","287.7","0","287.7","0","calca-feminina-boot-cut-corcel"
"0012603009370","4903","2026-03-13 13:18:22-03","1","8","Entregue","317.7","4903","576","Jaqueta Feminina Maxi Ônix","Jaqueta Feminina Max Ônix","1780","2926","1780M","M","46","Mais Vendidos","1","317.7","0","317.7","0","jaqueta-feminina-max-onix"
"0012603434718","4904","2026-03-14 13:21:26-03","1","8","Entregue","158.12","4904","425","Blusa Feminina  Campo Primavera Canelada","Blusa Feminina Campo Primavera Canelada","1658","2177","1658GG","GG","39","Outlet","1","99.8","0","99.8","13.24","blusa-feminina-campo-primavera-canelada"
"0012603434718","4904","2026-03-14 13:21:26-03","1","8","Entregue","158.12","4904","428","Blusa Feminina By Cabana","Blusa Feminina  By Cabana","1652","2198","1652GG","GG","39","Outlet","1","39.8","0","39.8","5.28","blusa-feminina-by-cabana"
"0012603570815","4905","2026-03-17 15:35:29-03","1","8","Entregue","254.76","4905","911","Colar Feminino Choker Cabana","Colar Feminino Choker Cabana","2073","4457","2073U","Único","31","Colar","1","99.9","14.98","84.92","0","colar-feminino-choker-cabana-2073u"
"0012603570815","4905","2026-03-17 15:35:29-03","1","8","Entregue","254.76","4905","905"," Pulseira Laços Feminina Cabana","	 Pulseira Laços Feminina Cabana","2070","4436","2070U","Único","31","Colar","1","99.9","14.98","84.92","0","pulseira-lacos-feminina-cabana-2070u"
"0012603570815","4905","2026-03-17 15:35:29-03","1","8","Entregue","254.76","4905","839","Pulseira Feminina Ellos Cabana","Pulseira Feminina Ellos Cabana","2020","4197","2020U","Único","45","Lançamentos","1","99.9","14.98","84.92","0","pulseira-feminina-ellos-cabana-2020U"
"0012603092136","4906","2026-03-18 08:47:05-03","1","2","Cancelado","189.7","4906","990","Passador de Lenço Bridão Cabana","Passador de Lenço Bridão Cabana","2155","4778","2155U","Único","45","Lançamentos","1","59.8","0","59.8","0","passador-de-lenco-bridao-cabana"
"0012603092136","4906","2026-03-18 08:47:05-03","1","2","Cancelado","189.7","4906","834","Colar Feminino Choker Cabana","Colar Feminino Choker Cabana","2015","4187","2015U","Único","45","Lançamentos","1","129.9","0","129.9","0","colar-feminino-choker-cabana"
"0012603490365","4907","2026-03-18 09:19:00-03","1","8","Entregue","189.7","4907","834","Colar Feminino Choker Cabana","Colar Feminino Choker Cabana","2015","4187","2015U","Único","45","Lançamentos","1","129.9","0","129.9","0","colar-feminino-choker-cabana"
"0012603490365","4907","2026-03-18 09:19:00-03","1","8","Entregue","189.7","4907","990","Passador de Lenço Bridão Cabana","Passador de Lenço Bridão Cabana","2155","4778","2155U","Único","45","Lançamentos","1","59.8","0","59.8","0","passador-de-lenco-bridao-cabana"
"0012603822235","4908","2026-03-18 16:14:09-03","1","8","Entregue","199.8","4908","870","Vestido Feminino Over Bridão ","Vestido Feminino Over Bridão ","2057","4317","2057GG","GG","39","Outlet","1","199.8","0","199.8","0","vestido-feminino-over-bridao"
"0012603578403","4909","2026-03-18 17:13:54-03","1","8","Entregue","197.7","4909","960","Body Feminino Roberta","Body Feminino Roberta","2116","4638","2116GG","GG","45","Lançamentos","1","197.7","0","197.7","0","body-feminino-roberta"
"0012603030452","4910","2026-03-19 08:13:03-03","1","8","Entregue","654.66","4910","1095","Vestido Feminino Babado Alice","Vestido Feminino Babado Alice","2236","5155","2236P","P","45","Lançamentos","1","347.7","34.77","312.93","0","vestido-feminino-babado-alice"
"0012603030452","4910","2026-03-19 08:13:03-03","1","8","Entregue","654.66","4910","1069","Blusa Feminina Babado Núbia","Blusa Feminina Babado Núbia","2204","5007","2204P","P","45","Lançamentos","1","179.9","17.99","161.91","0","blusa-feminina-babado-nubia"
"0012603030452","4910","2026-03-19 08:13:03-03","1","8","Entregue","654.66","4910","807","Vestido Feminino Realeza ","Vestido Feminino Realeza ","1990","4093","1990P","P","39","Outlet","1","199.8","19.98","179.82","0","vestido-feminino-realeza"
"0012603439272","4911","2026-03-19 11:48:55-03","3","8","Entregue","0","4911","974","Camisete Feminina Amanhecer","Camisete Feminina Amanhecer","2130","4706","2130GG","GG","45","Lançamentos","1","247.7","0","247.7","0","camisete-feminina-amanhecer"
"0012603439272","4911","2026-03-19 11:48:55-03","3","8","Entregue","0","4911","297","Camisete Realeza","Camisete Realeza","1524","1434","1524GG","GG","16","Camisete","1","247.7","0","247.7","0","camisete-realeza"
"0012603439272","4911","2026-03-19 11:48:55-03","3","8","Entregue","0","4911","982","Body Feminino Zoe","Body Feminino Zoe","2142","4746","2142GG","GG","45","Lançamentos","1","187.7","0","187.7","0","body-feminino-zoe"
"0012603439272","4911","2026-03-19 11:48:55-03","3","8","Entregue","0","4911","1029","Camisete Feminina Luz","Camisete Feminina Luz","2158","4872","2158GG","GG","45","Lançamentos","1","267.7","0","267.7","0","camisete-feminina-luz"
"0012603574800","4912","2026-03-20 11:09:16-03","1","8","Entregue","490.6","4912","950","Jaqueta Feminina Bomber  Sofia","Jaqueta Feminina Bomber Sofia","2098","4593","2098G","Preto - G","39","Outlet","1","199.8","0","199.8","0","jaqueta-feminina-bomber-sofia"
"0012603574800","4912","2026-03-20 11:09:16-03","1","8","Entregue","490.6","4912","727","Calça Feminina Pezinho Rebeca","Calça Feminina Pezinho Rebeca","1912","3782","1912GG","GG","39","Outlet","1","155.4","0","155.4","0","calca-feminina-pezinho-rebeca"
"0012603574800","4912","2026-03-20 11:09:16-03","1","8","Entregue","490.6","4912","723","Moletom Feminino Helena","Moletom Feminino Helena","1901","3762","1901G","G","39","Outlet","1","135.4","0","135.4","0","moletom-feminino-helena"
"0012603078311","4913","2026-03-20 13:54:39-03","3","8","Entregue","0","4913","575","Calça Feminina  Boot Cut Corcel","Calça Feminina  Boot Cut Corcel","1779","2922","177942","42","8","Calça","1","287.7","0","287.7","0","calca-feminina-boot-cut-corcel"
"0012603568137","4914","2026-03-20 17:32:21-03","3","8","Entregue","258.93","4914","575","Calça Feminina  Boot Cut Corcel","Calça Feminina  Boot Cut Corcel","1779","2920","177938","38","8","Calça","1","287.7","28.77","258.93","0","calca-feminina-boot-cut-corcel"
"0012603929435","4915","2026-03-21 10:43:06-03","1","8","Entregue","168.93","4915","868","Blusa Feminina Melissa","Blusa Feminina Melissa","2031","4308","2031G","G","45","Lançamentos","1","187.7","18.77","168.93","0","blusa-feminina-melissa"
"0012603596806","4916","2026-03-21 20:47:30-03","1","8","Entregue","1180.4","4916","870","Vestido Feminino Over Bridão ","Vestido Feminino Over Bridão ","2057","4317","2057GG","GG","39","Outlet","1","199.8","0","199.8","0","vestido-feminino-over-bridao"
"0012603596806","4916","2026-03-21 20:47:30-03","1","8","Entregue","1180.4","4916","1087","Vestido/Camisola Feminina Cabana","Vestido/ Camisola Feminina Cabana","2147","5109","2147GG","GG","1","Feminino","1","149.9","0","149.9","0","vestido-/-camisola-feminina-cabana"
"0012603596806","4916","2026-03-21 20:47:30-03","1","8","Entregue","1180.4","4916","1088","Camisola Cabana Kids","Camisola Cabana Kids","2148","5116","214806","6","1","Feminino","1","99.9","0","99.9","0","camisola-cabana-kids"
"0012603596806","4916","2026-03-21 20:47:30-03","1","8","Entregue","1180.4","4916","1081","Blusa Feminina Realeza","Blusa Feminina Realeza","2228","5077","2228GG","GG","45","Lançamentos","1","157.7","0","157.7","0","blusa-feminina-realeza"
"0012603596806","4916","2026-03-21 20:47:30-03","1","8","Entregue","1180.4","4916","987","Blusa Feminina Zoe","Blusa Feminina Zoe","2146","4766","2146GG","GG","45","Lançamentos","1","157.7","0","157.7","0","blusa-feminina-zoe"
"0012603596806","4916","2026-03-21 20:47:30-03","1","8","Entregue","1180.4","4916","1119","T-Shirt Feminina Texas Print black","T-Shirt Feminina Texas Print black","2292","5276","2292GG","GG","45","Lançamentos","1","157.7","0","157.7","0","t-shirt-feminina-texas-print-black"
"0012603596806","4916","2026-03-21 20:47:30-03","1","8","Entregue","1180.4","4916","729","Calça Feminina Boot Cut Paty","Calça Feminina Boot Cut Paty","1914","3792","191444","44","8","Calça","1","257.7","0","257.7","0","calca-feminina-boot-cut-paty"
"0012603523643","4917","2026-03-21 21:38:29-03","1","2","Cancelado","732.28","4917","897","Camisete Feminina Sandra","Camisete Feminina Sandra","2044","4410","2044M","M","16","Camisete","1","297.7","14.88","282.82","0","camisete-feminina-sandra"
"0012603523643","4917","2026-03-21 21:38:29-03","1","2","Cancelado","732.28","4917","1085","T-Shirt Feminina Alice","T-Shirt Feminina Alice","2239","5099","2239GG","GG","45","Lançamentos","1","157.7","7.88","149.82","0","t-shirt-feminina-alice"
"0012603523643","4917","2026-03-21 21:38:29-03","1","2","Cancelado","732.28","4917","1120","T-shirt Feminina Texas Print Brown","T-shirt Feminina Texas Print Brown","2293","5282","2293G","G","45","Lançamentos","1","157.7","7.88","149.82","0","t-shirt-feminina-texas-print-brown"
"0012603523643","4917","2026-03-21 21:38:29-03","1","2","Cancelado","732.28","4917","1026","T-Shirt Feminina Cavalgada","T-Shirt Cavalgada","2160","4857","2160GG","GG","45","Lançamentos","1","157.7","7.88","149.82","0","t-shirt-cavalgada"
"0012603973797","4918","2026-03-22 09:58:24-03","1","8","Entregue","219.05","4918","1075","Calça Boot Cut Feminina Emanuely","Calça Boot Cut Feminina Emanuely","2227","5045","222742","42","45","Lançamentos","1","257.7","38.65","219.05","0","calca-boot-cut-feminina-emanuely"
"0012603818916","4919","2026-03-23 07:51:04-03","1","8","Entregue","732.28","4919","897","Camisete Feminina Sandra","Camisete Feminina Sandra","2044","4410","2044M","M","16","Camisete","1","297.7","14.88","282.82","0","camisete-feminina-sandra"
"0012603818916","4919","2026-03-23 07:51:04-03","1","8","Entregue","732.28","4919","1120","T-shirt Feminina Texas Print Brown","T-shirt Feminina Texas Print Brown","2293","5281","2293GG","GG","45","Lançamentos","1","157.7","7.88","149.82","0","t-shirt-feminina-texas-print-brown"
"0012603818916","4919","2026-03-23 07:51:04-03","1","8","Entregue","732.28","4919","1026","T-Shirt Feminina Cavalgada","T-Shirt Cavalgada","2160","4857","2160GG","GG","45","Lançamentos","1","157.7","7.88","149.82","0","t-shirt-cavalgada"
"0012603818916","4919","2026-03-23 07:51:04-03","1","8","Entregue","732.28","4919","1085","T-Shirt Feminina Alice","T-Shirt Feminina Alice","2239","5099","2239GG","GG","45","Lançamentos","1","157.7","7.88","149.82","0","t-shirt-feminina-alice"
"0012603608891","4920","2026-03-23 13:28:16-03","3","7","Transporte","0","4920","1062","Camisete Feminina Zoe","Camisete Feminina Zoe","2199","4975","2199P","P","45","Lançamentos","1","247.7","0","247.7","0","camisete-feminina-zoe"
"0012603714823","4921","2026-03-23 15:04:36-03","3","8","Entregue","157.7","4921","1120","T-shirt Feminina Texas Print Brown","T-shirt Feminina Texas Print Brown","2293","5283","2293M","M","45","Lançamentos","1","157.7","0","157.7","0","t-shirt-feminina-texas-print-brown"
"0012603716821","4922","2026-03-23 16:59:59-03","3","8","Entregue","780","4922","868","Blusa Feminina Melissa","Blusa Feminina Melissa","2031","4310","2031P","P","45","Lançamentos","1","187.7","11.33","176.37","0","blusa-feminina-melissa"
"0012603716821","4922","2026-03-23 16:59:59-03","3","8","Entregue","780","4922","575","Calça Feminina  Boot Cut Corcel","Calça Feminina  Boot Cut Corcel","1779","2919","177936","36","8","Calça","1","287.7","14.38","273.32","0","calca-feminina-boot-cut-corcel"
"0012603716821","4922","2026-03-23 16:59:59-03","3","8","Entregue","780","4922","1095","Vestido Feminino Babado Alice","Vestido Feminino Babado Alice","2236","5155","2236P","P","45","Lançamentos","1","347.7","17.39","330.31","0","vestido-feminino-babado-alice"
"0012603062497","4923","2026-03-25 15:41:55-03","1","8","Entregue","277.7","4923","1039","Saia Feminina Courino Off White","Saia Feminina Courino Off White","2152","4913","2152P","P","45","Lançamentos","1","277.7","0","277.7","0","saia-feminina-courino-off-white"
"0012603282694","4924","2026-03-25 17:35:29-03","1","8","Entregue","312.93","4924","943","Vestido Feminino Emanuely","Vestido Feminino Emanuely","2201","4586","2201M","M","45","Lançamentos","1","347.7","34.77","312.93","0","vestido-feminino-emanuely"
"0012603189959","4925","2026-03-26 10:04:12-03","3","8","Entregue","0","4925","1075","Calça Boot Cut Feminina Emanuely","Calça Boot Cut Feminina Emanuely","2227","5045","222742","42","45","Lançamentos","1","257.7","0","257.7","0","calca-boot-cut-feminina-emanuely"
"0012603101294","4926","2026-03-26 10:24:55-03","3","7","Transporte","235.32","4926","1062","Camisete Feminina Zoe","Camisete Feminina Zoe","2199","4973","2199G","G","45","Lançamentos","1","247.7","12.38","235.32","0","camisete-feminina-zoe"
"0012603373705","4927","2026-03-26 13:29:19-03","3","8","Entregue","0","4927","711","Jaqueta Feminina Softh Cut","Jaqueta Feminina Softh Cut","1888","3697","1888GBRANCO","Branco - G","39","Outlet","1","175.4","0","175.4","0","jaqueta-feminina-softh-cut"
"0012603571283","4928","2026-03-26 13:58:39-03","3","8","Entregue","0","4928","1095","Vestido Feminino Babado Alice","Vestido Feminino Babado Alice","2236","5154","2236M","M","45","Lançamentos","1","347.7","0","347.7","0","vestido-feminino-babado-alice"
"0012603274908","4929","2026-03-27 08:00:10-03","3","8","Entregue","0","4929","576","Jaqueta Feminina Maxi Ônix","Jaqueta Feminina Max Ônix","1780","2925","1780P","P","46","Mais Vendidos","1","317.7","0","317.7","0","jaqueta-feminina-max-onix"
"0012603274908","4929","2026-03-27 08:00:10-03","3","8","Entregue","0","4929","624","Cropped Feminino Mariana","Cropped Feminino Mariana","1811","3196","1811P","P","39","Outlet","1","79.8","0","79.8","0","cropped-feminino-mariana"
"0012603274908","4929","2026-03-27 08:00:10-03","3","8","Entregue","0","4929","786","Pulseira Feminina Laços Cabana ","Pulseira Feminina Laços Cabana ","1965","4024","1965U","Único","30","Pulseira","1","99.9","0","99.9","0","pulseira-feminina-lacos-cabana-1965"
"0012603903677","4930","2026-03-28 12:03:31-03","1","8","Entregue","244.55","4930","1009","Óculos Cabana Isadora","Óculos Cabana Isadora","2177","4815","2177U","Único","7","Acessórios","1","287.7","43.15","244.55","0","oculos-cabana-isadora"
"0012603868092","4931","2026-03-28 22:30:34-03","1","8","Entregue","170.91","4931","1069","Blusa Feminina Babado Núbia","Blusa Feminina Babado Núbia","2204","5004","2204GG","GG","45","Lançamentos","1","179.9","8.99","170.91","0","blusa-feminina-babado-nubia"
"0012603411775","4932","2026-03-30 08:25:15-03","3","8","Entregue","0","4932","786","Pulseira Feminina Laços Cabana ","Pulseira Feminina Laços Cabana ","1965","4024","1965U","Único","30","Pulseira","1","99.9","0","99.9","0","pulseira-feminina-lacos-cabana-1965"
"0012603129448","4933","2026-03-30 12:25:56-03","1","8","Entregue","258.93","4933","575","Calça Feminina  Boot Cut Corcel","Calça Feminina  Boot Cut Corcel","1779","2919","177936","36","8","Calça","1","287.7","28.77","258.93","0","calca-feminina-boot-cut-corcel"
"0012603589356","4934","2026-03-30 20:12:24-03","1","8","Entregue","785.79","4934","1108","Vestido  Feminino Chloe","Vestido  Feminino Chloe","2237","5222","2237G","G","45","Lançamentos","1","367.7","36.77","330.93","0","vestido-feminino-chloe"
"0012603589356","4934","2026-03-30 20:12:24-03","1","8","Entregue","785.79","4934","1026","T-Shirt Feminina Cavalgada","T-Shirt Cavalgada","2160","4855","2160M","M","45","Lançamentos","1","157.7","15.77","141.93","0","t-shirt-cavalgada"
"0012603589356","4934","2026-03-30 20:12:24-03","1","8","Entregue","785.79","4934","1095","Vestido Feminino Babado Alice","Vestido Feminino Babado Alice","2236","5153","2236G","G","45","Lançamentos","1","347.7","34.77","312.93","0","vestido-feminino-babado-alice"
"0012603443739","4935","2026-03-31 18:43:31-03","1","8","Entregue","463.6","4935","729","Calça Feminina Boot Cut Paty","Calça Feminina Boot Cut Paty","1914","3792","191444","44","8","Calça","1","257.7","38.65","219.05","0","calca-feminina-boot-cut-paty"
"0012603443739","4935","2026-03-31 18:43:31-03","1","8","Entregue","463.6","4935","575","Calça Feminina  Boot Cut Corcel","Calça Feminina  Boot Cut Corcel","1779","2922","177942","42","8","Calça","1","287.7","43.15","244.55","0","calca-feminina-boot-cut-corcel"
"0012603952320","4936","2026-03-31 21:54:33-03","1","8","Entregue","295.55","4936","350","Vestido Feminino Querência","Vestido Feminino Querência","1569","1732","1569P","P","46","Mais Vendidos","1","347.7","52.15","295.55","0","vestido-feminino-querencia"
"0012604945457","4937","2026-04-05 19:56:17-03","1","8","Entregue","168.93","4937","868","Blusa Feminina Melissa","Blusa Feminina Melissa","2031","4309","2031M","M","45","Lançamentos","1","187.7","18.77","168.93","0","blusa-feminina-melissa"
"0012604242207","4938","2026-04-06 08:34:08-03","3","8","Entregue","273.32","4938","575","Calça Feminina  Boot Cut Corcel","Calça Feminina  Boot Cut Corcel","1779","2920","177938","38","8","Calça","1","287.7","14.38","273.32","0","calca-feminina-boot-cut-corcel"
"0012604411948","4939","2026-04-06 11:37:41-03","1","8","Entregue","258.93","4939","575","Calça Feminina  Boot Cut Corcel","Calça Feminina  Boot Cut Corcel","1779","2923","177944","44","8","Calça","1","287.7","28.77","258.93","0","calca-feminina-boot-cut-corcel"
"0012604338777","4940","2026-04-06 14:31:36-03","3","7","Transporte","358.81","4940","576","Jaqueta Feminina Maxi Ônix","Jaqueta Feminina Max Ônix","1780","2926","1780M","M","46","Mais Vendidos","1","377.7","18.89","358.81","0","jaqueta-feminina-max-onix"
"0012604792734","4941","2026-04-07 10:12:20-03","1","8","Entregue","258.93","4941","575","Calça Feminina  Boot Cut Corcel","Calça Feminina  Boot Cut Corcel","1779","2919","177936","36","8","Calça","1","287.7","28.77","258.93","0","calca-feminina-boot-cut-corcel"
"0012604565990","4942","2026-04-08 23:00:23-03","1","8","Entregue","244.55","4942","575","Calça Feminina  Boot Cut Corcel","Calça Feminina  Boot Cut Corcel","1779","2919","177936","36","8","Calça","1","287.7","43.15","244.55","0","calca-feminina-boot-cut-corcel"
"0012604691329","4943","2026-04-09 10:52:08-03","3","8","Entregue","0","4943","897","Camisete Feminina Sandra","Camisete Feminina Sandra","2044","4410","2044M","M","16","Camisete","1","297.7","0","297.7","0","camisete-feminina-sandra"
"0012604245425","4944","2026-04-09 14:16:23-03","3","8","Entregue","0","4944","1034","Colete Feminino Alfaiataria Adriela","Colete Feminino Alfaiataria Adriela","2191","4889","2191M","M","39","Outlet","1","259.8","0","259.8","0","colete-feminino-alfaiataria-adriela"
"0012604670055","4945","2026-04-09 15:07:27-03","1","8","Entregue","163.42","4945","727","Calça Feminina Pezinho Rebeca","Calça Feminina Pezinho Rebeca","1912","3784","1912M","M","39","Outlet","1","155.4","23.31","132.09","31.33","calca-feminina-pezinho-rebeca"
"0012604929660","4946","2026-04-10 11:51:50-03","3","8","Entregue","273","4946","575","Calça Feminina  Boot Cut Corcel","Calça Feminina  Boot Cut Corcel","1779","2923","177944","44","8","Calça","1","287.7","14.7","273","0","calca-feminina-boot-cut-corcel"
"0012604184375","4947","2026-04-10 14:35:47-03","3","8","Entregue","0","4947","1124","Jaqueta Feminina Maxi Valentina","Jaqueta Feminina Maxi Valentina","2301","5304","2301P","P","46","Mais Vendidos","1","377.7","0","377.7","0","jaqueta-feminina-maxi-valentina"
"0012604184375","4947","2026-04-10 14:35:47-03","3","8","Entregue","0","4947","978","Regata Feminina Modeladora Zoe","Regata Feminina Modeladora Zoe","2145","4724","2145M","M","45","Lançamentos","1","167.7","0","167.7","0","regata-feminina-modeladora-zoe"
"0012604980960","4948","2026-04-10 19:03:20-03","1","8","Entregue","273.32","4948","575","Calça Feminina  Boot Cut Corcel","Calça Feminina  Boot Cut Corcel","1779","2920","177938","38","8","Calça","1","287.7","14.38","273.32","0","calca-feminina-boot-cut-corcel"
"0012604097186","4949","2026-04-13 09:20:10-03","1","2","Cancelado","258.93","4949","973","Casaco Feminino Soft Alongado Ayla","Casaco Feminino Soft Alongado Ayla","2097","4700","2097M","M","45","Lançamentos","1","287.7","28.77","258.93","0","casaco-feminino-soft-alongado-ayla-2097"
"0012604996996","4950","2026-04-13 09:21:41-03","1","8","Entregue","258.93","4950","973","Casaco Feminino Soft Alongado Ayla","Casaco Feminino Soft Alongado Ayla","2097","4700","2097M","M","45","Lançamentos","1","287.7","28.77","258.93","0","casaco-feminino-soft-alongado-ayla-2097"
"0012604887412","4951","2026-04-13 10:09:03-03","3","8","Entregue","0","4951","680","Colete Feminino Cabana Grazi","Colete Feminino Cabana Grazi","1880","3524","1880M","M","45","Lançamentos","1","169.9","0","169.9","0","colete-feminino-cabana-grazi"
"0012604442316","4952","2026-04-13 10:23:41-03","3","8","Entregue","0","4952","707","Bombacha Feminina Grazi","Bombacha Feminina Grazi","1898","3677","189840","40","8","Calça","1","297.7","14.88","282.82","0","bombacha-feminina-grazi"
"0012604442316","4952","2026-04-13 10:23:41-03","3","8","Entregue","0","4952","350","Vestido Feminino Querência","Vestido Feminino Querência","1569","1734","1569G","G","46","Mais Vendidos","1","347.7","17.39","330.31","0","vestido-feminino-querencia"
"0012604937476","4953","2026-04-13 11:18:50-03","1","8","Entregue","152.91","4953","1096","Blusa Feminina Vic","Blusa Feminina Vic","2206","5158","2206G","G","45","Lançamentos","1","169.9","16.99","152.91","0","blusa-feminina-vic"
"0012604928523","4954","2026-04-13 11:27:24-03","1","8","Entregue","231.93","4954","1075","Calça Boot Cut Feminina Emanuely","Calça Boot Cut Feminina Emanuely","2227","5048","222736","36","45","Lançamentos","1","257.7","25.77","231.93","0","calca-boot-cut-feminina-emanuely"
"0012604241491","4955","2026-04-14 08:32:14-03","3","8","Entregue","161.41","4955","1096","Blusa Feminina Vic","Blusa Feminina Vic","2206","5160","2206P","P","45","Lançamentos","1","169.9","8.49","161.41","0","blusa-feminina-vic"
"0012604907123","4956","2026-04-15 17:57:16-03","1","8","Entregue","423.14","4956","958","Bombacha Feminina Xadrez Joana","Bombacha Feminina Xadrez Joana","2093","4630","209344","44","45","Lançamentos","1","297.7","14.88","282.82","0","bombacha-feminina-xadrez-joana"
"0012604907123","4956","2026-04-15 17:57:16-03","1","8","Entregue","423.14","4956","873","Blusa Feminina Angélica","Blusa Feminina Angélica","2058","4335","2058G","G","45","Lançamentos","1","147.7","7.38","140.32","0","blusa-feminina-angelica"
"0012604009370","4957","2026-04-16 15:51:39-03","3","7","Transporte","273.32","4957","575","Calça Feminina  Boot Cut Corcel","Calça Feminina  Boot Cut Corcel","1779","2921","177940","40","8","Calça","1","287.7","14.38","273.32","0","calca-feminina-boot-cut-corcel"
"0012604434718","4958","2026-04-17 07:17:23-03","1","8","Entregue","244.55","4958","575","Calça Feminina  Boot Cut Corcel","Calça Feminina  Boot Cut Corcel","1779","2919","177936","36","8","Calça","1","287.7","43.15","244.55","0","calca-feminina-boot-cut-corcel"
"0012604570815","4959","2026-04-20 23:18:49-03","1","8","Entregue","274.64","4959","743","Blusa Feminina Núbia","Blusa Feminina Núbia","1927","3863","1927GG","GG","3","Blusas","1","147.7","22.15","125.55","0","blusa-feminina-nubia"
"0012604570815","4959","2026-04-20 23:18:49-03","1","8","Entregue","274.64","4959","684","Blusa  Feminina Tropilha","Blusa Feminina Tropilha","1875","3544","1875M","M","39","Outlet","1","175.4","26.31","149.09","0","blusa-feminina-tropilha"
"0012604092136","4960","2026-04-21 14:47:03-03","1","8","Entregue","540.02","4960","1127","Bombacha Feminina Xadrez Valentina","Bombacha Feminina Xadrez Valentina","2297","5321","229744","44","45","Lançamentos","1","297.7","44.65","253.05","0","bombacha-feminina-xadrez-valentina"
"0012604092136","4960","2026-04-21 14:47:03-03","1","8","Entregue","540.02","4960","1128","Colete Feminino Xadrez Valentina","Colete Feminino Xadrez Valentina","2296","5330","2296G","G","45","Lançamentos","1","169.9","25.48","144.42","0","colete-feminino-xadrez-valentina"
"0012604092136","4960","2026-04-21 14:47:03-03","1","8","Entregue","540.02","4960","978","Regata Feminina Modeladora Zoe","Regata Feminina Modeladora Zoe","2145","4725","2145G","G","45","Lançamentos","1","167.7","25.15","142.55","0","regata-feminina-modeladora-zoe"
"0012604490365","4961","2026-04-21 18:33:41-03","1","8","Entregue","149.82","4961","1077","Blusa Feminina Grazi","Blusa Feminina Grazi","2231","5056","2231GG","GG","45","Lançamentos","1","157.7","7.88","149.82","0","blusa-feminina-grazi"
"0012604822235","4962","2026-04-22 10:27:01-03","3","8","Entregue","0","4962","1096","Blusa Feminina Vic","Blusa Feminina Vic","2206","5158","2206G","G","45","Lançamentos","1","169.9","12.2","157.7","0","blusa-feminina-vic"
"0012604822235","4962","2026-04-22 10:27:01-03","3","8","Entregue","0","4962","968","Casaco Feminino Soft Clara","Casaco Feminino Soft Clara","2124","4680","2124G","G","45","Lançamentos","1","287.7","0","287.7","0","casaco-feminino-soft-clara"
"0012604578403","4963","2026-04-22 21:28:42-03","1","8","Entregue","244.55","4963","933","Calça Feminina Boot Cut Dani","Calça Feminina Boot Cut Dani","2092","4556","209240","40","45","Lançamentos","1","287.7","43.15","244.55","0","calca-feminina-boot-cut-dani"
"0012604030452","4964","2026-04-23 04:19:55-03","1","8","Entregue","134.05","4964","1077","Blusa Feminina Grazi","Blusa Feminina Grazi","2231","5056","2231GG","GG","45","Lançamentos","1","157.7","23.65","134.05","0","blusa-feminina-grazi"
"0012604439272","4965","2026-04-24 08:59:11-03","1","8","Entregue","189.81","4965","44","Calça Feminina Boot Cut Pandora","Calça Feminina Boot Cut Pandora","1406","75","140638","38","39","Outlet","1","199.8","9.99","189.81","0","calca-feminina-boot-cut-pandora"
"0012604574800","4966","2026-04-24 10:42:03-03","3","8","Entregue","0","4966","723","Moletom Feminino Helena","Moletom Feminino Helena","1901","3762","1901G","G","39","Outlet","1","135.4","0","135.4","0","moletom-feminino-helena"
"0012604574800","4966","2026-04-24 10:42:03-03","3","8","Entregue","0","4966","507","Casaco Feminino Ted Borregos","Casaco Feminino Ted Borregos","1725","2562","1725MROSA","MAGENTA - M","39","Outlet","1","155.4","0","155.4","0","casaco-feminino-ted-borregos"
"0012604078311","4967","2026-04-24 12:00:26-03","1","8","Entregue","273.32","4967","973","Casaco Feminino Soft Alongado Ayla","Casaco Feminino Soft Alongado Ayla","2097","4699","2097G","G","45","Lançamentos","1","287.7","14.38","273.32","0","casaco-feminino-soft-alongado-ayla-2097"
"0012604568137","4968","2026-04-24 13:23:06-03","1","8","Entregue","257.7","4968","956","Casaco Feminino Soft Laís","Casaco Feminino Soft Laís","2113","4615","2113P","P","45","Lançamentos","1","257.7","0","257.7","0","casaco-soft-lais"
"0012604929435","4969","2026-04-24 21:28:27-03","1","8","Entregue","667.96","4969","1114","Casaco Masculino Soft Márcio","Casaco Masculino Soft Márcio","2249","5258","2249G","G","45","Lançamentos","1","287.7","14.38","273.32","0","casaco-masculino-soft-marcio"
"0012604929435","4969","2026-04-24 21:28:27-03","1","8","Entregue","667.96","4969","1025","T-Shirt Feminina Carolina","T-Shirt Feminina Carolina","2154","4850","2154M","M","45","Lançamentos","1","157.7","7.88","149.82","0","t-shirt-feminina-carolina"
"0012604929435","4969","2026-04-24 21:28:27-03","1","8","Entregue","667.96","4969","976","Casaco Feminino Soft Lize","Casaco Feminino Soft Lize","2128","4715","2128G","G","45","Lançamentos","1","257.7","12.88","244.82","0","casaco-feminino-soft-lize"
"0012604596806","4970","2026-04-25 17:40:24-03","1","8","Entregue","244.55","4970","168","Calça Jeans Feminina Boot Cut Morgan ","Calça Jeans Feminina Boot Cut Morgan ","1260","676","126040","40","8","Calça","1","287.7","43.15","244.55","0","calca-jeans-feminina-boot-cut-morgan"
"0012604523643","4971","2026-04-25 20:39:45-03","1","8","Entregue","124.01","4971","787","Colar Feminino Ellos Cabana","Colar Feminino Ellos Cabana","1966","4026","1966U","Único","31","Colar","1","129.9","19.48","110.42","13.59","colar-feminino-ellos-cabana-1966"
"0012604973797","4972","2026-04-26 08:06:32-03","1","8","Entregue","244.55","4972","973","Casaco Feminino Soft Alongado Ayla","Casaco Feminino Soft Alongado Ayla","2097","4699","2097G","G","45","Lançamentos","1","287.7","43.15","244.55","0","casaco-feminino-soft-alongado-ayla-2097"
"0012604818916","4973","2026-04-26 09:41:52-03","1","8","Entregue","231.93","4973","977","Casaco Soft Meio Zíper Luna","Casaco Soft Meio Zíper Luna","2125","4718","2125P","P","45","Lançamentos","1","257.7","25.77","231.93","0","casaco-soft-meio-ziper-luna"
"0012604608891","4974","2026-04-27 11:37:05-03","3","8","Entregue","0","4974","575","Calça Feminina  Boot Cut Corcel","Calça Feminina  Boot Cut Corcel","1779","2921","177940","40","8","Calça","1","287.7","0","287.7","0","calca-feminina-boot-cut-corcel"
"0012604714823","4975","2026-04-27 13:33:33-03","1","8","Entregue","231.93","4975","976","Casaco Feminino Soft Lize","Casaco Feminino Soft Lize","2128","4714","2128M","M","45","Lançamentos","1","257.7","25.77","231.93","0","casaco-feminino-soft-lize"
"0012604716821","4976","2026-04-28 08:08:40-03","3","8","Entregue","0","4976","871","Bombacha Feminina Linho Black","Bombacha Feminina Linho Black","2050","4323","205042","42","45","Lançamentos","1","297.7","0","297.7","0","bombacha-feminina-linho-black"
"0012604062497","4977","2026-04-28 11:51:55-03","3","8","Entregue","0","4977","707","Bombacha Feminina Grazi","Bombacha Feminina Grazi","1898","3676","189838","38","8","Calça","1","297.7","0","297.7","0","bombacha-feminina-grazi"
"0012604282694","4978","2026-04-28 17:30:52-03","1","8","Entregue","231.93","4978","976","Casaco Feminino Soft Lize","Casaco Feminino Soft Lize","2128","4714","2128M","M","45","Lançamentos","1","257.7","25.77","231.93","0","casaco-feminino-soft-lize"
"0012604189959","4979","2026-04-29 10:35:06-03","1","8","Entregue","257.7","4979","956","Casaco Feminino Soft Laís","Casaco Feminino Soft Laís","2113","4617","2113G","G","45","Lançamentos","1","257.7","0","257.7","0","casaco-soft-lais"
"0012604101294","4980","2026-04-29 11:35:57-03","1","8","Entregue","677.46","4980","976","Casaco Feminino Soft Lize","Casaco Feminino Soft Lize","2128","4713","2128P","P","45","Lançamentos","1","257.7","12.88","244.82","0","casaco-feminino-soft-lize"
"0012604101294","4980","2026-04-29 11:35:57-03","1","8","Entregue","677.46","4980","978","Regata Feminina Modeladora Zoe","Regata Feminina Modeladora Zoe","2145","4723","2145P","P","45","Lançamentos","1","167.7","8.38","159.32","0","regata-feminina-modeladora-zoe"
"0012604101294","4980","2026-04-29 11:35:57-03","1","8","Entregue","677.46","4980","1115","Casaco Soft Masculino Ivan","Casaco Soft Masculino Ivan","2248","5265","2248P","P","45","Lançamentos","1","287.7","14.38","273.32","0","casaco-soft-masculino-ivan"
"0012604373705","4981","2026-04-29 13:40:22-03","1","2","Cancelado","273.32","4981","1114","Casaco Masculino Soft Márcio","Casaco Masculino Soft Márcio","2249","5260","2249P","P","45","Lançamentos","1","287.7","14.38","273.32","0","casaco-masculino-soft-marcio"
"0012604571283","4982","2026-04-29 13:43:23-03","1","8","Entregue","273.32","4982","1114","Casaco Masculino Soft Márcio","Casaco Masculino Soft Márcio","2249","5260","2249P","P","45","Lançamentos","1","287.7","14.38","273.32","0","casaco-masculino-soft-marcio"
"0012604274908","4983","2026-04-29 23:46:20-03","1","8","Entregue","219.05","4983","976","Casaco Feminino Soft Lize","Casaco Feminino Soft Lize","2128","4713","2128P","P","45","Lançamentos","1","257.7","38.65","219.05","0","casaco-feminino-soft-lize"
"0012604903677","4984","2026-04-30 09:06:48-03","3","8","Entregue","0","4984","985","T-Shirt Feminina Rodeio","T-Shirt Feminina Rodeio","2138","4755","2138G","G","45","Lançamentos","1","157.7","0","157.7","0","t-shirt-feminina-rodeio"
"0012604868092","4985","2026-04-30 10:32:45-03","3","8","Entregue","0","4985","575","Calça Feminina  Boot Cut Corcel","Calça Feminina  Boot Cut Corcel","1779","2922","177942","42","8","Calça","1","287.7","0","287.7","0","calca-feminina-boot-cut-corcel"
"0012605945457","4986","2026-05-01 08:15:47-03","1","8","Entregue","257.7","4986","976","Casaco Feminino Soft Lize","Casaco Feminino Soft Lize","2128","4713","2128P","P","45","Lançamentos","1","257.7","0","257.7","0","casaco-feminino-soft-lize"
"0012605242207","4987","2026-05-01 15:29:10-03","1","8","Entregue","244.82","4987","976","Casaco Feminino Soft Lize","Casaco Feminino Soft Lize","2128","4714","2128M","M","45","Lançamentos","1","257.7","12.88","244.82","0","casaco-feminino-soft-lize"
"0012605411948","4988","2026-05-02 07:28:42-03","1","8","Entregue","273.32","4988","1105","Calça Feminia Wide Leg Cabana Leo","Calça Feminia Wide Leg Cabana Leo","2200","5204","220044","44","45","Lançamentos","1","287.7","14.38","273.32","0","calca-feminia-wide-leg-cabana-leo"
"0012605338777","4989","2026-05-02 07:56:32-03","1","8","Entregue","108.05","4989","907","Pulseira Feminina Bridão Cabana","Pulseira Feminina Bridão Cabana","2071","4443","2071U","Único","29","Semi-Jóias","1","99.9","4.99","94.91","13.14","pulseira-feminina-bridao-cabana-2071u"
"0012605792734","4990","2026-05-02 09:13:05-03","1","8","Entregue","254.32","4990","919","Saia Feminina Longa Marina","Saia Feminina Longa Marina","2078","4489","2078G","G","9","Saia","1","267.7","13.38","254.32","0","saia-feminina-longa-marina"
"0012605565990","4991","2026-05-02 09:13:56-03","1","8","Entregue","152.83","4991","890","Vestido Moletom Feminino Rafaela","Vestido Moletom Feminino Rafaela","2053","4387","2053P","P","39","Outlet","1","179.8","26.97","152.83","0","vestido-moletom-feminino-rafaela"
"0012605691329","4992","2026-05-02 09:28:30-03","1","8","Entregue","674.15","4992","853","Calça Feminina Skinny Júlia","Calça Feminina Skinny Júlia","2048","4265","204834","34","8","Calça","1","257.7","38.65","219.05","0","calca-feminina-skinny-julia"
"0012605691329","4992","2026-05-02 09:28:30-03","1","8","Entregue","674.15","4992","1104","Camisa Midi Feminina Cabana","Camisa Midi Feminina Cabana","2264","5202","2264P","P","45","Lançamentos","1","267.7","40.15","227.55","0","camisa-midi-feminina-cabana"
"0012605691329","4992","2026-05-02 09:28:30-03","1","8","Entregue","674.15","4992","763","Chemise Feminina Bridão","Chemise Feminina Bridão","1944","3947","1944P","P","16","Camisete","1","267.7","40.15","227.55","0","chemise-feminina-bridao-1944"
"0012605245425","4993","2026-05-02 10:57:25-03","1","8","Entregue","179.8","4993","890","Vestido Moletom Feminino Rafaela","Vestido Moletom Feminino Rafaela","2053","4386","2053M","M","39","Outlet","1","179.8","0","179.8","0","vestido-moletom-feminino-rafaela"
"0012605670055","4994","2026-05-04 12:20:43-03","1","2","Cancelado","258.93","4994","575","Calça Feminina  Boot Cut Corcel","Calça Feminina  Boot Cut Corcel","1779","2920","177938","38","8","Calça","1","287.7","28.77","258.93","0","calca-feminina-boot-cut-corcel"
"0012605929660","4995","2026-05-04 12:23:15-03","1","8","Entregue","258.93","4995","575","Calça Feminina  Boot Cut Corcel","Calça Feminina  Boot Cut Corcel","1779","2920","177938","38","8","Calça","1","287.7","28.77","258.93","0","calca-feminina-boot-cut-corcel"
"0012605184375","4996","2026-05-04 14:17:15-03","1","7","Transporte","222.93","4996","1062","Camisete Feminina Zoe","Camisete Feminina Zoe","2199","4975","2199P","P","45","Lançamentos","1","247.7","24.77","222.93","0","camisete-feminina-zoe"
"0012605980960","4997","2026-05-05 19:45:21-03","1","8","Entregue","273.32","4997","575","Calça Feminina  Boot Cut Corcel","Calça Feminina  Boot Cut Corcel","1779","2922","177942","42","8","Calça","1","287.7","14.38","273.32","0","calca-feminina-boot-cut-corcel"
"0012605097186","4998","2026-05-06 18:08:54-03","1","8","Entregue","508.86","4998","1066","Blusa Amarração Grazi","Blusa Amarração Grazi","2202","4989","2202M","M","45","Lançamentos","1","277.7","27.77","249.93","0","blusa-amarracao-grazi"
"0012605097186","4998","2026-05-06 18:08:54-03","1","8","Entregue","508.86","4998","575","Calça Feminina  Boot Cut Corcel","Calça Feminina  Boot Cut Corcel","1779","2920","177938","38","8","Calça","1","287.7","28.77","258.93","0","calca-feminina-boot-cut-corcel"
"0012605996996","4999","2026-05-07 10:08:52-03","3","8","Entregue","0","4999","350","Vestido Feminino Querência","Vestido Feminino Querência","1569","1733","1569M","M","46","Mais Vendidos","1","347.7","0","347.7","0","vestido-feminino-querencia"
"0012605887412","5000","2026-05-10 11:10:56-03","1","8","Entregue","244.55","5000","575","Calça Feminina  Boot Cut Corcel","Calça Feminina  Boot Cut Corcel","1779","4300","177934","34","8","Calça","1","287.7","43.15","244.55","0","calca-feminina-boot-cut-corcel"
"0012605442316","5001","2026-05-11 17:17:10-03","1","8","Entregue","188.91","5001","292","Calça Feminina Montaria Alice","Calça Feminina Montaria Alice","1537","1408","1537M","M","46","Mais Vendidos","1","209.9","20.99","188.91","0","calca-feminina-montaria-alice"
"0012605937476","5002","2026-05-11 18:53:21-03","1","8","Entregue","231.93","5002","976","Casaco Feminino Soft Lize","Casaco Feminino Soft Lize","2128","4716","2128GG","GG","45","Lançamentos","1","257.7","25.77","231.93","0","casaco-feminino-soft-lize"
"0012605928523","5003","2026-05-11 20:37:51-03","1","8","Entregue","231.93","5003","956","Casaco Feminino Soft Laís","Casaco Feminino Soft Laís","2113","4617","2113G","G","45","Lançamentos","1","257.7","25.77","231.93","0","casaco-soft-lais"
"0012605241491","5004","2026-05-12 11:58:16-03","1","8","Entregue","287.7","5004","1105","Calça Feminia Wide Leg Cabana Leo","Calça Feminia Wide Leg Cabana Leo","2200","5208","220036","36","45","Lançamentos","1","287.7","0","287.7","0","calca-feminia-wide-leg-cabana-leo"
"0012605907123","5005","2026-05-12 13:20:47-03","1","8","Entregue","954.72","5005","575","Calça Feminina  Boot Cut Corcel","Calça Feminina  Boot Cut Corcel","1779","2920","177938","38","8","Calça","1","287.7","28.77","258.93","0","calca-feminina-boot-cut-corcel"
"0012605907123","5005","2026-05-12 13:20:47-03","1","8","Entregue","954.72","5005","1075","Calça Boot Cut Feminina Emanuely","Calça Boot Cut Feminina Emanuely","2227","5047","222738","38","45","Lançamentos","1","257.7","25.77","231.93","0","calca-boot-cut-feminina-emanuely"
"0012605907123","5005","2026-05-12 13:20:47-03","1","8","Entregue","954.72","5005","698","Calça Feminina Boot Cut Amazona","Calça Feminina Boot Cut Amazona","1892","3612","189238","38","8","Calça","1","287.7","28.77","258.93","0","calca-feminina-boot-cut-amazona"
"0012605907123","5005","2026-05-12 13:20:47-03","1","8","Entregue","954.72","5005","376","Calça Skinny Feminina Potros","Calça Skinny Feminina  Potros","1527","1908","152738","38","8","Calça","1","227.7","22.77","204.93","0","calca-skinny-feminina-potros"
"0012605009370","5006","2026-05-12 19:55:50-03","1","8","Entregue","188.91","5006","292","Calça Feminina Montaria Alice","Calça Feminina Montaria Alice","1537","1408","1537M","M","46","Mais Vendidos","1","209.9","20.99","188.91","0","calca-feminina-montaria-alice"
"0012605434718","5007","2026-05-13 08:42:13-03","1","8","Entregue","244.82","5007","956","Casaco Feminino Soft Laís","Casaco Feminino Soft Laís","2113","4618","2113GG","GG","45","Lançamentos","1","257.7","12.88","244.82","0","casaco-soft-lais"
"0012605570815","5008","2026-05-13 11:55:47-03","3","8","Entregue","0","5008","575","Calça Feminina  Boot Cut Corcel","Calça Feminina  Boot Cut Corcel","1779","2920","177938","38","8","Calça","1","287.7","0","287.7","0","calca-feminina-boot-cut-corcel"
"0012605092136","5009","2026-05-15 12:04:08-03","1","8","Entregue","197.7","5009","927","Body Feminino Juliana","Body Feminino Juliana","2086","4531","2086GG","GG","45","Lançamentos","1","197.7","0","197.7","0","body-feminino-juliana"
"0012605490365","5010","2026-05-15 21:38:07-03","1","8","Entregue","209.9","5010","292","Calça Feminina Montaria Alice","Calça Feminina Montaria Alice","1537","1408","1537M","M","46","Mais Vendidos","1","209.9","0","209.9","0","calca-feminina-montaria-alice"
"0012605822235","5011","2026-05-18 17:18:15-03","1","8","Entregue","244.82","5011","956","Casaco Feminino Soft Laís","Casaco Feminino Soft Laís","2113","4617","2113G","G","45","Lançamentos","1","257.7","12.88","244.82","0","casaco-soft-lais"
"0012605578403","5012","2026-05-18 18:11:11-03","1","8","Entregue","150.93","5012","978","Regata Feminina Modeladora Zoe","Regata Feminina Modeladora Zoe","2145","4725","2145G","G","45","Lançamentos","1","167.7","16.77","150.93","0","regata-feminina-modeladora-zoe"
"0012605030452","5013","2026-05-18 18:16:54-03","1","8","Entregue","287.7","5013","698","Calça Feminina Boot Cut Amazona","Calça Feminina Boot Cut Amazona","1892","3613","189240","40","8","Calça","1","287.7","0","287.7","0","calca-feminina-boot-cut-amazona"
"0012605439272","5014","2026-05-18 19:02:28-03","1","8","Entregue","713.7","5014","292","Calça Feminina Montaria Alice","Calça Feminina Montaria Alice","1537","1407","1537P","P","46","Mais Vendidos","1","209.9","20.99","188.91","0","calca-feminina-montaria-alice"
"0012605439272","5014","2026-05-18 19:02:28-03","1","8","Entregue","713.7","5014","989","T-Shirt Feminina ônix","T-Shirt Feminina ônix","2136","4773","3136P","P","45","Lançamentos","1","157.7","15.77","141.93","0","t-shirt-feminina-onix"
"0012605439272","5014","2026-05-18 19:02:28-03","1","8","Entregue","713.7","5014","1104","Camisa Midi Feminina Cabana","Camisa Midi Feminina Cabana","2264","5201","2264M","M","45","Lançamentos","1","267.7","26.77","240.93","0","camisa-midi-feminina-cabana"
"0012605439272","5014","2026-05-18 19:02:28-03","1","8","Entregue","713.7","5014","985","T-Shirt Feminina Rodeio","T-Shirt Feminina Rodeio","2138","4753","2138P","P","45","Lançamentos","1","157.7","15.77","141.93","0","t-shirt-feminina-rodeio"
"0012605574800","5015","2026-05-18 20:43:21-03","1","8","Entregue","244.55","5015","575","Calça Feminina  Boot Cut Corcel","Calça Feminina  Boot Cut Corcel","1779","2921","177940","40","8","Calça","1","287.7","43.15","244.55","0","calca-feminina-boot-cut-corcel"
"0012605078311","5016","2026-05-18 21:00:12-03","1","8","Entregue","244.55","5016","1052","Óculos Cabana Luma","Óculos Cabana Luma","2214","4957","2214U","Único","7","Acessórios","1","287.7","43.15","244.55","0","oculos-cabana-luma-unico"
"0012605568137","5017","2026-05-19 09:34:22-03","1","8","Entregue","257.7","5017","956","Casaco Feminino Soft Laís","Casaco Feminino Soft Laís","2113","4616","2113M","M","45","Lançamentos","1","257.7","0","257.7","0","casaco-soft-lais"
"0012605929435","5018","2026-05-19 19:23:32-03","1","8","Entregue","159.32","5018","978","Regata Feminina Modeladora Zoe","Regata Feminina Modeladora Zoe","2145","4726","2145GG","GG","45","Lançamentos","1","167.7","8.38","159.32","0","regata-feminina-modeladora-zoe"
"0012605596806","5019","2026-05-19 20:34:48-03","3","8","Entregue","0","5019","956","Casaco Feminino Soft Laís","Casaco Feminino Soft Laís","2113","4617","2113G","G","45","Lançamentos","1","257.7","0","257.7","0","casaco-soft-lais"
"0012605523643","5020","2026-05-20 19:08:13-03","1","8","Entregue","273.32","5020","1133","Vestido Feminino Midi Manuela","Vestido Feminino Midi Manuela","2288","5358","2288G","G","45","Lançamentos","1","287.7","14.38","273.32","0","vestido-feminino-midi-manuela"
"0012605973797","5021","2026-05-21 07:46:19-03","3","8","Entregue","0","5021","868","Blusa Feminina Melissa","Blusa Feminina Melissa","2031","4309","2031M","M","45","Lançamentos","1","187.7","0","187.7","0","blusa-feminina-melissa"
"0012605818916","5022","2026-05-21 12:18:35-03","1","8","Entregue","254.32","5022","1104","Camisa Midi Feminina Cabana","Camisa Midi Feminina Cabana","2264","5201","2264M","M","45","Lançamentos","1","267.7","13.38","254.32","0","camisa-midi-feminina-cabana"
"0012605608891","5023","2026-05-21 20:09:54-03","1","8","Entregue","276.32","5023","1075","Calça Boot Cut Feminina Emanuely","Calça Boot Cut Feminina Emanuely","2227","5045","222742","42","45","Lançamentos","1","257.7","12.88","244.82","31.5","calca-boot-cut-feminina-emanuely"
"0012605714823","5024","2026-05-21 20:52:10-03","1","8","Entregue","366.14","5024","316","Body Feminino Realeza","Body Feminino Realeza","1541","1531","1541GG","GG","45","Lançamentos","1","197.7","9.88","187.82","0","body-feminino-realeza"
"0012605714823","5024","2026-05-21 20:52:10-03","1","8","Entregue","366.14","5024","682","Body Feminino Amanda","Body Feminino Amanda","1872","3536","1872GG","GG","11","Body","1","187.7","9.38","178.32","0","body-feminino-amanda"
"0012605716821","5025","2026-05-22 09:56:14-03","1","8","Entregue","273.32","5025","168","Calça Jeans Feminina Boot Cut Morgan ","Calça Jeans Feminina Boot Cut Morgan ","1260","678","126044","44","8","Calça","1","287.7","14.38","273.32","0","calca-jeans-feminina-boot-cut-morgan"
"0012605062497","5026","2026-05-22 12:35:50-03","1","2","Cancelado","953.1","5026","1132","Jaqueta Feminina Cowgirl","Jaqueta Feminina Cowgirl","2315","5352","2315GG","GG","45","Lançamentos","1","377.7","0","377.7","0","jaqueta-feminina-cowgirl"
"0012605062497","5026","2026-05-22 12:35:50-03","1","2","Cancelado","953.1","5026","897","Camisete Feminina Sandra","Camisete Feminina Sandra","2044","4412","2044GG","GG","16","Camisete","1","297.7","0","297.7","0","camisete-feminina-sandra"
"0012605062497","5026","2026-05-22 12:35:50-03","1","2","Cancelado","953.1","5026","736","Chemise Feminina Núbia","Chemise Feminina Núbia","1918","3828","1918GG","GG","16","Camisete","1","277.7","0","277.7","0","chemise-feminina-nubia"
"0012605282694","5027","2026-05-22 12:36:47-03","1","8","Entregue","953.1","5027","1132","Jaqueta Feminina Cowgirl","Jaqueta Feminina Cowgirl","2315","5352","2315GG","GG","45","Lançamentos","1","377.7","0","377.7","0","jaqueta-feminina-cowgirl"
"0012605282694","5027","2026-05-22 12:36:47-03","1","8","Entregue","953.1","5027","897","Camisete Feminina Sandra","Camisete Feminina Sandra","2044","4412","2044GG","GG","16","Camisete","1","297.7","0","297.7","0","camisete-feminina-sandra"
"0012605282694","5027","2026-05-22 12:36:47-03","1","8","Entregue","953.1","5027","736","Chemise Feminina Núbia","Chemise Feminina Núbia","1918","3828","1918GG","GG","16","Camisete","1","277.7","0","277.7","0","chemise-feminina-nubia"
"0012605189959","5028","2026-05-25 21:50:58-03","1","8","Entregue","219.05","5028","976","Casaco Feminino Soft Lize","Casaco Feminino Soft Lize","2128","4714","2128M","M","45","Lançamentos","1","257.7","38.65","219.05","0","casaco-feminino-soft-lize"
"0012605101294","5029","2026-05-26 07:04:42-03","1","2","Cancelado","249.93","5029","1072","Blusa Feminina Amarração Olivia","Blusa Feminina Amarração Olivia","2224","5032","2224GG","GG","45","Lançamentos","1","277.7","27.77","249.93","0","blusa-feminina-amarracao-laura"
"0012605373705","5030","2026-05-26 07:08:10-03","1","8","Entregue","249.93","5030","1072","Blusa Feminina Amarração Olivia","Blusa Feminina Amarração Olivia","2224","5032","2224GG","GG","45","Lançamentos","1","277.7","27.77","249.93","0","blusa-feminina-amarracao-laura"
"0012605571283","5031","2026-05-26 08:17:33-03","3","8","Entregue","59.8","5031","990","Passador de Lenço Bridão Cabana","Passador de Lenço Bridão Cabana","2155","4778","2155U","Único","45","Lançamentos","1","59.8","0","59.8","0","passador-de-lenco-bridao-cabana"
"0012605274908","5032","2026-05-26 10:13:24-03","1","8","Entregue","159.32","5032","758","Regata Modeladora Núbia","Regata Modeladora Núbia","1942","3925","1942P","P","6","Manga curta","1","167.7","8.38","159.32","0","regata-modeladora-nubia"
"0012605903677","5033","2026-05-26 14:03:55-03","3","8","Entregue","0","5033","575","Calça Feminina  Boot Cut Corcel","Calça Feminina  Boot Cut Corcel","1779","2922","177942","42","8","Calça","1","287.7","0","287.7","0","calca-feminina-boot-cut-corcel"
"0012605868092","5034","2026-05-26 14:21:09-03","3","8","Entregue","0","5034","937","Lenço Feminino Cabana 67x68","Lenço Feminino Cabana 67x68","2101","4569","2101U","Único","45","Lançamentos","1","79.9","0","79.9","13.44","lenco-feminino-cabana-2101u"
"0012605411775","5035","2026-05-26 21:13:25-03","1","2","Cancelado","170.81","5035","890","Vestido Moletom Feminino Rafaela","Vestido Moletom Feminino Rafaela","2053","4387","2053P","P","39","Outlet","1","179.8","8.99","170.81","0","vestido-moletom-feminino-rafaela"
"0012605129448","5036","2026-05-26 21:15:09-03","1","8","Entregue","152.83","5036","890","Vestido Moletom Feminino Rafaela","Vestido Moletom Feminino Rafaela","2053","4387","2053P","P","39","Outlet","1","179.8","26.97","152.83","0","vestido-moletom-feminino-rafaela"
"0012605589356","5037","2026-05-27 15:52:32-03","3","8","Entregue","1000","5037","1066","Blusa Amarração Grazi","Blusa Amarração Grazi","2202","4989","2202M","M","45","Lançamentos","1","277.7","51.66","226.04","0","blusa-amarracao-grazi"
"0012605589356","5037","2026-05-27 15:52:32-03","3","8","Entregue","1000","5037","727","Calça Feminina Pezinho Rebeca","Calça Feminina Pezinho Rebeca","1912","3785","1912P","P","39","Outlet","1","155.4","23.44","131.96","0","calca-feminina-pezinho-rebeca"
"0012605589356","5037","2026-05-27 15:52:32-03","3","8","Entregue","1000","5037","531","Chemise Feminina Bridão","Chemise Feminina Bridão","1752","2667","1752M","M","46","Mais Vendidos","1","267.7","40.16","227.54","0","chemise-feminina-bridao"
"0012605589356","5037","2026-05-27 15:52:32-03","3","8","Entregue","1000","5037","1073","Blusa Amarração Feminina Alicia","Blusa Amarração Feminina Alicia","2225","5029","2225P","P","45","Lançamentos","1","277.7","41.66","236.04","0","blusa-amarracao-feminina-alicia"
"0012605589356","5037","2026-05-27 15:52:32-03","3","8","Entregue","1000","5037","292","Calça Feminina Montaria Alice","Calça Feminina Montaria Alice","1537","1408","1537M","M","46","Mais Vendidos","1","209.9","31.48","178.42","0","calca-feminina-montaria-alice"
"0012605443739","5038","2026-05-28 13:12:45-03","1","8","Entregue","219.05","5038","956","Casaco Feminino Soft Laís","Casaco Feminino Soft Laís","2113","4615","2113P","P","45","Lançamentos","1","257.7","38.65","219.05","0","casaco-soft-lais"
"0012605952320","5039","2026-05-28 13:52:21-03","3","8","Entregue","0","5039","350","Vestido Feminino Querência","Vestido Feminino Querência","1569","1732","1569P","P","46","Mais Vendidos","1","347.7","0","347.7","0","vestido-feminino-querencia"
"0012605952320","5039","2026-05-28 13:52:21-03","3","8","Entregue","0","5039","1134","Vestido Feminino Charlot","Vestido Feminino Charlot","2309","5365","2309P","P","45","Lançamentos","1","387.7","0","387.7","0","vestido-feminino-charlot"
"0012605952320","5039","2026-05-28 13:52:21-03","3","8","Entregue","0","5039","575","Calça Feminina  Boot Cut Corcel","Calça Feminina  Boot Cut Corcel","1779","2919","177936","36","8","Calça","1","287.7","0","287.7","0","calca-feminina-boot-cut-corcel"
"0012605642008","5040","2026-05-29 08:07:14-03","1","8","Entregue","77.98","5040","990","Passador de Lenço Bridão Cabana","Passador de Lenço Bridão Cabana","2155","4778","2155U","Único","45","Lançamentos","1","59.8","2.99","56.81","21.17","passador-de-lenco-bridao-cabana"
"0012606945457","5041","2026-06-02 05:58:33-03","1","8","Entregue","472.1","5041","763","Chemise Feminina Bridão","Chemise Feminina Bridão","1944","3946","1944M","M","16","Camisete","1","267.7","40.15","227.55","0","chemise-feminina-bridao-1944"
"0012606945457","5041","2026-06-02 05:58:33-03","1","8","Entregue","472.1","5041","956","Casaco Feminino Soft Laís","Casaco Feminino Soft Laís","2113","4616","2113M","M","45","Lançamentos","1","287.7","43.15","244.55","0","casaco-soft-lais"
"0012606242207","5042","2026-06-02 08:37:07-03","1","8","Entregue","179.91","5042","1117","Cinto Feminino Country Rodeio","Cinto Feminino Country Rodeio","2265","5268","2265U","Único","45","Lançamentos","1","199.9","19.99","179.91","0","cinto-feminino-country-rodeio-unico"
"0012606411948","5043","2026-06-04 20:44:40-03","1","8","Entregue","489.1","5043","575","Calça Feminina  Boot Cut Corcel","Calça Feminina  Boot Cut Corcel","1779","4300","177934","34","8","Calça","1","287.7","43.15","244.55","0","calca-feminina-boot-cut-corcel"
"0012606411948","5043","2026-06-04 20:44:40-03","1","8","Entregue","489.1","5043","575","Calça Feminina  Boot Cut Corcel","Calça Feminina  Boot Cut Corcel","1779","2919","177936","36","8","Calça","1","287.7","43.15","244.55","0","calca-feminina-boot-cut-corcel"
"0012606338777","5044","2026-06-04 20:54:18-03","1","8","Entregue","696.37","5044","1139","Collant Transpassado Feminino Canela","Collant Transpassado Feminino Canela","2326","5390","2326P","P","45","Lançamentos","1","197.7","9.88","187.82","0","collant-transpassado-feminino-canela"
"0012606338777","5044","2026-06-04 20:54:18-03","1","8","Entregue","696.37","5044","763","Chemise Feminina Bridão","Chemise Feminina Bridão","1944","3947","1944P","P","16","Camisete","1","267.7","13.38","254.32","0","chemise-feminina-bridao-1944"
"0012606338777","5044","2026-06-04 20:54:18-03","1","8","Entregue","696.37","5044","908","Cropped Feminino Manuela","Cropped Feminino Manuela","2040","4448","2040P","P","6","Manga curta","1","137.7","6.88","130.82","0","cropped-feminino-manuela"
"0012606338777","5044","2026-06-04 20:54:18-03","1","8","Entregue","696.37","5044","787","Colar Feminino Ellos Cabana","Colar Feminino Ellos Cabana","1966","4026","1966U","Único","31","Colar","1","129.9","6.49","123.41","0","colar-feminino-ellos-cabana-1966"
"0012606792734","5045","2026-06-05 12:52:11-03","1","8","Entregue","179.82","5045","632","Vestido Feminino Aline","Vestido Feminino Aline","1803","3239","1803GG","GG","39","Outlet","1","199.8","19.98","179.82","0","vestido-feminino-aline"
"0012606565990","5046","2026-06-07 21:45:30-03","1","8","Entregue","378.6","5046","168","Calça Jeans Feminina Boot Cut Morgan ","Calça Jeans Feminina Boot Cut Morgan ","1260","677","126042","42","8","Calça","1","287.7","43.15","244.55","0","calca-jeans-feminina-boot-cut-morgan"
"0012606565990","5046","2026-06-07 21:45:30-03","1","8","Entregue","378.6","5046","1077","Blusa Feminina Grazi","Blusa Feminina Grazi","2231","5058","2231M","M","45","Lançamentos","1","157.7","23.65","134.05","0","blusa-feminina-grazi"
"0012606691329","5047","2026-06-08 10:38:31-03","3","8","Entregue","463.23","5047","868","Blusa Feminina Melissa","Blusa Feminina Melissa","2031","4309","2031M","M","45","Lançamentos","1","187.7","9.38","178.32","0","blusa-feminina-melissa"
"0012606691329","5047","2026-06-08 10:38:31-03","3","8","Entregue","463.23","5047","1144","Jaqueta Feminina Melissa","Jaqueta Feminina Melissa","2302","5414","2302M","M","45","Lançamentos","1","299.9","14.99","284.91","0","jaqueta-feminina-melissa"
"0012606245425","5048","2026-06-08 11:18:28-03","1","8","Entregue","287.7","5048","575","Calça Feminina  Boot Cut Corcel","Calça Feminina  Boot Cut Corcel","1779","2920","177938","38","8","Calça","1","287.7","0","287.7","0","calca-feminina-boot-cut-corcel"
"0012606670055","5049","2026-06-08 15:28:31-03","3","8","Entregue","0","5049","763","Chemise Feminina Bridão","Chemise Feminina Bridão","1944","3944","1944GG","GG","16","Camisete","1","267.7","0","267.7","0","chemise-feminina-bridao-1944"
"0012606929660","5050","2026-06-10 08:53:03-03","1","8","Entregue","247.7","5050","297","Camisete Realeza","Camisete Realeza","1524","1433","1524G","G","16","Camisete","1","247.7","0","247.7","0","camisete-realeza"
"0012606184375","5051","2026-06-10 09:51:27-03","1","8","Entregue","258.93","5051","1145","Casaco Soft Feminino Clarice","Casaco Soft Clarice","2339","5418","2339M","M","45","Lançamentos","1","287.7","28.77","258.93","0","casaco-soft-clarice"
"0012606980960","5052","2026-06-10 20:43:29-03","1","8","Entregue","348.93","5052","1134","Vestido Feminino Charlot","Vestido Feminino Charlot","2309","5364","2309M","M","45","Lançamentos","1","387.7","38.77","348.93","0","vestido-feminino-charlot"
"0012606097186","5053","2026-06-11 15:50:39-03","1","8","Entregue","273.32","5053","957","Casaco Feminino Soft Maya","Casaco Feminino Soft Maya","2115","4620","2115P","P","45","Lançamentos","1","287.7","14.38","273.32","0","casaco-feminino-soft-maya"
"0012606996996","5054","2026-06-11 21:16:27-03","1","8","Entregue","244.55","5054","956","Casaco Feminino Soft Laís","Casaco Feminino Soft Laís","2113","4615","2113P","P","45","Lançamentos","1","287.7","43.15","244.55","0","casaco-soft-lais"
"0012606887412","5055","2026-06-12 16:57:02-03","1","8","Entregue","321.05","5055","576","Jaqueta Feminina Maxi Ônix","Jaqueta Feminina Max Ônix","1780","2927","1780G","G","46","Mais Vendidos","1","377.7","56.65","321.05","0","jaqueta-feminina-max-onix"
"0012606442316","5056","2026-06-16 09:32:55-03","1","8","Entregue","244.55","5056","575","Calça Feminina  Boot Cut Corcel","Calça Feminina  Boot Cut Corcel","1779","2921","177940","40","8","Calça","1","287.7","43.15","244.55","0","calca-feminina-boot-cut-corcel"
"0012606937476","5057","2026-06-16 11:27:17-03","3","8","Entregue","199.41","5057","1106","Calça Feminina Montaria Andreza","Calça Montaria Andreza","2252","5214","2252P","P","45","Lançamentos","1","209.9","10.49","199.41","0","calca-montaria-andreza"
"0012606928523","5058","2026-06-17 10:44:03-03","1","8","Entregue","258.93","5058","1145","Casaco Soft Feminino Clarice","Casaco Soft Clarice","2339","5419","2339G","G","45","Lançamentos","1","287.7","28.77","258.93","0","casaco-soft-clarice"
"0012606241491","5059","2026-06-17 14:19:58-03","3","8","Entregue","0","5059","575","Calça Feminina  Boot Cut Corcel","Calça Feminina  Boot Cut Corcel","1779","2920","177938","38","8","Calça","1","287.7","0","287.7","0","calca-feminina-boot-cut-corcel"
"0012606907123","5060","2026-06-17 21:59:01-03","1","8","Entregue","327.6","5060","1147","Collant Transpassado Feminino Cowgirl","Collant Transpassado Feminino Cowgirl","2316","5429","2316M","M","45","Lançamentos","1","197.7","29.65","168.05","0","collant-transpassado-feminino-cowgirl"
"0012606907123","5060","2026-06-17 21:59:01-03","1","8","Entregue","327.6","5060","1099","Body Feminino Rose","Body Feminino Rose","2255","5175","2255G","G","45","Lançamentos","1","187.7","28.15","159.55","0","body-feminino-rose"
"0012606009370","5061","2026-06-18 07:54:24-03","1","8","Entregue","244.55","5061","956","Casaco Feminino Soft Laís","Casaco Feminino Soft Laís","2113","4615","2113P","P","45","Lançamentos","1","287.7","43.15","244.55","0","casaco-soft-lais"
"0012606434718","5062","2026-06-18 08:17:39-03","1","8","Entregue","1215.41","5062","1030","Camisete Feminina Roberta","Camisete Feminina Roberta","2121","4876","2121G","G","46","Mais Vendidos","1","247.7","12.38","235.32","10.2","camisete-feminina-roberta"
"0012606434718","5062","2026-06-18 08:17:39-03","1","8","Entregue","1215.41","5062","1092","T-Shirt Feminina Valentina","T-Shirt Feminina Valentina","2245","5134","2245G","G","45","Lançamentos","1","157.7","7.88","149.82","6.5","t-shirt-feminina-valentina"
"0012606434718","5062","2026-06-18 08:17:39-03","1","8","Entregue","1215.41","5062","1143","T-Shirt Feminina Galope","T-Shirt Galope","2331","5409","2331G","G","45","Lançamentos","1","157.7","7.88","149.82","6.5","t-shirt-feminina-galope"
"0012606434718","5062","2026-06-18 08:17:39-03","1","8","Entregue","1215.41","5062","1077","Blusa Feminina Grazi","Blusa Feminina Grazi","2231","5057","2231G","G","45","Lançamentos","1","157.7","7.88","149.82","6.49","blusa-feminina-grazi"
"0012606434718","5062","2026-06-18 08:17:39-03","1","8","Entregue","1215.41","5062","1076","Blusa Feminina Emanuely","Blusa Feminina Emanuely","2230","5052","2230G","G","45","Lançamentos","1","157.7","7.88","149.82","6.49","blusa-feminina-emanuely"
"0012606434718","5062","2026-06-18 08:17:39-03","1","8","Entregue","1215.41","5062","943","Vestido Feminino Emanuely","Vestido Feminino Emanuely","2201","4585","2201G","G","45","Lançamentos","1","347.7","17.38","330.32","14.31","vestido-feminino-emanuely"
"0012606570815","5063","2026-06-18 08:32:12-03","1","8","Entregue","244.55","5063","956","Casaco Feminino Soft Laís","Casaco Feminino Soft Laís","2113","4617","2113G","G","45","Lançamentos","1","287.7","43.15","244.55","0","casaco-soft-lais"
"0012606092136","5064","2026-06-18 13:36:51-03","1","8","Entregue","197.7","5064","1148","Collant Feminino Transpassado Zoe","Collant Feminino Transpassado Zoe","2342","5432","2342GG","GG","45","Lançamentos","1","197.7","0","197.7","0","collant-feminino-transpassado-zoe"
"0012606490365","5065","2026-06-18 17:46:33-03","1","8","Entregue","312.75","5065","990","Passador de Lenço Bridão Cabana","Passador de Lenço Bridão Cabana","2155","4778","2155U","Único","45","Lançamentos","1","59.8","5.98","53.82","0","passador-de-lenco-bridao-cabana"
"0012606490365","5065","2026-06-18 17:46:33-03","1","8","Entregue","312.75","5065","575","Calça Feminina  Boot Cut Corcel","Calça Feminina  Boot Cut Corcel","1779","2919","177936","36","8","Calça","1","287.7","28.77","258.93","0","calca-feminina-boot-cut-corcel"
"0012606822235","5066","2026-06-19 09:51:05-03","1","8","Entregue","517.86","5066","575","Calça Feminina  Boot Cut Corcel","Calça Feminina  Boot Cut Corcel","1779","2920","177938","38","8","Calça","1","287.7","28.77","258.93","0","calca-feminina-boot-cut-corcel"
"0012606822235","5066","2026-06-19 09:51:05-03","1","8","Entregue","517.86","5066","168","Calça Jeans Feminina Boot Cut Morgan ","Calça Jeans Feminina Boot Cut Morgan ","1260","675","126038","38","8","Calça","1","287.7","28.77","258.93","0","calca-jeans-feminina-boot-cut-morgan"
"0012606578403","5067","2026-06-19 14:54:43-03","1","8","Entregue","774.45","5067","807","Vestido Feminino Realeza ","Vestido Feminino Realeza ","1990","4093","1990P","P","39","Outlet","1","199.8","9.99","189.81","0","vestido-feminino-realeza"
"0012606578403","5067","2026-06-19 14:54:43-03","1","8","Entregue","774.45","5067","1086","Vestido Feminio Eliane","Vestido Feminio Eliane","2241","5107","2241P","P","45","Lançamentos","1","347.7","17.38","330.32","0","vestido-feminio-eliane"
"0012606578403","5067","2026-06-19 14:54:43-03","1","8","Entregue","774.45","5067","919","Saia Feminina Longa Marina","Saia Feminina Longa Marina","2078","4491","2078P","P","9","Saia","1","267.7","13.38","254.32","0","saia-feminina-longa-marina"
"0012606030452","5068","2026-06-20 09:36:24-03","1","8","Entregue","273.32","5068","956","Casaco Feminino Soft Laís","Casaco Feminino Soft Laís","2113","4617","2113G","G","45","Lançamentos","1","287.7","14.38","273.32","0","casaco-soft-lais"
"0012606439272","5069","2026-06-20 09:37:59-03","1","8","Entregue","740.79","5069","763","Chemise Feminina Bridão","Chemise Feminina Bridão","1944","3944","1944GG","GG","16","Camisete","1","267.7","26.77","240.93","0","chemise-feminina-bridao-1944"
"0012606439272","5069","2026-06-20 09:37:59-03","1","8","Entregue","740.79","5069","845","Camisete Feminina Roseli","Camisete Feminina Roseli","1980","4221","1980GG","GG","45","Lançamentos","1","267.7","26.77","240.93","0","camisete-feminina-roseli"
"0012606439272","5069","2026-06-20 09:37:59-03","1","8","Entregue","740.79","5069","1151","Casaco Moletom Feminino Maísa","Casaco Moletom Maísa","2345","5453","2345GG","GG","45","Lançamentos","1","287.7","28.77","258.93","0","casaco-moletom-feminino-maisa"
"0012606574800","5070","2026-06-20 11:22:28-03","1","8","Entregue","303.91","5070","1149","Calça Feminina Wide Leg Maísa","Calça Feminina Wide Leg Maísa","2346","5443","234634","34","45","Lançamentos","1","319.9","15.99","303.91","0","calca-feminina-wide-leg-maisa"
"0012606078311","5071","2026-06-22 18:11:52-03","1","8","Entregue","258.93","5071","575","Calça Feminina  Boot Cut Corcel","Calça Feminina  Boot Cut Corcel","1779","2919","177936","36","8","Calça","1","287.7","28.77","258.93","0","calca-feminina-boot-cut-corcel"
"0012606568137","5072","2026-06-22 21:31:40-03","1","8","Entregue","244.55","5072","1145","Casaco Soft Feminino Clarice","Casaco Soft Clarice","2339","5417","2339P","P","45","Lançamentos","1","287.7","43.15","244.55","0","casaco-soft-clarice"
"0012606929435","5073","2026-06-22 22:12:24-03","1","8","Entregue","253.05","5073","1127","Bombacha Feminina Xadrez Valentina","Bombacha Feminina Xadrez Valentina","2297","5324","229738","38","45","Lançamentos","1","297.7","44.65","253.05","0","bombacha-feminina-xadrez-valentina"
"0012606596806","5074","2026-06-23 08:10:04-03","3","8","Entregue","0","5074","1148","Collant Feminino Transpassado Zoe","Collant Feminino Transpassado Zoe","2342","5434","2342M","M","45","Lançamentos","1","197.7","0","197.7","0","collant-feminino-transpassado-zoe"
"0012606596806","5074","2026-06-23 08:10:04-03","3","8","Entregue","0","5074","973","Casaco Feminino Soft Alongado Ayla","Casaco Feminino Soft Alongado Ayla","2097","4701","2097P","P","45","Lançamentos","1","287.7","0","287.7","0","casaco-feminino-soft-alongado-ayla-2097"
"0012606523643","5075","2026-06-23 11:09:43-03","1","8","Entregue","273.32","5075","969","Casaco Feminino Soft Danúbia","Casaco Feminino Soft Danúbia","2114","4684","2114M","M","45","Lançamentos","1","287.7","14.38","273.32","0","casaco-feminino-soft-danubia"
"0012606973797","5076","2026-06-23 11:23:54-03","3","8","Entregue","0","5076","292","Calça Feminina Montaria Alice","Calça Feminina Montaria Alice","1537","1409","1537G","G","46","Mais Vendidos","1","209.9","10.49","199.41","0","calca-feminina-montaria-alice"
"0012606973797","5076","2026-06-23 11:23:54-03","3","8","Entregue","0","5076","1106","Calça Feminina Montaria Andreza","Calça Montaria Andreza","2252","5212","2252G","G","45","Lançamentos","1","209.9","10.49","199.41","0","calca-montaria-andreza"
"0012606973797","5076","2026-06-23 11:23:54-03","3","8","Entregue","0","5076","1142","Casaco Soft Feminino Jade","Casaco Soft Feminino Jade","2333","5403","2333G","G","45","Lançamentos","1","287.7","14.38","273.32","0","casaco-soft-feminino-jade"
"0012606818916","5077","2026-06-24 10:55:42-03","1","8","Entregue","323","5077","956","Casaco Feminino Soft Laís","Casaco Feminino Soft Laís","2113","4615","2113P","P","45","Lançamentos","1","287.7","14.38","273.32","49.68","casaco-soft-lais"
"0012606608891","5078","2026-06-25 09:07:59-03","1","8","Entregue","264.26","5078","956","Casaco Feminino Soft Laís","Casaco Feminino Soft Laís","2113","4615","2113P","P","45","Lançamentos","1","287.7","43.15","244.55","19.71","casaco-soft-lais"
"0012606714823","5079","2026-06-25 12:30:14-03","1","2","Cancelado","287.7","5079","575","Calça Feminina  Boot Cut Corcel","Calça Feminina  Boot Cut Corcel","1779","2923","177944","44","8","Calça","1","287.7","0","287.7","0","calca-feminina-boot-cut-corcel"
"0012606716821","5080","2026-06-25 14:33:39-03","1","8","Entregue","253.05","5080","958","Bombacha Feminina Xadrez Joana","Bombacha Feminina Xadrez Joana","2093","4626","209336","36","45","Lançamentos","1","297.7","44.65","253.05","0","bombacha-feminina-xadrez-joana"
"0012606062497","5081","2026-06-26 15:42:47-03","1","8","Entregue","273.32","5081","957","Casaco Feminino Soft Maya","Casaco Feminino Soft Maya","2115","4621","2115M","M","45","Lançamentos","1","287.7","14.38","273.32","0","casaco-feminino-soft-maya"
"0012606282694","5082","2026-06-29 14:21:28-03","1","8","Entregue","258.93","5082","956","Casaco Feminino Soft Laís","Casaco Feminino Soft Laís","2113","4617","2113G","G","45","Lançamentos","1","287.7","28.77","258.93","0","casaco-soft-lais"
"0012606189959","5083","2026-06-29 17:11:59-03","1","8","Entregue","258.93","5083","1151","Casaco Moletom Feminino Maísa","Casaco Moletom Maísa","2345","5450","2345P","P","45","Lançamentos","1","287.7","28.77","258.93","0","casaco-moletom-feminino-maisa"
"0012606101294","5084","2026-06-29 17:51:26-03","1","8","Entregue","258.93","5084","575","Calça Feminina  Boot Cut Corcel","Calça Feminina  Boot Cut Corcel","1779","2920","177938","38","8","Calça","1","287.7","28.77","258.93","0","calca-feminina-boot-cut-corcel"
"0012606373705","5085","2026-06-30 08:07:25-03","3","8","Entregue","556.61","5085","1094","Calça Skinny Feminina Cabana Basic","Calça Skinny Feminina Cabana Basic","2251","5149","225136","36","45","Lançamentos","1","257.7","12.88","244.82","13.45","calca-skinny-feminina-cabana-basic"
"0012606373705","5085","2026-06-30 08:07:25-03","3","8","Entregue","556.61","5085","871","Bombacha Feminina Linho Black","Bombacha Feminina Linho Black","2050","4326","205036","36","45","Lançamentos","1","297.7","14.88","282.82","15.52","bombacha-feminina-linho-black"
"0012606571283","5086","2026-06-30 19:55:39-03","1","2","Cancelado","147.63","5086","841","Vestido Feminino Letícia","Vestido Feminino Letícia","1982","4203","1982M","M","39","Outlet","1","155.4","7.77","147.63","0","vestido-feminino-leticia"
"0012607945457","5087","2026-07-01 07:59:56-03","3","8","Entregue","0","5087","1156","Camisete Xadrez Feminina Aurora","Camisete Xadrez Feminina Aurora","2318","5471","2318G","G","45","Lançamentos","1","277.7","0","277.7","0","camisete-xadrez-feminina-aurora"
"0012607242207","5088","2026-07-01 08:31:47-03","1","8","Entregue","395.6","5088","867","Saia Feminina Melissa","Saia Feminina Melissa","2030","4303","2030G","G","45","Lançamentos","1","277.7","41.65","236.05","0","saia-feminina-melissa"
"0012607242207","5088","2026-07-01 08:31:47-03","1","8","Entregue","395.6","5088","868","Blusa Feminina Melissa","Blusa Feminina Melissa","2031","4308","2031G","G","45","Lançamentos","1","187.7","28.15","159.55","0","blusa-feminina-melissa"
"0012607411948","5089","2026-07-01 12:21:40-03","1","8","Entregue","168.05","5089","1140","Collant Transpassado Feminino Marrom","Collant Transpassado Feminino Marrom","2327","5393","2327G","G","45","Lançamentos","1","197.7","29.65","168.05","0","collant-transpassado-feminino-marrom"
"0012607338777","5090","2026-07-01 21:20:15-03","1","8","Entregue","546.84","5090","1149","Calça Feminina Wide Leg Maísa","Calça Feminina Wide Leg Maísa","2346","5443","234634","34","45","Lançamentos","1","319.9","31.99","287.91","0","calca-feminina-wide-leg-maisa"
"0012607338777","5090","2026-07-01 21:20:15-03","1","8","Entregue","546.84","5090","575","Calça Feminina  Boot Cut Corcel","Calça Feminina  Boot Cut Corcel","1779","4300","177934","34","8","Calça","1","287.7","28.77","258.93","0","calca-feminina-boot-cut-corcel"
"0012607792734","5091","2026-07-02 07:47:22-03","1","8","Entregue","258.93","5091","575","Calça Feminina  Boot Cut Corcel","Calça Feminina  Boot Cut Corcel","1779","2921","177940","40","8","Calça","1","287.7","28.77","258.93","0","calca-feminina-boot-cut-corcel"
"0012607565990","5092","2026-07-02 13:48:59-03","1","8","Entregue","244.55","5092","1129","Calça Feminina Wide Leg Cecília","Calça Feminina Wide Leg Cecília","2289","5334","228942","42","45","Lançamentos","1","287.7","43.15","244.55","0","calca-feminina-wide-leg-cecilia"
"0012607691329","5093","2026-07-02 22:19:47-03","1","8","Entregue","279.14","5093","1030","Camisete Feminina Roberta","Camisete Feminina Roberta","2121","4877","2121GG","GG","46","Mais Vendidos","1","247.7","0","247.7","31.44","camisete-feminina-roberta"
"0012607245425","5094","2026-07-04 18:11:46-03","1","8","Entregue","659.79","5094","575","Calça Feminina  Boot Cut Corcel","Calça Feminina  Boot Cut Corcel","1779","2923","177944","44","8","Calça","1","287.7","28.77","258.93","0","calca-feminina-boot-cut-corcel"
"0012607245425","5094","2026-07-04 18:11:46-03","1","8","Entregue","659.79","5094","933","Calça Feminina Boot Cut Dani","Calça Feminina Boot Cut Dani","2092","4558","209244","44","45","Lançamentos","1","287.7","28.77","258.93","0","calca-feminina-boot-cut-dani"
"0012607245425","5094","2026-07-04 18:11:46-03","1","8","Entregue","659.79","5094","1025","T-Shirt Feminina Carolina","T-Shirt Feminina Carolina","2154","4852","2154GG","GG","45","Lançamentos","1","157.7","15.77","141.93","0","t-shirt-feminina-carolina"
"0012607670055","5095","2026-07-06 11:51:35-03","3","8","Entregue","546.64","5095","570","Casaco Feminino Soft Cute","Casaco Feminino soft cute","1756","2900","1756GPRETO","Preto - G","13","Jaqueta","1","287.7","14.38","273.32","0","casaco-feminino-soft-cute-1756"
"0012607670055","5095","2026-07-06 11:51:35-03","3","8","Entregue","546.64","5095","956","Casaco Feminino Soft Laís","Casaco Feminino Soft Laís","2113","4617","2113G","G","45","Lançamentos","1","287.7","14.38","273.32","0","casaco-soft-lais"
"0012607929660","5096","2026-07-06 14:19:17-03","1","2","Cancelado","244.55","5096","575","Calça Feminina  Boot Cut Corcel","Calça Feminina  Boot Cut Corcel","1779","2920","177938","38","8","Calça","1","287.7","43.15","244.55","0","calca-feminina-boot-cut-corcel"
"0012607184375","5097","2026-07-06 16:02:00-03","1","8","Entregue","263.82","5097","1155","Camisete Feminina Croco Theodora","Camisete Feminina Theodora","2329","5467","2329M","M","45","Lançamentos","1","277.7","13.88","263.82","0","camisete-feminina-croco-theodora"
"0012607980960","5098","2026-07-07 14:42:50-03","3","8","Entregue","307.96","5098","1125","Bombacha Feminina Xadrez Ana","Bombacha Feminina Xadrez Ana","2294","5314","229434","34","45","Lançamentos","1","297.7","14.88","282.82","25.14","bombacha-feminina-xadrez-ana"
"0012607097186","5099","2026-07-07 15:37:41-03","3","8","Entregue","0","5099","955","Casaco Soft Meio Zíper Alana","Casaco Soft Meio Zíper Alana","2112","4613","2112P","P","45","Lançamentos","1","287.7","0","287.7","0","casaco-soft-meio-ziper-alana"
"0012607996996","5100","2026-07-09 17:14:36-03","1","8","Entregue","377.7","5100","1132","Jaqueta Feminina Cowgirl","Jaqueta Feminina Cowgirl","2315","5354","2315M","M","45","Lançamentos","1","377.7","0","377.7","0","jaqueta-feminina-cowgirl"
"0012607887412","5101","2026-07-09 20:11:43-03","1","8","Entregue","236.05","5101","1158","Camisete Feminina Croco Tamara","Camisete Feminina Croco Tamara","2328","5483","2328GG","GG","45","Lançamentos","1","277.7","41.65","236.05","0","camisete-feminina-croco-tamara"
"0012607442316","5102","2026-07-11 16:11:23-03","1","8","Entregue","273.32","5102","575","Calça Feminina  Boot Cut Corcel","Calça Feminina  Boot Cut Corcel","1779","2923","177944","44","8","Calça","1","287.7","14.38","273.32","0","calca-feminina-boot-cut-corcel"
"0012607937476","5103","2026-07-11 19:31:02-03","1","8","Entregue","168.05","5103","1140","Collant Transpassado Feminino Marrom","Collant Transpassado Feminino Marrom","2327","5394","2327M","M","45","Lançamentos","1","197.7","29.65","168.05","0","collant-transpassado-feminino-marrom"
"0012607928523","5104","2026-07-11 21:36:09-03","1","8","Entregue","420.84","5104","871","Bombacha Feminina Linho Black","Bombacha Feminina Linho Black","2050","4322","205044","44","45","Lançamentos","1","297.7","29.77","267.93","0","bombacha-feminina-linho-black"
"0012607928523","5104","2026-07-11 21:36:09-03","1","8","Entregue","420.84","5104","872","Colete Feminino Linho Black","Colete Feminino Linho Black","2049","4330","2049G","G","45","Lançamentos","1","169.9","16.99","152.91","0","colete-feminino-linho-black"
"0012607241491","5105","2026-07-13 10:15:33-03","3","8","Entregue","0","5105","990","Passador de Lenço Bridão Cabana","Passador de Lenço Bridão Cabana","2155","4778","2155U","Único","45","Lançamentos","1","59.8","0","59.8","0","passador-de-lenco-bridao-cabana"
"0012607907123","5106","2026-07-15 15:15:10-03","1","8","Entregue","244.55","5106","956","Casaco Feminino Soft Laís","Casaco Feminino Soft Laís","2113","4615","2113P","P","45","Lançamentos","1","287.7","43.15","244.55","0","casaco-soft-lais"
"0012607009370","5107","2026-07-15 15:26:26-03","1","8","Entregue","287.31","5107","1158","Camisete Feminina Croco Tamara","Camisete Feminina Croco Tamara","2328","5481","2328M","M","45","Lançamentos","1","277.7","13.88","263.82","23.49","camisete-feminina-croco-tamara"
"0012607434718","5108","2026-07-15 16:54:28-03","3","8","Entregue","0","5108","1144","Jaqueta Feminina Melissa","Jaqueta Feminina Melissa","2302","5414","2302M","M","45","Lançamentos","1","299.9","59.98","239.92","0","jaqueta-feminina-melissa"
"0012607570815","5109","2026-07-16 21:45:17-03","1","8","Entregue","607.68","5109","707","Bombacha Feminina Grazi","Bombacha Feminina Grazi","1898","3679","189844","44","8","Calça","1","297.7","29.77","267.93","0","bombacha-feminina-grazi"
"0012607570815","5109","2026-07-16 21:45:17-03","1","8","Entregue","607.68","5109","1166","Colete xadrez Joana","Colete xadrez Joana","2278","5529","2278G","G","39","Outlet","1","79.8","7.98","71.82","0","colete-xadrez-joana"
"0012607570815","5109","2026-07-16 21:45:17-03","1","8","Entregue","607.68","5109","1127","Bombacha Feminina Xadrez Valentina","Bombacha Feminina Xadrez Valentina","2297","5321","229744","44","45","Lançamentos","1","297.7","29.77","267.93","0","bombacha-feminina-xadrez-valentina"
"0012607092136","5110","2026-07-16 21:56:42-03","1","8","Entregue","152.83","5110","890","Vestido Moletom Feminino Rafaela","Vestido Moletom Feminino Rafaela","2053","4387","2053P","P","39","Outlet","1","179.8","26.97","152.83","0","vestido-moletom-feminino-rafaela"
"0012607490365","5111","2026-07-16 23:59:54-03","1","8","Entregue","287.7","5111","575","Calça Feminina  Boot Cut Corcel","Calça Feminina  Boot Cut Corcel","1779","2922","177942","42","8","Calça","1","287.7","0","287.7","0","calca-feminina-boot-cut-corcel"
"0012607822235","5112","2026-07-17 06:18:12-03","1","8","Entregue","134.05","5112","744","Cropped Feminino Núbia","Cropped  Feminino Núbia","1928","3870","1928M","M","6","Manga curta","1","157.7","23.65","134.05","0","cropped-feminino-nubia"
"0012607578403","5113","2026-07-17 09:34:41-03","3","8","Entregue","0","5113","1127","Bombacha Feminina Xadrez Valentina","Bombacha Feminina Xadrez Valentina","2297","5323","229740","40","45","Lançamentos","1","297.7","0","297.7","0","bombacha-feminina-xadrez-valentina"
"0012607030452","5114","2026-07-20 09:18:09-03","1","7","Transporte","263.82","5114","1135","Saia Feminina Grazi","Saia Feminina Grazi","2307","5368","2307M","M","9","Saia","1","277.7","13.88","263.82","0","saia-feminina-grazi"
"0012607439272","5115","2026-07-20 10:04:15-03","3","8","Entregue","0","5115","1077","Blusa Feminina Grazi","Blusa Feminina Grazi","2231","5057","2231G","G","45","Lançamentos","1","157.7","0","157.7","0","blusa-feminina-grazi"
"0012607439272","5115","2026-07-20 10:04:15-03","3","8","Entregue","0","5115","173","Blusa Feminina Neblina","Blusa Feminina Neblina","1127","716","1127G","G","1","Feminino","1","147.7","0","147.7","0","blusa-feminina-neblina"
"0012607439272","5115","2026-07-20 10:04:15-03","3","8","Entregue","0","5115","1083","T-Shirt Feminina Sophia","T-Shirt Feminina Sophia","2238","5090","2238G","G","45","Lançamentos","1","157.7","0","157.7","0","t-shirt-feminina-sophia"
"0012607439272","5115","2026-07-20 10:04:15-03","3","8","Entregue","0","5115","1076","Blusa Feminina Emanuely","Blusa Feminina Emanuely","2230","5052","2230G","G","45","Lançamentos","1","157.7","0","157.7","0","blusa-feminina-emanuely"
"0012607439272","5115","2026-07-20 10:04:15-03","3","8","Entregue","0","5115","978","Regata Feminina Modeladora Zoe","Regata Feminina Modeladora Zoe","2145","4726","2145GG","GG","45","Lançamentos","1","167.7","0","167.7","0","regata-feminina-modeladora-zoe"
"0012607439272","5115","2026-07-20 10:04:15-03","3","8","Entregue","0","5115","619","Regata Feminina Modeladora Luna","Regata Feminina Modeladora Luna","1805","3172","1805GG","GG","48","Verão 2024","1","167.7","0","167.7","0","regata-modeladora-luna"
"0012607574800","5116","2026-07-20 16:28:23-03","3","7","Transporte","100","5116","570","Casaco Feminino Soft Cute","Casaco Feminino soft cute","1756","2901","1756GGPRETO","Preto - GG","13","Jaqueta","1","287.7","187.7","100","0","casaco-feminino-soft-cute-1756"
"0012607078311","5117","2026-07-21 08:07:50-03","3","7","Transporte","149.9","5117","1167","COBREDOM CABANA","COBREDOM CABANA","2344","5532","2344U","Único","15","Inverno 2020","1","149.9","0","149.9","0","cobredom-cabana-unico"
"0012607568137","5118","2026-07-21 10:48:38-03","1","2","Cancelado","199.6","5118","665","Vestido Feminino Lavínia","Vestido Feminino Lavínia","1861","3434","1861GG","GG","39","Outlet","1","199.6","0","199.6","0","vestido-feminino-lavinia"
"0012607929435","5119","2026-07-21 10:51:05-03","1","8","Entregue","199.6","5119","665","Vestido Feminino Lavínia","Vestido Feminino Lavínia","1861","3434","1861GG","GG","39","Outlet","1","199.6","0","199.6","0","vestido-feminino-lavinia"
"0012607596806","5120","2026-07-21 20:57:32-03","1","7","Transporte","152.83","5120","890","Vestido Moletom Feminino Rafaela","Vestido Moletom Feminino Rafaela","2053","4386","2053M","M","39","Outlet","1","179.8","26.97","152.83","0","vestido-moletom-feminino-rafaela"
"0012607523643","5121","2026-07-22 11:54:51-03","1","7","Transporte","438.75","5121","1168","Vestido Feminino Babado Alícia","Vestido Feminino Babado Alícia","2354","5536","2354M","M","45","Lançamentos","1","387.7","38.77","348.93","0","vestido-feminino-babado-alicia"
"0012607523643","5121","2026-07-22 11:54:51-03","1","7","Transporte","438.75","5121","425","Blusa Feminina  Campo Primavera Canelada","Blusa Feminina Campo Primavera Canelada","1658","2174","1658P","P","39","Outlet","1","99.8","9.98","89.82","0","blusa-feminina-campo-primavera-canelada"
"0012607973797","5122","2026-07-22 23:05:05-03","1","7","Transporte","276.23","5122","1145","Casaco Soft Feminino Clarice","Casaco Soft Clarice","2339","5419","2339G","G","45","Lançamentos","1","287.7","43.15","244.55","31.68","casaco-soft-clarice"
"0012607818916","5123","2026-07-23 12:45:34-03","1","2","Cancelado","377.7","5123","576","Jaqueta Feminina Maxi Ônix","Jaqueta Feminina Max Ônix","1780","2925","1780P","P","46","Mais Vendidos","1","377.7","0","377.7","0","jaqueta-feminina-max-onix"
"0012607608891","5124","2026-07-23 12:46:49-03","1","2","Cancelado","377.7","5124","576","Jaqueta Feminina Maxi Ônix","Jaqueta Feminina Max Ônix","1780","2925","1780P","P","46","Mais Vendidos","1","377.7","0","377.7","0","jaqueta-feminina-max-onix"
"0012607714823","5125","2026-07-23 14:45:36-03","1","7","Transporte","377.7","5125","576","Jaqueta Feminina Maxi Ônix","Jaqueta Feminina Max Ônix","1780","2925","1780P","P","46","Mais Vendidos","1","377.7","0","377.7","0","jaqueta-feminina-max-onix"
"0012607716821","5126","2026-07-24 08:52:16-03","3","7","Transporte","440.1","5126","707","Bombacha Feminina Grazi","Bombacha Feminina Grazi","1898","3674","189834","34","8","Calça","1","297.7","59.54","238.16","16.05","bombacha-feminina-grazi"
"0012607716821","5126","2026-07-24 08:52:16-03","3","7","Transporte","440.1","5126","167","Calça Skinny Feminina Carrossel","Calça Skinny Feminina Carrossel","1151","666","115134","34","8","Calça","1","217.7","43.54","174.16","11.73","calca-skinny-feminina-carrossel"
"0012607062497","5127","2026-07-24 12:11:16-03","1","7","Transporte","236.05","5127","1136","Saia Feminina Alícia","Saia Feminina Alícia","2308","5372","2308P","P","9","Saia","1","277.7","41.65","236.05","0","saia-feminina-alicia"
